ISO-10303-21;
HEADER;
FILE_DESCRIPTION (( 'STEP AP214' ),
    '1' );
FILE_NAME ('TCRT5000mod.STEP',
    '2024-07-02T09:14:22',
    ( '' ),
    ( '' ),
    'SwSTEP 2.0',
    'SolidWorks 2023',
    '' );
FILE_SCHEMA (( 'AUTOMOTIVE_DESIGN' ));
ENDSEC;

DATA;
#1 = DIRECTION ( 'NONE',  ( -0.7948213974508175905, -0.1868839554937651859, 0.5773502691896262862 ) ) ;
#2 = CARTESIAN_POINT ( 'NONE',  ( -7.775095313951649878, -23.20842673966942371, 9.999999999999285905 ) ) ;
#3 = ORIENTED_EDGE ( 'NONE', *, *, #3043, .T. ) ;
#4 = LINE ( 'NONE', #3329, #4068 ) ;
#5 = LINE ( 'NONE', #1431, #3243 ) ;
#6 = CYLINDRICAL_SURFACE ( 'NONE', #837, 0.5000000000000024425 ) ;
#7 = EDGE_CURVE ( 'NONE', #4860, #133, #3671, .T. ) ;
#8 = ORIENTED_EDGE ( 'NONE', *, *, #3572, .F. ) ;
#9 = ORIENTED_EDGE ( 'NONE', *, *, #23, .F. ) ;
#10 = LINE ( 'NONE', #4882, #2693 ) ;
#11 = CARTESIAN_POINT ( 'NONE',  ( -9.103223674036984292, -5.599616786807347424, 5.098297620505067407 ) ) ;
#12 = ORIENTED_EDGE ( 'NONE', *, *, #3097, .T. ) ;
#13 = ORIENTED_EDGE ( 'NONE', *, *, #207, .T. ) ;
#14 = FACE_OUTER_BOUND ( 'NONE', #305, .T. ) ;
#15 = CARTESIAN_POINT ( 'NONE',  ( -0.9814279630502732443, 0.1080070340725629435, 3.000000000000006217 ) ) ;
#16 = EDGE_CURVE ( 'NONE', #1540, #3433, #4339, .T. ) ;
#17 = DIRECTION ( 'NONE',  ( -0.5264892686465411087, -0.8501817746811739518, 0.000000000000000000 ) ) ;
#18 = LINE ( 'NONE', #4551, #3074 ) ;
#19 = VERTEX_POINT ( 'NONE', #2850 ) ;
#20 = CARTESIAN_POINT ( 'NONE',  ( -8.295729324813823524, -12.65290968806397842, 6.499999999999320544 ) ) ;
#21 = DIRECTION ( 'NONE',  ( 1.671232596756055639E-14, -1.669169295443039344E-14, 1.000000000000000000 ) ) ;
#22 = CARTESIAN_POINT ( 'NONE',  ( -3.087385037636440455, -3.292720064652131740, 2.500000000000006217 ) ) ;
#23 = EDGE_CURVE ( 'NONE', #1864, #3009, #942, .T. ) ;
#24 = CARTESIAN_POINT ( 'NONE',  ( -9.140838155855027125, -5.660357145272730151, 3.600000000000031175 ) ) ;
#25 = CARTESIAN_POINT ( 'NONE',  ( 2.201903265168275947, -25.85819265126312771, 1.499999999999902967 ) ) ;
#26 = CARTESIAN_POINT ( 'NONE',  ( -0.8683311644743036961, -1.608736719127761283, 8.499999999999845457 ) ) ;
#27 = VECTOR ( 'NONE', #2526, 1000.000000000000000 ) ;
#28 = AXIS2_PLACEMENT_3D ( 'NONE', #2035, #3229, #1336 ) ;
#29 = EDGE_LOOP ( 'NONE', ( #1784, #1929, #3703, #4236 ) ) ;
#30 = ORIENTED_EDGE ( 'NONE', *, *, #59, .T. ) ;
#31 = EDGE_CURVE ( 'NONE', #895, #1864, #596, .T. ) ;
#32 = VERTEX_POINT ( 'NONE', #222 ) ;
#33 = DIRECTION ( 'NONE',  ( 0.8501817746811739518, -0.5264892686465409977, -6.304819211771186701E-15 ) ) ;
#34 = DIRECTION ( 'NONE',  ( 5.303160305621901569E-15, -3.411596548465760882E-15, 1.000000000000000000 ) ) ;
#35 = ORIENTED_EDGE ( 'NONE', *, *, #3573, .T. ) ;
#36 = DIRECTION ( 'NONE',  ( 0.5264892686465397764, 0.8501817746811747289, 0.000000000000000000 ) ) ;
#37 = ORIENTED_EDGE ( 'NONE', *, *, #4636, .T. ) ;
#38 = LINE ( 'NONE', #2644, #864 ) ;
#39 = DIRECTION ( 'NONE',  ( 0.8501817746811739518, -0.5264892686465411087, -6.304819211771187490E-15 ) ) ;
#40 = DIRECTION ( 'NONE',  ( -6.277507446913874559E-15, -2.211221068853061198E-14, 1.000000000000000000 ) ) ;
#41 = AXIS2_PLACEMENT_3D ( 'NONE', #4355, #4402, #2054 ) ;
#42 = ADVANCED_FACE ( 'NONE', ( #3252 ), #2097, .F. ) ;
#43 = CARTESIAN_POINT ( 'NONE',  ( -0.9814279630502649177, 0.1080070340725579475, 4.500000000000005329 ) ) ;
#44 = VERTEX_POINT ( 'NONE', #3617 ) ;
#45 = CARTESIAN_POINT ( 'NONE',  ( -2.034406500343355351, -1.592356515289785390, 3.000000000000006661 ) ) ;
#46 = VECTOR ( 'NONE', #370, 1000.000000000000114 ) ;
#47 = LINE ( 'NONE', #1554, #4220 ) ;
#48 = CARTESIAN_POINT ( 'NONE',  ( -0.4863167326165920290, 5.212008765958072942, 5.399999999999881339 ) ) ;
#49 = DIRECTION ( 'NONE',  ( 6.277507446913874559E-15, 2.211221068853061198E-14, -1.000000000000000000 ) ) ;
#50 = DIRECTION ( 'NONE',  ( -1.000000000000000000, 0.000000000000000000, 5.131914062964833784E-15 ) ) ;
#51 = CARTESIAN_POINT ( 'NONE',  ( 1.262673961550951462, 11.42638000858819325, 5.399999999999945288 ) ) ;
#52 = EDGE_CURVE ( 'NONE', #3993, #317, #1726, .T. ) ;
#53 = ORIENTED_EDGE ( 'NONE', *, *, #1595, .F. ) ;
#54 = EDGE_LOOP ( 'NONE', ( #2177, #200, #4185, #875 ) ) ;
#55 = ORIENTED_EDGE ( 'NONE', *, *, #1903, .T. ) ;
#56 = EDGE_CURVE ( 'NONE', #2227, #1288, #2872, .T. ) ;
#57 = EDGE_CURVE ( 'NONE', #527, #677, #1377, .T. ) ;
#58 = FACE_BOUND ( 'NONE', #3181, .T. ) ;
#59 = EDGE_CURVE ( 'NONE', #317, #3479, #1014, .T. ) ;
#60 = CARTESIAN_POINT ( 'NONE',  ( -2.309361650235403296, -24.82884505520361884, 5.249999999999250377 ) ) ;
#61 = ORIENTED_EDGE ( 'NONE', *, *, #2467, .T. ) ;
#62 = DIRECTION ( 'NONE',  ( 5.377642775528102782E-15, -3.469446951953614583E-15, 1.000000000000000000 ) ) ;
#63 = EDGE_LOOP ( 'NONE', ( #3026, #1408 ) ) ;
#64 = AXIS2_PLACEMENT_3D ( 'NONE', #2575, #4095, #406 ) ;
#65 = FACE_OUTER_BOUND ( 'NONE', #4069, .T. ) ;
#66 = LINE ( 'NONE', #3018, #2113 ) ;
#67 = DIRECTION ( 'NONE',  ( 0.8501817746811738408, -0.5264892686465411087, -6.304819211771186701E-15 ) ) ;
#68 = CIRCLE ( 'NONE', #2827, 0.5000000000000028866 ) ;
#69 = VECTOR ( 'NONE', #2862, 1000.000000000000000 ) ;
#70 = AXIS2_PLACEMENT_3D ( 'NONE', #4051, #3256, #678 ) ;
#71 = CARTESIAN_POINT ( 'NONE',  ( 4.768451322556455985, -2.952943151869915628, -3.403640501566665425E-14 ) ) ;
#72 = CARTESIAN_POINT ( 'NONE',  ( -3.584634312257145350, -24.03911115223381856, 8.749999999999259259 ) ) ;
#73 = VECTOR ( 'NONE', #1558, 999.9999999999998863 ) ;
#74 = DIRECTION ( 'NONE',  ( 0.5264892686465441063, 0.8501817746811719534, -0.000000000000000000 ) ) ;
#75 = FACE_OUTER_BOUND ( 'NONE', #4219, .T. ) ;
#76 = VECTOR ( 'NONE', #4489, 999.9999999999998863 ) ;
#77 = VECTOR ( 'NONE', #2646, 1000.000000000000114 ) ;
#78 = DIRECTION ( 'NONE',  ( 1.671232596756055639E-14, -1.669169295443039344E-14, 1.000000000000000000 ) ) ;
#79 = AXIS2_PLACEMENT_3D ( 'NONE', #1642, #2368, #3162 ) ;
#80 =( LENGTH_UNIT ( ) NAMED_UNIT ( * ) SI_UNIT ( .MILLI., .METRE. ) );
#81 = LINE ( 'NONE', #1191, #73 ) ;
#82 = LINE ( 'NONE', #4587, #757 ) ;
#83 = EDGE_CURVE ( 'NONE', #2188, #746, #2180, .T. ) ;
#84 = VERTEX_POINT ( 'NONE', #2952 ) ;
#85 = ORIENTED_EDGE ( 'NONE', *, *, #1087, .F. ) ;
#86 = PRODUCT_DEFINITION_CONTEXT ( 'detailed design', #4897, 'design' ) ;
#87 = CARTESIAN_POINT ( 'NONE',  ( -7.870638437473235882, -12.91615432238724814, 6.499999999999316991 ) ) ;
#88 = FACE_OUTER_BOUND ( 'NONE', #3054, .T. ) ;
#89 = VERTEX_POINT ( 'NONE', #695 ) ;
#90 = EDGE_CURVE ( 'NONE', #2029, #2100, #4, .T. ) ;
#91 = ADVANCED_FACE ( 'NONE', ( #377 ), #3695, .T. ) ;
#92 = DIRECTION ( 'NONE',  ( 5.223765993914779840E-15, -3.090859079856868748E-15, 1.000000000000000000 ) ) ;
#93 = ORIENTED_EDGE ( 'NONE', *, *, #3496, .T. ) ;
#94 = CARTESIAN_POINT ( 'NONE',  ( -11.17582241267635901, -21.10246966508323752, 6.999999999999309885 ) ) ;
#95 = B_SPLINE_CURVE_WITH_KNOTS ( 'NONE', 3,
 ( #805, #4594, #3414, #11 ),
 .UNSPECIFIED., .F., .F.,
 ( 4, 4 ),
 ( 0.000000000000000000, 1.000000000000000000 ),
 .UNSPECIFIED. ) ;
#96 = CARTESIAN_POINT ( 'NONE',  ( -8.295729324813780892, -12.65290968806398553, 12.49999999999932498 ) ) ;
#97 = CARTESIAN_POINT ( 'NONE',  ( -7.906452206965992602, -4.616741502202782677, 3.348297620505063854 ) ) ;
#98 = ADVANCED_FACE ( 'NONE', ( #4463 ), #1883, .F. ) ;
#99 = ORIENTED_EDGE ( 'NONE', *, *, #4651, .T. ) ;
#100 = FACE_BOUND ( 'NONE', #2496, .T. ) ;
#101 = DIRECTION ( 'NONE',  ( 6.277507446913877714E-15, 2.211221068853061513E-14, -1.000000000000000000 ) ) ;
#102 = EDGE_CURVE ( 'NONE', #3507, #753, #2974, .T. ) ;
#103 = CARTESIAN_POINT ( 'NONE',  ( 0.6916392793486028090, 5.658758875256995502, 1.563000190635749474E-14 ) ) ;
#104 = ADVANCED_FACE ( 'NONE', ( #2654 ), #1512, .F. ) ;
#105 = DIRECTION ( 'NONE',  ( -0.8501817746811739518, 0.5264892686465409977, 6.304819211771186701E-15 ) ) ;
#106 = VECTOR ( 'NONE', #2775, 999.9999999999998863 ) ;
#107 = PLANE ( 'NONE',  #2769 ) ;
#108 = CARTESIAN_POINT ( 'NONE',  ( -0.9814279630502382723, 0.1080070340725413081, 9.499999999999326761 ) ) ;
#109 = CARTESIAN_POINT ( 'NONE',  ( -12.71433970902141652, -20.73782664945399645, 1.499999999999999778 ) ) ;
#110 = ORIENTED_EDGE ( 'NONE', *, *, #3529, .F. ) ;
#111 = ORIENTED_EDGE ( 'NONE', *, *, #1347, .F. ) ;
#112 = VERTEX_POINT ( 'NONE', #4853 ) ;
#113 = FACE_OUTER_BOUND ( 'NONE', #1307, .T. ) ;
#114 = ORIENTED_EDGE ( 'NONE', *, *, #3466, .F. ) ;
#115 = ORIENTED_EDGE ( 'NONE', *, *, #4557, .T. ) ;
#116 = VECTOR ( 'NONE', #1973, 999.9999999999998863 ) ;
#117 = PLANE ( 'NONE',  #4234 ) ;
#118 = DIRECTION ( 'NONE',  ( -0.8501817746811738408, 0.5264892686465409977, 6.304819211771186701E-15 ) ) ;
#119 = DIRECTION ( 'NONE',  ( -0.5264892686465409977, -0.8501817746811739518, 0.000000000000000000 ) ) ;
#120 = EDGE_CURVE ( 'NONE', #2010, #1386, #3027, .T. ) ;
#121 = ORIENTED_EDGE ( 'NONE', *, *, #4411, .T. ) ;
#122 = DIRECTION ( 'NONE',  ( -0.5264892686465411087, -0.8501817746811739518, 1.181005937885996324E-16 ) ) ;
#123 = LINE ( 'NONE', #4288, #2599 ) ;
#124 = ADVANCED_FACE ( 'NONE', ( #1429 ), #1093, .F. ) ;
#125 = CYLINDRICAL_SURFACE ( 'NONE', #806, 1.784839758362283479 ) ;
#126 = DIRECTION ( 'NONE',  ( -0.5264892686465409977, -0.8501817746811739518, -3.572037125997746721E-16 ) ) ;
#127 = CARTESIAN_POINT ( 'NONE',  ( 1.857801203827772030, 11.05783752053561031, 5.399999999999940847 ) ) ;
#128 = VECTOR ( 'NONE', #2533, 999.9999999999998863 ) ;
#129 = DIRECTION ( 'NONE',  ( 4.163336342344336238E-15, -4.163336342344336238E-15, 1.000000000000000000 ) ) ;
#130 = CARTESIAN_POINT ( 'NONE',  ( -7.870638437473216342, -12.91615432238726058, 9.999999999999317879 ) ) ;
#131 = DIRECTION ( 'NONE',  ( -0.8501817746811739518, 0.5264892686465411087, 6.381590766241915839E-15 ) ) ;
#132 = ORIENTED_EDGE ( 'NONE', *, *, #1904, .F. ) ;
#133 = VERTEX_POINT ( 'NONE', #4173 ) ;
#134 = ORIENTED_EDGE ( 'NONE', *, *, #3822, .T. ) ;
#135 = DIRECTION ( 'NONE',  ( -0.8501817746811739518, 0.5264892686465411087, 6.381590766241915839E-15 ) ) ;
#136 = ORIENTED_EDGE ( 'NONE', *, *, #4535, .F. ) ;
#137 = ORIENTED_EDGE ( 'NONE', *, *, #1114, .F. ) ;
#138 = LINE ( 'NONE', #206, #2556 ) ;
#139 = DIRECTION ( 'NONE',  ( -0.5264892686465408866, -0.8501817746811740628, 0.000000000000000000 ) ) ;
#140 = DIRECTION ( 'NONE',  ( 1.000000000000000000, 0.000000000000000000, -5.194185423931037598E-15 ) ) ;
#141 = DIRECTION ( 'NONE',  ( 0.5264892686465409977, 0.8501817746811739518, 0.000000000000000000 ) ) ;
#142 = CIRCLE ( 'NONE', #2195, 0.5000000000000024425 ) ;
#143 = LINE ( 'NONE', #3187, #4717 ) ;
#144 = PLANE ( 'NONE',  #4408 ) ;
#145 = CARTESIAN_POINT ( 'NONE',  ( -8.295729324813786221, -12.65290968806398197, 11.49999999999932321 ) ) ;
#146 = AXIS2_PLACEMENT_3D ( 'NONE', #3067, #1901, #446 ) ;
#147 = VERTEX_POINT ( 'NONE', #353 ) ;
#148 = ADVANCED_FACE ( 'NONE', ( #2283 ), #330, .T. ) ;
#149 = EDGE_CURVE ( 'NONE', #497, #275, #3838, .T. ) ;
#150 = EDGE_CURVE ( 'NONE', #4772, #3857, #2207, .T. ) ;
#151 = LINE ( 'NONE', #2776, #1216 ) ;
#152 = APPLICATION_PROTOCOL_DEFINITION ( 'draft international standard', 'automotive_design', 1998, #4897 ) ;
#153 = FACE_OUTER_BOUND ( 'NONE', #3351, .T. ) ;
#154 = LINE ( 'NONE', #3967, #3226 ) ;
#155 = CIRCLE ( 'NONE', #547, 1.499999999999999112 ) ;
#156 = VERTEX_POINT ( 'NONE', #22 ) ;
#157 = ORIENTED_EDGE ( 'NONE', *, *, #4411, .F. ) ;
#158 = AXIS2_PLACEMENT_3D ( 'NONE', #254, #3999, #1781 ) ;
#159 = ORIENTED_EDGE ( 'NONE', *, *, #4583, .T. ) ;
#160 = FACE_OUTER_BOUND ( 'NONE', #1402, .T. ) ;
#161 = ADVANCED_FACE ( 'NONE', ( #1860 ), #2550, .F. ) ;
#162 = VECTOR ( 'NONE', #3215, 1000.000000000000000 ) ;
#163 = ORIENTED_EDGE ( 'NONE', *, *, #4296, .F. ) ;
#164 = VERTEX_POINT ( 'NONE', #3352 ) ;
#165 = CARTESIAN_POINT ( 'NONE',  ( 2.465147899491546557, -25.43310176392254363, 1.499999999999902967 ) ) ;
#166 = DIRECTION ( 'NONE',  ( -0.8501817746811739518, 0.5264892686465411087, 6.304819211771187490E-15 ) ) ;
#167 = DIRECTION ( 'NONE',  ( -0.8501817746811739518, 0.5264892686465411087, 6.381590766241915839E-15 ) ) ;
#168 = CARTESIAN_POINT ( 'NONE',  ( -1.034088988213641924, -25.61857895817343334, 5.249999999999241496 ) ) ;
#169 = EDGE_CURVE ( 'NONE', #1631, #1348, #1482, .T. ) ;
#170 = FACE_OUTER_BOUND ( 'NONE', #4870, .T. ) ;
#171 = DIRECTION ( 'NONE',  ( 0.8501817746811739518, -0.5264892686465409977, -6.304819211771187490E-15 ) ) ;
#172 = EDGE_LOOP ( 'NONE', ( #466, #392 ) ) ;
#173 = VECTOR ( 'NONE', #405, 1000.000000000000114 ) ;
#174 = PRODUCT_DEFINITION_SHAPE ( 'NONE', 'NONE',  #342 ) ;
#175 = LINE ( 'NONE', #4696, #2692 ) ;
#176 = LINE ( 'NONE', #4311, #3205 ) ;
#177 = LINE ( 'NONE', #1746, #2031 ) ;
#178 = ORIENTED_EDGE ( 'NONE', *, *, #3971, .T. ) ;
#179 = VERTEX_POINT ( 'NONE', #127 ) ;
#180 = EDGE_CURVE ( 'NONE', #3781, #4520, #151, .T. ) ;
#181 = DIRECTION ( 'NONE',  ( 6.938893903907228378E-15, -3.469446951953614189E-15, 1.000000000000000000 ) ) ;
#182 = ORIENTED_EDGE ( 'NONE', *, *, #3659, .F. ) ;
#183 = ORIENTED_EDGE ( 'NONE', *, *, #1916, .T. ) ;
#184 = DIRECTION ( 'NONE',  ( -1.102844568285558847E-14, -6.461232119717453579E-15, -1.000000000000000000 ) ) ;
#185 = LINE ( 'NONE', #1221, #4813 ) ;
#186 = CARTESIAN_POINT ( 'NONE',  ( -2.034406500343347357, -1.592356515289789609, 4.500000000000005329 ) ) ;
#187 = VECTOR ( 'NONE', #2151, 999.9999999999998863 ) ;
#188 = AXIS2_PLACEMENT_3D ( 'NONE', #2664, #92, #2642 ) ;
#189 = ORIENTED_EDGE ( 'NONE', *, *, #1582, .T. ) ;
#190 = CARTESIAN_POINT ( 'NONE',  ( -0.2033924773505854378, 4.213449858298755402, 11.09999999999998010 ) ) ;
#191 = FACE_OUTER_BOUND ( 'NONE', #4746, .T. ) ;
#192 = DIRECTION ( 'NONE',  ( 5.159289654151439214E-15, -3.194976318762539510E-15, 1.000000000000000000 ) ) ;
#193 = ADVANCED_FACE ( 'NONE', ( #817 ), #2307, .F. ) ;
#194 = CARTESIAN_POINT ( 'NONE',  ( -9.348707862106891753, -14.35327323742633787, 8.999999999999321432 ) ) ;
#195 = PLANE ( 'NONE',  #836 ) ;
#196 = CARTESIAN_POINT ( 'NONE',  ( -7.383143893060232443, -2.632072007023980031, 7.100000000000029843 ) ) ;
#197 = ORIENTED_EDGE ( 'NONE', *, *, #4614, .T. ) ;
#198 = VECTOR ( 'NONE', #1326, 1000.000000000000000 ) ;
#199 = AXIS2_PLACEMENT_3D ( 'NONE', #2768, #209, #1710 ) ;
#200 = ORIENTED_EDGE ( 'NONE', *, *, #3115, .F. ) ;
#201 = DIRECTION ( 'NONE',  ( 1.000000000000000000, 0.000000000000000000, -5.422421081758070467E-15 ) ) ;
#202 = ORIENTED_EDGE ( 'NONE', *, *, #4760, .F. ) ;
#203 = ORIENTED_EDGE ( 'NONE', *, *, #2842, .T. ) ;
#204 = EDGE_CURVE ( 'NONE', #2482, #3846, #3448, .T. ) ;
#205 = ADVANCED_FACE ( 'NONE', ( #480 ), #3075, .F. ) ;
#206 = CARTESIAN_POINT ( 'NONE',  ( 1.262673961550986990, 11.42638000858820924, 8.599999999999944578 ) ) ;
#207 = EDGE_CURVE ( 'NONE', #945, #1520, #3364, .T. ) ;
#208 = FACE_OUTER_BOUND ( 'NONE', #54, .T. ) ;
#209 = DIRECTION ( 'NONE',  ( -0.8501817746811739518, 0.5264892686465411087, 6.304819211771187490E-15 ) ) ;
#210 = ORIENTED_EDGE ( 'NONE', *, *, #3115, .T. ) ;
#211 = ORIENTED_EDGE ( 'NONE', *, *, #235, .T. ) ;
#212 = DIRECTION ( 'NONE',  ( 0.5264892686465415528, 0.8501817746811735077, 0.000000000000000000 ) ) ;
#213 = DIRECTION ( 'NONE',  ( 0.5264892686465416638, 0.8501817746811735077, 0.000000000000000000 ) ) ;
#214 = CARTESIAN_POINT ( 'NONE',  ( 2.764444789186871532, 4.257517526172482469, 2.000000000000001332 ) ) ;
#215 = LINE ( 'NONE', #3537, #2916 ) ;
#216 = VECTOR ( 'NONE', #2966, 1000.000000000000000 ) ;
#217 = FACE_OUTER_BOUND ( 'NONE', #4591, .T. ) ;
#218 = CARTESIAN_POINT ( 'NONE',  ( -2.309361650235385532, -24.82884505520362950, 8.749999999999252154 ) ) ;
#219 = CIRCLE ( 'NONE', #2679, 1.784839758362283257 ) ;
#220 = EDGE_LOOP ( 'NONE', ( #2381, #2469, #1547, #4143 ) ) ;
#221 = EDGE_LOOP ( 'NONE', ( #1351, #975, #487, #2344, #61 ) ) ;
#222 = CARTESIAN_POINT ( 'NONE',  ( -8.433206899759866815, -24.27115395802085729, 1.999999999999284572 ) ) ;
#223 = EDGE_CURVE ( 'NONE', #3129, #650, #2330, .T. ) ;
#224 = CARTESIAN_POINT ( 'NONE',  ( -8.827808427097441069, -6.104559607894834983, 3.348297620505063854 ) ) ;
#225 = AXIS2_PLACEMENT_3D ( 'NONE', #483, #2025, #50 ) ;
#226 = AXIS2_PLACEMENT_3D ( 'NONE', #4875, #274, #3276 ) ;
#227 = VERTEX_POINT ( 'NONE', #3518 ) ;
#228 = EDGE_LOOP ( 'NONE', ( #3259, #647, #1437, #4167 ) ) ;
#229 = AXIS2_PLACEMENT_3D ( 'NONE', #2181, #3696, #302 ) ;
#230 = CARTESIAN_POINT ( 'NONE',  ( 2.707982978508880922, 10.53134825188903356, -6.904828307605881911E-14 ) ) ;
#231 = VECTOR ( 'NONE', #4761, 1000.000000000000114 ) ;
#232 = CARTESIAN_POINT ( 'NONE',  ( 1.262673961551016522, 11.42638000858822700, 11.09999999999994280 ) ) ;
#233 = DIRECTION ( 'NONE',  ( -0.5264892686465397764, -0.8501817746811747289, 0.000000000000000000 ) ) ;
#234 = VERTEX_POINT ( 'NONE', #3851 ) ;
#235 = EDGE_CURVE ( 'NONE', #4520, #874, #3895, .T. ) ;
#236 = EDGE_CURVE ( 'NONE', #4026, #32, #1955, .T. ) ;
#237 = VERTEX_POINT ( 'NONE', #1603 ) ;
#238 = EDGE_LOOP ( 'NONE', ( #3107, #1289, #1786, #826, #4562, #4462, #1126, #4496 ) ) ;
#239 = FACE_OUTER_BOUND ( 'NONE', #4826, .T. ) ;
#240 = LINE ( 'NONE', #4005, #2284 ) ;
#241 = FACE_OUTER_BOUND ( 'NONE', #3643, .T. ) ;
#242 = DIRECTION ( 'NONE',  ( -0.5264892686465409977, -0.8501817746811738408, 0.000000000000000000 ) ) ;
#243 = CARTESIAN_POINT ( 'NONE',  ( -0.8374712326468568557, 6.705476247945968638, 7.899999999999914202 ) ) ;
#244 = ADVANCED_FACE ( 'NONE', ( #4267 ), #863, .F. ) ;
#245 = CARTESIAN_POINT ( 'NONE',  ( -8.989654680114744778, -5.416224086230983836, 5.098297620505067407 ) ) ;
#246 = DIRECTION ( 'NONE',  ( -0.5264892686465409977, -0.8501817746811738408, 0.000000000000000000 ) ) ;
#247 = ORIENTED_EDGE ( 'NONE', *, *, #1916, .F. ) ;
#248 = ORIENTED_EDGE ( 'NONE', *, *, #4741, .F. ) ;
#249 = DIRECTION ( 'NONE',  ( 0.5264892686465411087, 0.8501817746811739518, -0.000000000000000000 ) ) ;
#250 = LINE ( 'NONE', #1378, #4419 ) ;
#251 = ORIENTED_EDGE ( 'NONE', *, *, #1147, .T. ) ;
#252 = VERTEX_POINT ( 'NONE', #3193 ) ;
#253 = FACE_OUTER_BOUND ( 'NONE', #4595, .T. ) ;
#254 = CARTESIAN_POINT ( 'NONE',  ( -0.9814279630502649177, 0.1080070340725579475, 4.500000000000005329 ) ) ;
#255 = CARTESIAN_POINT ( 'NONE',  ( -8.923616974766300558, -14.61651787174960937, 9.999999999999316103 ) ) ;
#256 = VERTEX_POINT ( 'NONE', #932 ) ;
#257 = ORIENTED_EDGE ( 'NONE', *, *, #3043, .F. ) ;
#258 = ORIENTED_EDGE ( 'NONE', *, *, #4636, .F. ) ;
#259 = CARTESIAN_POINT ( 'NONE',  ( -7.870638437473223448, -12.91615432238725880, 8.999999999999317879 ) ) ;
#260 = CARTESIAN_POINT ( 'NONE',  ( -3.026937165925030815, -5.094481995320462531, 11.49999999999931966 ) ) ;
#261 = CARTESIAN_POINT ( 'NONE',  ( 1.262673961550980106, 11.42638000858820568, 7.899999999999945288 ) ) ;
#262 = EDGE_CURVE ( 'NONE', #2875, #2635, #3217, .T. ) ;
#263 = FACE_OUTER_BOUND ( 'NONE', #2711, .T. ) ;
#264 = AXIS2_PLACEMENT_3D ( 'NONE', #409, #1911, #1803 ) ;
#265 = VECTOR ( 'NONE', #2317, 999.9999999999998863 ) ;
#266 = LINE ( 'NONE', #4115, #3086 ) ;
#267 =( NAMED_UNIT ( * ) SI_UNIT ( $, .STERADIAN. ) SOLID_ANGLE_UNIT ( ) );
#268 = ADVANCED_FACE ( 'NONE', ( #4713 ), #2817, .F. ) ;
#269 = ORIENTED_EDGE ( 'NONE', *, *, #399, .T. ) ;
#270 = CARTESIAN_POINT ( 'NONE',  ( -8.917690488581722974, -14.60694770414668930, 0.9999999999993167688 ) ) ;
#271 = LINE ( 'NONE', #4171, #4714 ) ;
#272 = EDGE_LOOP ( 'NONE', ( #996, #9, #3753, #1662 ) ) ;
#273 = ORIENTED_EDGE ( 'NONE', *, *, #3362, .F. ) ;
#274 = DIRECTION ( 'NONE',  ( 0.8501817746811736187, -0.5264892686465416638, -7.725947721890257122E-15 ) ) ;
#275 = VERTEX_POINT ( 'NONE', #3568 ) ;
#276 = ORIENTED_EDGE ( 'NONE', *, *, #2821, .F. ) ;
#277 = CARTESIAN_POINT ( 'NONE',  ( -5.032479801035117717, -26.37711103260705414, 11.99999999999925926 ) ) ;
#278 = AXIS2_PLACEMENT_3D ( 'NONE', #667, #741, #3744 ) ;
#279 = VECTOR ( 'NONE', #1327, 1000.000000000000000 ) ;
#280 = LINE ( 'NONE', #232, #2920 ) ;
#281 = CARTESIAN_POINT ( 'NONE',  ( -0.8374712326468501944, 6.705476247945941104, 11.09999999999999787 ) ) ;
#282 = DIRECTION ( 'NONE',  ( -1.000000000000000000, 0.000000000000000000, 5.360242386507589779E-15 ) ) ;
#283 = ORIENTED_EDGE ( 'NONE', *, *, #2811, .T. ) ;
#284 = ORIENTED_EDGE ( 'NONE', *, *, #1505, .F. ) ;
#285 = ORIENTED_EDGE ( 'NONE', *, *, #3935, .T. ) ;
#286 = LINE ( 'NONE', #3739, #4645 ) ;
#287 = LINE ( 'NONE', #4111, #481 ) ;
#288 = LINE ( 'NONE', #261, #4279 ) ;
#289 = CARTESIAN_POINT ( 'NONE',  ( -3.584634312257162669, -24.03911115223380790, 5.249999999999259259 ) ) ;
#290 = CARTESIAN_POINT ( 'NONE',  ( -9.140838155855027125, -5.660357145272730151, 3.600000000000031175 ) ) ;
#291 = ORIENTED_EDGE ( 'NONE', *, *, #2898, .T. ) ;
#292 = CARTESIAN_POINT ( 'NONE',  ( -7.870638437473194138, -12.91615432238725703, 12.49999999999932143 ) ) ;
#293 = DIRECTION ( 'NONE',  ( -1.129180823346041990E-14, -6.298140460044057229E-15, -1.000000000000000000 ) ) ;
#294 = EDGE_CURVE ( 'NONE', #2653, #4638, #4674, .T. ) ;
#295 = EDGE_CURVE ( 'NONE', #112, #3761, #3590, .T. ) ;
#296 = ORIENTED_EDGE ( 'NONE', *, *, #1440, .F. ) ;
#297 = ADVANCED_FACE ( 'NONE', ( #907 ), #2419, .F. ) ;
#298 = ORIENTED_EDGE ( 'NONE', *, *, #3051, .F. ) ;
#299 = CARTESIAN_POINT ( 'NONE',  ( -7.906452206965992602, -4.616741502202782677, 3.348297620505063854 ) ) ;
#300 = AXIS2_PLACEMENT_3D ( 'NONE', #3288, #4763, #1057 ) ;
#301 = AXIS2_PLACEMENT_3D ( 'NONE', #563, #4350, #212 ) ;
#302 = DIRECTION ( 'NONE',  ( -0.5264892686465411087, -0.8501817746811739518, -2.210443882994788087E-14 ) ) ;
#303 = DIRECTION ( 'NONE',  ( -0.8501817746811739518, 0.5264892686465411087, 6.381590766241915839E-15 ) ) ;
#304 = VECTOR ( 'NONE', #1418, 1000.000000000000000 ) ;
#305 = EDGE_LOOP ( 'NONE', ( #291, #4522, #3411, #328 ) ) ;
#306 = ORIENTED_EDGE ( 'NONE', *, *, #2782, .F. ) ;
#307 = VECTOR ( 'NONE', #4442, 999.9999999999998863 ) ;
#308 = DIRECTION ( 'NONE',  ( 0.5264892686465415528, 0.8501817746811735077, -3.944304526105058589E-31 ) ) ;
#309 = EDGE_CURVE ( 'NONE', #4178, #3238, #2392, .T. ) ;
#310 = CARTESIAN_POINT ( 'NONE',  ( -9.859599241060035268, -18.97701522838028154, 1.499999999999990230 ) ) ;
#311 = ORIENTED_EDGE ( 'NONE', *, *, #4800, .F. ) ;
#312 = ADVANCED_FACE ( 'NONE', ( #1997 ), #4600, .F. ) ;
#313 = ORIENTED_EDGE ( 'NONE', *, *, #2153, .T. ) ;
#314 = CIRCLE ( 'NONE', #3631, 0.5000000000000018874 ) ;
#315 = AXIS2_PLACEMENT_3D ( 'NONE', #4502, #1823, #4141 ) ;
#316 = VECTOR ( 'NONE', #3582, 999.9999999999998863 ) ;
#317 = VERTEX_POINT ( 'NONE', #1155 ) ;
#318 = LINE ( 'NONE', #1417, #2503 ) ;
#319 = DIRECTION ( 'NONE',  ( -5.348730717595157048E-15, 3.288746589872697835E-15, -1.000000000000000000 ) ) ;
#320 = DIRECTION ( 'NONE',  ( 0.5264892686465414418, 0.8501817746811736187, 0.000000000000000000 ) ) ;
#321 = PLANE ( 'NONE',  #300 ) ;
#322 = AXIS2_PLACEMENT_3D ( 'NONE', #3984, #3287, #4785 ) ;
#323 = CARTESIAN_POINT ( 'NONE',  ( -1.432598474923680421, 7.074018735998573781, 5.399999999999917755 ) ) ;
#324 = DIRECTION ( 'NONE',  ( -1.102844568285558847E-14, -6.461232119717453579E-15, -1.000000000000000000 ) ) ;
#325 = VERTEX_POINT ( 'NONE', #3910 ) ;
#326 = FACE_OUTER_BOUND ( 'NONE', #2493, .T. ) ;
#327 = CARTESIAN_POINT ( 'NONE',  ( -7.004846674799941830, 8.425364007471211281, 5.400000000000032330 ) ) ;
#328 = ORIENTED_EDGE ( 'NONE', *, *, #2277, .T. ) ;
#329 = VERTEX_POINT ( 'NONE', #513 ) ;
#330 = PLANE ( 'NONE',  #1681 ) ;
#331 = LINE ( 'NONE', #4098, #4029 ) ;
#332 = CARTESIAN_POINT ( 'NONE',  ( -12.18785044037487530, -19.88764487477282472, 1.499999999999999778 ) ) ;
#333 = ORIENTED_EDGE ( 'NONE', *, *, #3235, .F. ) ;
#334 = ORIENTED_EDGE ( 'NONE', *, *, #180, .T. ) ;
#335 = CARTESIAN_POINT ( 'NONE',  ( -0.9814279630502382723, 0.1080070340725413081, 9.499999999999326761 ) ) ;
#336 = CARTESIAN_POINT ( 'NONE',  ( -5.618432999563161445, -6.430202529053573812, 7.999999999999328537 ) ) ;
#337 = ORIENTED_EDGE ( 'NONE', *, *, #3596, .T. ) ;
#338 = EDGE_LOOP ( 'NONE', ( #3598, #2936, #4721 ) ) ;
#339 = EDGE_LOOP ( 'NONE', ( #2983, #2323, #3811, #1587 ) ) ;
#340 = VECTOR ( 'NONE', #1619, 999.9999999999998863 ) ;
#341 = CARTESIAN_POINT ( 'NONE',  ( -9.911010900246205679, -6.904042191923032590, 3.348297620505066963 ) ) ;
#342 = PRODUCT_DEFINITION ( 'UNKNOWN', '', #1653, #86 ) ;
#343 = DIRECTION ( 'NONE',  ( 0.8501817746811739518, -0.5264892686465409977, -6.304819211771186701E-15 ) ) ;
#344 = LINE ( 'NONE', #2620, #1483 ) ;
#345 = CARTESIAN_POINT ( 'NONE',  ( -2.663278092125683560, -22.55129304654177602, 11.99999999999926104 ) ) ;
#346 = FACE_OUTER_BOUND ( 'NONE', #338, .T. ) ;
#347 = EDGE_LOOP ( 'NONE', ( #2270, #912, #1987, #4369 ) ) ;
#348 = EDGE_CURVE ( 'NONE', #2183, #620, #4529, .T. ) ;
#349 = CARTESIAN_POINT ( 'NONE',  ( -9.911010900246202127, -6.904042191923034366, 3.848297620505066963 ) ) ;
#350 = DIRECTION ( 'NONE',  ( 0.5264892686465409977, 0.8501817746811738408, -0.000000000000000000 ) ) ;
#351 = VECTOR ( 'NONE', #2245, 1000.000000000000000 ) ;
#352 = EDGE_LOOP ( 'NONE', ( #178, #1779, #2452 ) ) ;
#353 = CARTESIAN_POINT ( 'NONE',  ( -9.252899314438028711, -5.841314973571564373, 3.348297620505066963 ) ) ;
#354 = FACE_OUTER_BOUND ( 'NONE', #4497, .T. ) ;
#355 = CARTESIAN_POINT ( 'NONE',  ( -2.986970598160368695, -21.17462200321402932, 1.999999999999267475 ) ) ;
#356 = ORIENTED_EDGE ( 'NONE', *, *, #2371, .F. ) ;
#357 = ORIENTED_EDGE ( 'NONE', *, *, #31, .T. ) ;
#358 = CARTESIAN_POINT ( 'NONE',  ( -7.004846674799924955, 8.425364007471266348, 2.900000000000031886 ) ) ;
#359 = DIRECTION ( 'NONE',  ( 0.8501817746811736187, -0.5264892686465416638, -6.068454779668996487E-15 ) ) ;
#360 = EDGE_LOOP ( 'NONE', ( #1632, #729, #203, #4444 ) ) ;
#361 = EDGE_LOOP ( 'NONE', ( #4343, #2475, #2905 ) ) ;
#362 = EDGE_CURVE ( 'NONE', #759, #937, #447, .T. ) ;
#363 = ADVANCED_FACE ( 'NONE', ( #2300 ), #423, .T. ) ;
#364 = ADVANCED_FACE ( 'NONE', ( #4620 ), #4258, .F. ) ;
#365 = EDGE_LOOP ( 'NONE', ( #1268, #1416, #2969, #1897 ) ) ;
#366 = DIRECTION ( 'NONE',  ( -1.000000000000000000, 0.000000000000000000, 1.652265922105290162E-14 ) ) ;
#367 = DIRECTION ( 'NONE',  ( -0.5264892686465418858, -0.8501817746811735077, 0.000000000000000000 ) ) ;
#368 = FACE_OUTER_BOUND ( 'NONE', #228, .T. ) ;
#369 = CYLINDRICAL_SURFACE ( 'NONE', #3953, 0.5000000000000018874 ) ;
#370 = DIRECTION ( 'NONE',  ( -0.5264892686465415528, -0.8501817746811735077, -0.000000000000000000 ) ) ;
#371 = ORIENTED_EDGE ( 'NONE', *, *, #52, .F. ) ;
#372 = DIRECTION ( 'NONE',  ( -0.8501817746811739518, 0.5264892686465409977, 0.000000000000000000 ) ) ;
#373 = EDGE_CURVE ( 'NONE', #1379, #2525, #2370, .T. ) ;
#374 = CARTESIAN_POINT ( 'NONE',  ( -9.252899314438018052, -5.841314973571569702, 5.084822063788957180 ) ) ;
#375 = LINE ( 'NONE', #4531, #1393 ) ;
#376 = ORIENTED_EDGE ( 'NONE', *, *, #725, .T. ) ;
#377 = FACE_OUTER_BOUND ( 'NONE', #1236, .T. ) ;
#378 = PLANE ( 'NONE',  #861 ) ;
#379 = LINE ( 'NONE', #2250, #46 ) ;
#380 = CARTESIAN_POINT ( 'NONE',  ( 0.6224354592287099086, -28.40873797530669265, 12.49999999999922373 ) ) ;
#381 = ORIENTED_EDGE ( 'NONE', *, *, #1290, .T. ) ;
#382 = ORIENTED_EDGE ( 'NONE', *, *, #760, .F. ) ;
#383 = EDGE_CURVE ( 'NONE', #1362, #3996, #2669, .T. ) ;
#384 = CIRCLE ( 'NONE', #3390, 1.500000000000000000 ) ;
#385 = LINE ( 'NONE', #4179, #2770 ) ;
#386 = AXIS2_PLACEMENT_3D ( 'NONE', #4067, #2229, #1828 ) ;
#387 = VERTEX_POINT ( 'NONE', #1550 ) ;
#388 = ADVANCED_FACE ( 'NONE', ( #2241 ), #2637, .F. ) ;
#389 = VECTOR ( 'NONE', #853, 999.9999999999998863 ) ;
#390 = ORIENTED_EDGE ( 'NONE', *, *, #4363, .F. ) ;
#391 = CARTESIAN_POINT ( 'NONE',  ( -9.348707862106870436, -14.35327323742633077, 11.49999999999932321 ) ) ;
#392 = ORIENTED_EDGE ( 'NONE', *, *, #3510, .T. ) ;
#393 = DIRECTION ( 'NONE',  ( 0.8501817746811738408, -0.5264892686465411087, -6.304819211771185913E-15 ) ) ;
#394 = AXIS2_PLACEMENT_3D ( 'NONE', #929, #955, #3588 ) ;
#395 = LINE ( 'NONE', #1873, #4019 ) ;
#396 = FACE_OUTER_BOUND ( 'NONE', #4227, .T. ) ;
#397 = AXIS2_PLACEMENT_3D ( 'NONE', #4477, #34, #3712 ) ;
#398 = AXIS2_PLACEMENT_3D ( 'NONE', #4284, #166, #3603 ) ;
#399 = EDGE_CURVE ( 'NONE', #2000, #4040, #1413, .T. ) ;
#400 = FACE_BOUND ( 'NONE', #552, .T. ) ;
#401 = ORIENTED_EDGE ( 'NONE', *, *, #1991, .T. ) ;
#402 = CIRCLE ( 'NONE', #553, 1.499999999999999112 ) ;
#403 = DIRECTION ( 'NONE',  ( -0.8501817746811735077, 0.5264892686465416638, 6.068454779668996487E-15 ) ) ;
#404 = AXIS2_PLACEMENT_3D ( 'NONE', #4211, #4133, #1943 ) ;
#405 = DIRECTION ( 'NONE',  ( 0.5264892686465409977, 0.8501817746811738408, -2.478176394252581141E-16 ) ) ;
#406 = DIRECTION ( 'NONE',  ( -0.5264892686465408866, -0.8501817746811740628, 0.000000000000000000 ) ) ;
#407 = EDGE_CURVE ( 'NONE', #133, #527, #95, .T. ) ;
#408 = ORIENTED_EDGE ( 'NONE', *, *, #2536, .T. ) ;
#409 = CARTESIAN_POINT ( 'NONE',  ( -9.596354606736754889, -18.55192434103971166, 3.999999999999989786 ) ) ;
#410 = FILL_AREA_STYLE_COLOUR ( '', #3638 ) ;
#411 = FACE_OUTER_BOUND ( 'NONE', #1277, .T. ) ;
#412 = LINE ( 'NONE', #2631, #1071 ) ;
#413 = ORIENTED_EDGE ( 'NONE', *, *, #2576, .T. ) ;
#414 = VERTEX_POINT ( 'NONE', #442 ) ;
#415 = CARTESIAN_POINT ( 'NONE',  ( -4.505990532388626235, -25.52692925792584333, 1.999999999999259259 ) ) ;
#416 = CARTESIAN_POINT ( 'NONE',  ( -5.882661575716348068, -25.85062176396048272, 1.999999999999265921 ) ) ;
#417 = EDGE_CURVE ( 'NONE', #3981, #677, #1895, .T. ) ;
#418 = ORIENTED_EDGE ( 'NONE', *, *, #1284, .T. ) ;
#419 = VECTOR ( 'NONE', #1207, 999.9999999999998863 ) ;
#420 = DIRECTION ( 'NONE',  ( -0.8501817746811739518, 0.5264892686465409977, 6.221801079756953583E-15 ) ) ;
#421 = DIRECTION ( 'NONE',  ( -0.8501817746811739518, 0.5264892686465411087, 6.304819211771187490E-15 ) ) ;
#422 = CARTESIAN_POINT ( 'NONE',  ( -8.564563792774167794, -5.679468720554247341, 3.348297620505063854 ) ) ;
#423 = CYLINDRICAL_SURFACE ( 'NONE', #1836, 0.5000000000000028866 ) ;
#424 = DIRECTION ( 'NONE',  ( -0.5264892686465404426, -0.8501817746811741738, 0.000000000000000000 ) ) ;
#425 = EDGE_CURVE ( 'NONE', #4317, #2206, #1449, .T. ) ;
#426 = ORIENTED_EDGE ( 'NONE', *, *, #823, .T. ) ;
#427 = DIRECTION ( 'NONE',  ( 0.8501817746811739518, -0.5264892686465411087, -6.304819211771187490E-15 ) ) ;
#428 = DIRECTION ( 'NONE',  ( 0.5264892686465405536, 0.8501817746811741738, -0.000000000000000000 ) ) ;
#429 = EDGE_CURVE ( 'NONE', #3507, #4506, #3849, .T. ) ;
#430 = EDGE_CURVE ( 'NONE', #3197, #3333, #4628, .T. ) ;
#431 = ADVANCED_FACE ( 'NONE', ( #1228 ), #3073, .F. ) ;
#432 = LINE ( 'NONE', #3872, #4277 ) ;
#433 = CARTESIAN_POINT ( 'NONE',  ( -9.252899314438018052, -5.841314973571569702, 5.098297620505067407 ) ) ;
#434 = DIRECTION ( 'NONE',  ( 1.000000000000000000, 0.000000000000000000, -5.588570710050344197E-15 ) ) ;
#435 = AXIS2_PLACEMENT_3D ( 'NONE', #4827, #3002, #3404 ) ;
#436 = AXIS2_PLACEMENT_3D ( 'NONE', #2884, #4422, #4057 ) ;
#437 = ORIENTED_EDGE ( 'NONE', *, *, #515, .F. ) ;
#438 = ORIENTED_EDGE ( 'NONE', *, *, #3935, .F. ) ;
#439 = ORIENTED_EDGE ( 'NONE', *, *, #2568, .T. ) ;
#440 = LINE ( 'NONE', #4494, #2124 ) ;
#441 = LINE ( 'NONE', #416, #1252 ) ;
#442 = CARTESIAN_POINT ( 'NONE',  ( -9.348707862106865107, -14.35327323742633432, 12.49999999999932498 ) ) ;
#443 = CARTESIAN_POINT ( 'NONE',  ( -6.636304186747345568, 9.020491249748086915, 2.900000000000046985 ) ) ;
#444 = EDGE_LOOP ( 'NONE', ( #401, #776, #4803, #543 ) ) ;
#445 = DIRECTION ( 'NONE',  ( 0.8501817746811742849, -0.5264892686465405536, -6.742727532965546130E-15 ) ) ;
#446 = DIRECTION ( 'NONE',  ( 0.5264892686465397764, 0.8501817746811747289, 0.000000000000000000 ) ) ;
#447 = LINE ( 'NONE', #3465, #2463 ) ;
#448 = VECTOR ( 'NONE', #4483, 1000.000000000000114 ) ;
#449 = VECTOR ( 'NONE', #1010, 1000.000000000000000 ) ;
#450 = FACE_BOUND ( 'NONE', #2275, .T. ) ;
#451 = CARTESIAN_POINT ( 'NONE',  ( -2.034406500343355351, -1.592356515289785390, 3.000000000000006661 ) ) ;
#452 =( GEOMETRIC_REPRESENTATION_CONTEXT ( 3 ) GLOBAL_UNCERTAINTY_ASSIGNED_CONTEXT ( ( #488 ) ) GLOBAL_UNIT_ASSIGNED_CONTEXT ( ( #4455, #1450, #267 ) ) REPRESENTATION_CONTEXT ( 'NONE', 'WORKASPACE' ) );
#453 = CARTESIAN_POINT ( 'NONE',  ( -6.817659900180187194, -11.21579077302487804, 0.1000000000000005884 ) ) ;
#454 = CARTESIAN_POINT ( 'NONE',  ( -9.348707862106891753, -14.35327323742633787, 8.999999999999321432 ) ) ;
#455 = DIRECTION ( 'NONE',  ( -6.277507446913874559E-15, -2.211221068853061198E-14, 1.000000000000000000 ) ) ;
#456 = CARTESIAN_POINT ( 'NONE',  ( 0.4069414975474672791, -2.398470622097539806, 6.999999999999837463 ) ) ;
#457 = EDGE_CURVE ( 'NONE', #2219, #164, #4671, .T. ) ;
#458 = FACE_OUTER_BOUND ( 'NONE', #4295, .T. ) ;
#459 = ADVANCED_FACE ( 'NONE', ( #75 ), #3828, .T. ) ;
#460 = VERTEX_POINT ( 'NONE', #1208 ) ;
#461 = ORIENTED_EDGE ( 'NONE', *, *, #920, .F. ) ;
#462 = ORIENTED_EDGE ( 'NONE', *, *, #2750, .F. ) ;
#463 = DIRECTION ( 'NONE',  ( -0.5264892686465405536, -0.8501817746811741738, 0.000000000000000000 ) ) ;
#464 = CYLINDRICAL_SURFACE ( 'NONE', #2687, 1.499999999999999556 ) ;
#465 = EDGE_CURVE ( 'NONE', #3992, #1385, #4580, .T. ) ;
#466 = ORIENTED_EDGE ( 'NONE', *, *, #1324, .T. ) ;
#467 = ADVANCED_FACE ( 'NONE', ( #2704 ), #1581, .F. ) ;
#468 = FACE_OUTER_BOUND ( 'NONE', #3355, .T. ) ;
#469 = LINE ( 'NONE', #1131, #1894 ) ;
#470 = DIRECTION ( 'NONE',  ( 0.8501817746811739518, -0.5264892686465409977, 0.000000000000000000 ) ) ;
#471 = VECTOR ( 'NONE', #2112, 999.9999999999998863 ) ;
#472 = CIRCLE ( 'NONE', #4109, 0.4999999999999990008 ) ;
#473 = FACE_BOUND ( 'NONE', #3616, .T. ) ;
#474 = CLOSED_SHELL ( 'NONE', ( #1231, #3669, #2410, #363, #1371, #1372, #3902, #4540, #2697, #3155, #2234, #1529, #148, #3265, #4447, #662, #193, #4781, #818, #3090, #1441, #4261, #4845, #312, #4799, #3450, #364, #871, #4769, #4007, #467, #4271, #3991, #1174, #950, #4155, #985, #205, #559, #969, #1805, #3203, #4217, #2564, #431, #1657, #4486, #4113, #3786, #3034, #3060, #3234, #2172, #911, #91, #1463, #2413, #2214, #2721, #3168, #1596, #2867, #3318, #4023, #3519, #2468, #1312, #98, #124, #604, #1965, #3748, #2837, #575, #1926, #711, #297, #1021, #2877, #489, #4124, #4505, #2566, #1293, #3934, #1382, #4415, #3020, #514, #4756, #1689, #3558, #4379, #104, #3454, #1218, #4601, #2733, #3541, #2316, #4478, #745, #1175, #727, #4719, #161, #3249, #573, #2388, #1086, #2356, #3538, #3567, #3400, #4655, #2666, #3199, #244, #1313, #1537, #2430, #268, #388, #764, #2089, #4546, #1839, #2756, #636, #2783, #42, #4537, #4400, #2579, #3793, #3421, #2699, #3731, #1772, #3302, #4894, #4773, #4792, #3120, #3363, #3595, #4841, #459 ) ) ;
#475 = DIRECTION ( 'NONE',  ( -0.5264892686465415528, -0.8501817746811736187, -0.000000000000000000 ) ) ;
#476 = AXIS2_PLACEMENT_3D ( 'NONE', #3520, #2399, #3830 ) ;
#477 = FACE_OUTER_BOUND ( 'NONE', #3138, .T. ) ;
#478 = VECTOR ( 'NONE', #3154, 1000.000000000000000 ) ;
#479 = VECTOR ( 'NONE', #773, 999.9999999999998863 ) ;
#480 = FACE_OUTER_BOUND ( 'NONE', #3500, .T. ) ;
#481 = VECTOR ( 'NONE', #1788, 999.9999999999998863 ) ;
#482 = DIRECTION ( 'NONE',  ( 0.8501817746811739518, -0.5264892686465411087, -6.304819211771186701E-15 ) ) ;
#483 = CARTESIAN_POINT ( 'NONE',  ( -5.618432999563134800, -6.430202529053590688, 12.99999999999933031 ) ) ;
#484 = CARTESIAN_POINT ( 'NONE',  ( -1.034088988213624383, -25.61857895817344399, 8.749999999999243272 ) ) ;
#485 = ORIENTED_EDGE ( 'NONE', *, *, #2131, .T. ) ;
#486 = ORIENTED_EDGE ( 'NONE', *, *, #1123, .F. ) ;
#487 = ORIENTED_EDGE ( 'NONE', *, *, #1614, .F. ) ;
#488 = UNCERTAINTY_MEASURE_WITH_UNIT (LENGTH_MEASURE( 1.000000000000000082E-05 ), #4455, 'distance_accuracy_value', 'NONE');
#489 = ADVANCED_FACE ( 'NONE', ( #4265 ), #2004, .F. ) ;
#490 = CARTESIAN_POINT ( 'NONE',  ( -9.140838155855027125, -5.660357145272730151, 3.600000000000031175 ) ) ;
#491 = ORIENTED_EDGE ( 'NONE', *, *, #760, .T. ) ;
#492 = EDGE_CURVE ( 'NONE', #1387, #3045, #4116, .T. ) ;
#493 = CARTESIAN_POINT ( 'NONE',  ( -0.3326393255306068775, 0.2059924600093476776, 2.472642540231956876E-15 ) ) ;
#494 = EDGE_LOOP ( 'NONE', ( #2908, #4518, #2736, #4056 ) ) ;
#495 = CARTESIAN_POINT ( 'NONE',  ( 1.938658630845063957, -26.28328353860376154, 12.49999999999922373 ) ) ;
#496 = CARTESIAN_POINT ( 'NONE',  ( -10.87162726875846275, -17.76219043806992559, 12.49999999999932143 ) ) ;
#497 = VERTEX_POINT ( 'NONE', #2006 ) ;
#498 = LINE ( 'NONE', #2001, #1006 ) ;
#499 = PLANE ( 'NONE',  #3230 ) ;
#500 = PLANE ( 'NONE',  #4833 ) ;
#501 = AXIS2_PLACEMENT_3D ( 'NONE', #2005, #2071, #568 ) ;
#502 = CARTESIAN_POINT ( 'NONE',  ( -0.6772328191324153979, 3.448286261085899973, 1.999999999999961364 ) ) ;
#503 = DIRECTION ( 'NONE',  ( 0.5264892686465409977, 0.8501817746811739518, 1.183893548439679768E-16 ) ) ;
#504 = ORIENTED_EDGE ( 'NONE', *, *, #309, .T. ) ;
#505 = ORIENTED_EDGE ( 'NONE', *, *, #4900, .T. ) ;
#506 = ORIENTED_EDGE ( 'NONE', *, *, #4086, .F. ) ;
#507 = DIRECTION ( 'NONE',  ( -1.000000000000000000, 0.000000000000000000, 5.588570710050344197E-15 ) ) ;
#508 = ORIENTED_EDGE ( 'NONE', *, *, #566, .T. ) ;
#509 = ORIENTED_EDGE ( 'NONE', *, *, #1966, .F. ) ;
#510 = CARTESIAN_POINT ( 'NONE',  ( -5.882661575716291225, -25.85062176396051470, 11.99999999999926636 ) ) ;
#511 = CARTESIAN_POINT ( 'NONE',  ( -8.714893725969814042, -12.38009488613780285, 0.9999999999993232080 ) ) ;
#512 = DIRECTION ( 'NONE',  ( 0.5264892686465409977, 0.8501817746811739518, -9.471708046260220672E-17 ) ) ;
#513 = CARTESIAN_POINT ( 'NONE',  ( -7.864711951288624547, -12.90658415478435472, 3.999999999999316547 ) ) ;
#514 = ADVANCED_FACE ( 'NONE', ( #865 ), #1210, .T. ) ;
#515 = EDGE_CURVE ( 'NONE', #4040, #2109, #81, .T. ) ;
#516 = EDGE_CURVE ( 'NONE', #3995, #3149, #3174, .T. ) ;
#517 = ORIENTED_EDGE ( 'NONE', *, *, #3270, .T. ) ;
#518 = DIRECTION ( 'NONE',  ( -0.8501817746811738408, 0.5264892686465411087, 6.304819211771185913E-15 ) ) ;
#519 = DIRECTION ( 'NONE',  ( 1.000000000000000000, 0.000000000000000000, -5.425512162932541985E-15 ) ) ;
#520 = DIRECTION ( 'NONE',  ( -0.5264892686465408866, -0.8501817746811740628, 0.000000000000000000 ) ) ;
#521 = EDGE_CURVE ( 'NONE', #4136, #880, #2379, .T. ) ;
#522 = VECTOR ( 'NONE', #131, 999.9999999999998863 ) ;
#523 = DIRECTION ( 'NONE',  ( -1.000000000000000000, 0.000000000000000000, 5.360242386507587413E-15 ) ) ;
#524 = DIRECTION ( 'NONE',  ( -0.8501817746811739518, 0.5264892686465411087, 6.381590766241915839E-15 ) ) ;
#525 = ORIENTED_EDGE ( 'NONE', *, *, #2784, .F. ) ;
#526 = ORIENTED_EDGE ( 'NONE', *, *, #629, .F. ) ;
#527 = VERTEX_POINT ( 'NONE', #1937 ) ;
#528 = DIRECTION ( 'NONE',  ( 5.422421081758070467E-15, -3.219012683335982456E-15, 1.000000000000000000 ) ) ;
#529 = VERTEX_POINT ( 'NONE', #3896 ) ;
#530 = ORIENTED_EDGE ( 'NONE', *, *, #3103, .T. ) ;
#531 = EDGE_CURVE ( 'NONE', #734, #3834, #4203, .T. ) ;
#532 = LINE ( 'NONE', #4665, #3986 ) ;
#533 = LINE ( 'NONE', #2390, #3632 ) ;
#534 = LINE ( 'NONE', #3980, #389 ) ;
#535 = VECTOR ( 'NONE', #936, 1000.000000000000000 ) ;
#536 = DIRECTION ( 'NONE',  ( 6.231841782205326515E-15, 2.203846917436125488E-14, -1.000000000000000000 ) ) ;
#537 = VECTOR ( 'NONE', #4306, 1000.000000000000000 ) ;
#538 = CARTESIAN_POINT ( 'NONE',  ( 4.092366378073298172, 3.552801800670830179, -9.610483193671176563E-15 ) ) ;
#539 = LINE ( 'NONE', #145, #4198 ) ;
#540 = AXIS2_PLACEMENT_3D ( 'NONE', #72, #4553, #2649 ) ;
#541 = EDGE_CURVE ( 'NONE', #2684, #1864, #798, .T. ) ;
#542 = AXIS2_PLACEMENT_3D ( 'NONE', #2320, #787, #470 ) ;
#543 = ORIENTED_EDGE ( 'NONE', *, *, #1123, .T. ) ;
#544 = DIRECTION ( 'NONE',  ( 5.360242386507588990E-15, -3.319419655754072801E-15, 1.000000000000000000 ) ) ;
#545 = CARTESIAN_POINT ( 'NONE',  ( -0.7577302128711873586, 0.4692370943326140686, 5.609014356651251544E-15 ) ) ;
#546 = FACE_OUTER_BOUND ( 'NONE', #3680, .T. ) ;
#547 = AXIS2_PLACEMENT_3D ( 'NONE', #3985, #1320, #520 ) ;
#548 = ORIENTED_EDGE ( 'NONE', *, *, #3051, .T. ) ;
#549 = VECTOR ( 'NONE', #3610, 1000.000000000000000 ) ;
#550 = CIRCLE ( 'NONE', #315, 1.499999999999999556 ) ;
#551 = AXIS2_PLACEMENT_3D ( 'NONE', #4163, #445, #761 ) ;
#552 = EDGE_LOOP ( 'NONE', ( #3681, #4794 ) ) ;
#553 = AXIS2_PLACEMENT_3D ( 'NONE', #24, #4534, #2308 ) ;
#554 = CARTESIAN_POINT ( 'NONE',  ( -8.989654680114751883, -5.416224086230977619, 3.600000000000031175 ) ) ;
#555 = VECTOR ( 'NONE', #1001, 1000.000000000000000 ) ;
#556 = ORIENTED_EDGE ( 'NONE', *, *, #589, .T. ) ;
#557 = ORIENTED_EDGE ( 'NONE', *, *, #1869, .T. ) ;
#558 = CARTESIAN_POINT ( 'NONE',  ( -2.237203262955266503, -3.819209333298672515, 2.499999999999999556 ) ) ;
#559 = ADVANCED_FACE ( 'NONE', ( #4248 ), #2753, .T. ) ;
#560 = CARTESIAN_POINT ( 'NONE',  ( -7.906452206965992602, -4.616741502202782677, 3.348297620505063854 ) ) ;
#561 = PLANE ( 'NONE',  #3551 ) ;
#562 = VERTEX_POINT ( 'NONE', #843 ) ;
#563 = CARTESIAN_POINT ( 'NONE',  ( -4.073439134127764483, 2.522545242054127446, 3.701699887694606740E-14 ) ) ;
#564 = LINE ( 'NONE', #2793, #1970 ) ;
#565 = DIRECTION ( 'NONE',  ( -0.8501817746811736187, 0.5264892686465417748, 6.068454779668997275E-15 ) ) ;
#566 = EDGE_CURVE ( 'NONE', #44, #1355, #2309, .T. ) ;
#567 = VECTOR ( 'NONE', #3170, 1000.000000000000000 ) ;
#568 = DIRECTION ( 'NONE',  ( -1.000000000000000000, 0.000000000000000000, 4.903585739422082521E-15 ) ) ;
#569 =( LENGTH_UNIT ( ) NAMED_UNIT ( * ) SI_UNIT ( .MILLI., .METRE. ) );
#570 = DIRECTION ( 'NONE',  ( -0.5264892686465416638, -0.8501817746811735077, 0.000000000000000000 ) ) ;
#571 = CARTESIAN_POINT ( 'NONE',  ( 0.3591908249053806235, -28.83382886264723766, 1.499999999999902967 ) ) ;
#572 = EDGE_CURVE ( 'NONE', #4545, #3996, #2706, .T. ) ;
#573 = ADVANCED_FACE ( 'NONE', ( #4586 ), #3451, .F. ) ;
#574 = ORIENTED_EDGE ( 'NONE', *, *, #2500, .F. ) ;
#575 = ADVANCED_FACE ( 'NONE', ( #4225 ), #4291, .F. ) ;
#576 = ORIENTED_EDGE ( 'NONE', *, *, #4583, .F. ) ;
#577 = CARTESIAN_POINT ( 'NONE',  ( 1.262673961551007862, 11.42638000858822345, 10.39999999999994351 ) ) ;
#578 = ORIENTED_EDGE ( 'NONE', *, *, #1347, .T. ) ;
#579 = EDGE_LOOP ( 'NONE', ( #3284, #2978, #3647, #802 ) ) ;
#580 = FACE_OUTER_BOUND ( 'NONE', #2870, .T. ) ;
#581 = CARTESIAN_POINT ( 'NONE',  ( -7.004846674799972917, 8.425364007471101147, 10.40000000000003055 ) ) ;
#582 = DIRECTION ( 'NONE',  ( 0.5264892686465411087, 0.8501817746811739518, 4.204107247449345264E-16 ) ) ;
#583 = CIRCLE ( 'NONE', #188, 1.500000000000000000 ) ;
#584 = ORIENTED_EDGE ( 'NONE', *, *, #4123, .T. ) ;
#585 = CARTESIAN_POINT ( 'NONE',  ( 1.857801203827752046, 11.05783752053559787, 3.599999999999940581 ) ) ;
#586 = DIRECTION ( 'NONE',  ( -5.390033657499366816E-15, 3.345538132240986069E-15, -1.000000000000000000 ) ) ;
#587 = CARTESIAN_POINT ( 'NONE',  ( -0.1312461883690990705, -0.4184822345739781513, 2.999999999999999556 ) ) ;
#588 = CARTESIAN_POINT ( 'NONE',  ( -7.775095313951680964, -23.20842673966939884, 3.999999999999965361 ) ) ;
#589 = EDGE_CURVE ( 'NONE', #1414, #3782, #820, .T. ) ;
#590 = DIRECTION ( 'NONE',  ( 0.8501817746811739518, -0.5264892686465409977, -6.304819211771186701E-15 ) ) ;
#591 = CARTESIAN_POINT ( 'NONE',  ( -3.026937165925079665, -5.094481995320434109, 2.499999999999999556 ) ) ;
#592 = CARTESIAN_POINT ( 'NONE',  ( -3.087385037636427576, -3.292720064652140621, 5.000000000000006217 ) ) ;
#593 = ORIENTED_EDGE ( 'NONE', *, *, #2290, .T. ) ;
#594 = VECTOR ( 'NONE', #3304, 1000.000000000000000 ) ;
#595 = ORIENTED_EDGE ( 'NONE', *, *, #2047, .F. ) ;
#596 = LINE ( 'NONE', #2425, #3666 ) ;
#597 = EDGE_CURVE ( 'NONE', #1924, #3384, #4342, .T. ) ;
#598 = EDGE_CURVE ( 'NONE', #2882, #156, #1584, .T. ) ;
#599 = CARTESIAN_POINT ( 'NONE',  ( -1.432598474923683085, 7.074018735998564011, 6.100000000000002309 ) ) ;
#600 = ORIENTED_EDGE ( 'NONE', *, *, #2750, .T. ) ;
#601 = ORIENTED_EDGE ( 'NONE', *, *, #4630, .T. ) ;
#602 = CARTESIAN_POINT ( 'NONE',  ( -7.004846674799945383, 8.425364007471195293, 6.100000000000032507 ) ) ;
#603 = CARTESIAN_POINT ( 'NONE',  ( -5.882661575716343627, -25.85062176396048272, 1.999999999999265921 ) ) ;
#604 = ADVANCED_FACE ( 'NONE', ( #153 ), #4652, .F. ) ;
#605 = PLANE ( 'NONE',  #1223 ) ;
#606 = ORIENTED_EDGE ( 'NONE', *, *, #4557, .F. ) ;
#607 = ORIENTED_EDGE ( 'NONE', *, *, #2930, .F. ) ;
#608 = ORIENTED_EDGE ( 'NONE', *, *, #4063, .T. ) ;
#609 = CARTESIAN_POINT ( 'NONE',  ( -8.714893725969798055, -12.38009488613781350, 3.999999999999322764 ) ) ;
#610 = EDGE_CURVE ( 'NONE', #44, #4887, #3917, .T. ) ;
#611 = CARTESIAN_POINT ( 'NONE',  ( -12.45109507469813792, -20.31273576211342302, 4.000000000000000000 ) ) ;
#612 = CARTESIAN_POINT ( 'NONE',  ( 0.08483975836223141276, 6.134319756967155257, 5.399999999999961275 ) ) ;
#613 = CARTESIAN_POINT ( 'NONE',  ( -2.309361650235386421, -24.82884505520362950, 8.749999999999252154 ) ) ;
#614 = CARTESIAN_POINT ( 'NONE',  ( -11.13487190308179109, -18.18728132541047415, 1.499999999999999778 ) ) ;
#615 = AXIS2_PLACEMENT_3D ( 'NONE', #3167, #4668, #1273 ) ;
#616 = AXIS2_PLACEMENT_3D ( 'NONE', #289, #2193, #2142 ) ;
#617 = CARTESIAN_POINT ( 'NONE',  ( -9.767872263262869836, -14.08045843550016762, 5.499999999999324096 ) ) ;
#618 = CARTESIAN_POINT ( 'NONE',  ( -0.9814279630502382723, 0.1080070340725413081, 9.499999999999326761 ) ) ;
#619 = AXIS2_PLACEMENT_3D ( 'NONE', #1549, #4572, #17 ) ;
#620 = VERTEX_POINT ( 'NONE', #1745 ) ;
#621 = ORIENTED_EDGE ( 'NONE', *, *, #788, .T. ) ;
#622 = DIRECTION ( 'NONE',  ( 6.213031107150536298E-15, 2.200809344962494397E-14, -1.000000000000000000 ) ) ;
#623 = VECTOR ( 'NONE', #171, 1000.000000000000114 ) ;
#624 = CARTESIAN_POINT ( 'NONE',  ( -8.714893725969789173, -12.38009488613781883, 5.499999999999323208 ) ) ;
#625 = CIRCLE ( 'NONE', #2210, 1.084839758362283080 ) ;
#626 = VECTOR ( 'NONE', #877, 1000.000000000000000 ) ;
#627 = ORIENTED_EDGE ( 'NONE', *, *, #1272, .F. ) ;
#628 = VERTEX_POINT ( 'NONE', #1280 ) ;
#629 = EDGE_CURVE ( 'NONE', #4527, #4417, #2491, .T. ) ;
#630 = DIRECTION ( 'NONE',  ( -0.8501817746811738408, 0.5264892686465409977, 6.304819211771186701E-15 ) ) ;
#631 = VECTOR ( 'NONE', #3085, 999.9999999999998863 ) ;
#632 = CARTESIAN_POINT ( 'NONE',  ( -3.877118940606251840, -4.567992726673892001, 2.500000000000006217 ) ) ;
#633 = DIRECTION ( 'NONE',  ( -0.8501817746811739518, 0.5264892686465411087, 6.304819211771187490E-15 ) ) ;
#634 = VERTEX_POINT ( 'NONE', #983 ) ;
#635 = ORIENTED_EDGE ( 'NONE', *, *, #2896, .T. ) ;
#636 = ADVANCED_FACE ( 'NONE', ( #217 ), #4715, .F. ) ;
#637 = ORIENTED_EDGE ( 'NONE', *, *, #1985, .T. ) ;
#638 = LINE ( 'NONE', #4759, #2077 ) ;
#639 = PLANE ( 'NONE',  #4574 ) ;
#640 = DIRECTION ( 'NONE',  ( -0.5264892686465413307, -0.8501817746811738408, 0.000000000000000000 ) ) ;
#641 = CARTESIAN_POINT ( 'NONE',  ( -8.989654680114753660, -5.416224086230976731, 3.348297620505066963 ) ) ;
#642 = DIRECTION ( 'NONE',  ( 0.8501817746811738408, -0.5264892686465411087, -6.304819211771186701E-15 ) ) ;
#643 = SURFACE_STYLE_USAGE ( .BOTH. , #1876 ) ;
#644 = ORIENTED_EDGE ( 'NONE', *, *, #1394, .T. ) ;
#645 = PLANE ( 'NONE',  #1299 ) ;
#646 = DIRECTION ( 'NONE',  ( 0.8501817746811739518, -0.5264892686465409977, -6.304819211771186701E-15 ) ) ;
#647 = ORIENTED_EDGE ( 'NONE', *, *, #4182, .F. ) ;
#648 = VERTEX_POINT ( 'NONE', #4697 ) ;
#649 = CARTESIAN_POINT ( 'NONE',  ( 1.857801203827744274, 11.05783752053559432, 2.899999999999940403 ) ) ;
#650 = VERTEX_POINT ( 'NONE', #2801 ) ;
#651 = ORIENTED_EDGE ( 'NONE', *, *, #425, .T. ) ;
#652 = DIRECTION ( 'NONE',  ( 1.129180823346041990E-14, 6.298140460044057229E-15, 1.000000000000000000 ) ) ;
#653 = CARTESIAN_POINT ( 'NONE',  ( -7.004846674799976469, 8.425364007471083383, 11.10000000000002984 ) ) ;
#654 = DIRECTION ( 'NONE',  ( -0.5264892686465411087, -0.8501817746811739518, 1.293524723264768602E-15 ) ) ;
#655 = ORIENTED_EDGE ( 'NONE', *, *, #870, .T. ) ;
#656 = EDGE_LOOP ( 'NONE', ( #3385, #4750, #556, #2859 ) ) ;
#657 = EDGE_LOOP ( 'NONE', ( #2242, #439, #1442, #4313 ) ) ;
#658 = FACE_BOUND ( 'NONE', #1262, .T. ) ;
#659 = CARTESIAN_POINT ( 'NONE',  ( -9.252899314438032263, -5.841314973571559932, 2.115177936211105170 ) ) ;
#660 = EDGE_CURVE ( 'NONE', #414, #2482, #176, .T. ) ;
#661 = FACE_OUTER_BOUND ( 'NONE', #2560, .T. ) ;
#662 = ADVANCED_FACE ( 'NONE', ( #3613 ), #2846, .F. ) ;
#663 = FACE_OUTER_BOUND ( 'NONE', #29, .T. ) ;
#664 = VECTOR ( 'NONE', #1871, 999.9999999999998863 ) ;
#665 = EDGE_CURVE ( 'NONE', #1386, #634, #3247, .T. ) ;
#666 = LINE ( 'NONE', #2569, #3322 ) ;
#667 = CARTESIAN_POINT ( 'NONE',  ( -12.45109507469814680, -20.31273576211340881, 1.499999999999999778 ) ) ;
#668 = CARTESIAN_POINT ( 'NONE',  ( -8.923616974766305887, -14.61651787174960404, 8.999999999999317879 ) ) ;
#669 = DIRECTION ( 'NONE',  ( -0.8501817746811739518, 0.5264892686465411087, 6.381590766241915839E-15 ) ) ;
#670 = EDGE_LOOP ( 'NONE', ( #132, #2313 ) ) ;
#671 = ADVANCED_FACE ( 'NONE', ( #2120 ), #195, .T. ) ;
#672 = ORIENTED_EDGE ( 'NONE', *, *, #3347, .T. ) ;
#673 = CARTESIAN_POINT ( 'NONE',  ( 1.262673961551008084, 11.42638000858822345, 10.39999999999994351 ) ) ;
#674 = PLANE ( 'NONE',  #3856 ) ;
#675 = VECTOR ( 'NONE', #3690, 1000.000000000000000 ) ;
#676 = EDGE_LOOP ( 'NONE', ( #4043, #2424, #306, #3890 ) ) ;
#677 = VERTEX_POINT ( 'NONE', #245 ) ;
#678 = DIRECTION ( 'NONE',  ( 6.288372600415927295E-15, 2.211772431870429676E-14, -1.000000000000000000 ) ) ;
#679 = DIRECTION ( 'NONE',  ( 0.8501817746811739518, -0.5264892686465411087, -6.304819211771186701E-15 ) ) ;
#680 = EDGE_LOOP ( 'NONE', ( #1193, #4767, #3255, #2757, #3694, #4864, #3732 ) ) ;
#681 = ORIENTED_EDGE ( 'NONE', *, *, #3512, .F. ) ;
#682 = VERTEX_POINT ( 'NONE', #3272 ) ;
#683 = DIRECTION ( 'NONE',  ( -5.204170427930421283E-15, 3.469446951953614189E-15, -1.000000000000000000 ) ) ;
#684 = DIRECTION ( 'NONE',  ( -5.159289654151437636E-15, 3.194976318762540299E-15, -1.000000000000000000 ) ) ;
#685 = DIRECTION ( 'NONE',  ( -0.5264892686465411087, -0.8501817746811739518, -2.210443882994788087E-14 ) ) ;
#686 = DIRECTION ( 'NONE',  ( 0.8501817746811739518, -0.5264892686465411087, -6.304819211771187490E-15 ) ) ;
#687 = LINE ( 'NONE', #3714, #1576 ) ;
#688 = CARTESIAN_POINT ( 'NONE',  ( -8.564563792774157136, -5.679468720554254446, 5.098297620505063854 ) ) ;
#689 = DIRECTION ( 'NONE',  ( -2.240448466804920683E-15, 7.729741018713290424E-15, -1.000000000000000000 ) ) ;
#690 = ORIENTED_EDGE ( 'NONE', *, *, #1985, .F. ) ;
#691 = CARTESIAN_POINT ( 'NONE',  ( -9.596354606736706927, -18.55192434103973653, 12.49999999999931077 ) ) ;
#692 = DIRECTION ( 'NONE',  ( -0.5264892686465416638, -0.8501817746811735077, 0.000000000000000000 ) ) ;
#693 = VERTEX_POINT ( 'NONE', #3988 ) ;
#694 = ORIENTED_EDGE ( 'NONE', *, *, #3898, .F. ) ;
#695 = CARTESIAN_POINT ( 'NONE',  ( -1.432598474923677312, 7.074018735998548912, 7.900000000000003908 ) ) ;
#696 = VECTOR ( 'NONE', #1509, 1000.000000000000000 ) ;
#697 = VECTOR ( 'NONE', #1928, 1000.000000000000000 ) ;
#698 = LINE ( 'NONE', #3353, #1808 ) ;
#699 = CARTESIAN_POINT ( 'NONE',  ( 0.4069414975474672791, -2.398470622097539806, 6.999999999999837463 ) ) ;
#700 = VECTOR ( 'NONE', #1055, 999.9999999999998863 ) ;
#701 = VERTEX_POINT ( 'NONE', #3194 ) ;
#702 = VERTEX_POINT ( 'NONE', #4743 ) ;
#703 = VECTOR ( 'NONE', #1203, 1000.000000000000000 ) ;
#704 = PLANE ( 'NONE',  #1245 ) ;
#705 = AXIS2_PLACEMENT_3D ( 'NONE', #456, #1983, #3476 ) ;
#706 = DIRECTION ( 'NONE',  ( -0.5264892686465411087, -0.8501817746811739518, -2.195942678937794781E-14 ) ) ;
#707 = ORIENTED_EDGE ( 'NONE', *, *, #3879, .T. ) ;
#708 = ORIENTED_EDGE ( 'NONE', *, *, #1284, .F. ) ;
#709 = CIRCLE ( 'NONE', #1491, 0.5000000000000018874 ) ;
#710 = AXIS2_PLACEMENT_3D ( 'NONE', #4876, #3049, #3729 ) ;
#711 = ADVANCED_FACE ( 'NONE', ( #4765 ), #645, .T. ) ;
#712 = VECTOR ( 'NONE', #1815, 999.9999999999998863 ) ;
#713 = ORIENTED_EDGE ( 'NONE', *, *, #2104, .T. ) ;
#714 = LINE ( 'NONE', #2985, #4797 ) ;
#715 = LINE ( 'NONE', #3740, #231 ) ;
#716 = DIRECTION ( 'NONE',  ( -0.8501817746811739518, 0.5264892686465411087, 6.381590766241915839E-15 ) ) ;
#717 = DIRECTION ( 'NONE',  ( -0.5264892686465411087, -0.8501817746811739518, -2.210443882994788087E-14 ) ) ;
#718 = DIRECTION ( 'NONE',  ( -5.425512162932543562E-15, 3.359839055320229362E-15, -1.000000000000000000 ) ) ;
#719 = LINE ( 'NONE', #1825, #2431 ) ;
#720 = ORIENTED_EDGE ( 'NONE', *, *, #1322, .T. ) ;
#721 = CARTESIAN_POINT ( 'NONE',  ( -11.17582241267637855, -21.10246966508323396, 3.999999999999990674 ) ) ;
#722 = DIRECTION ( 'NONE',  ( -0.8501817746811738408, 0.5264892686465409977, 6.304819211771186701E-15 ) ) ;
#723 = ORIENTED_EDGE ( 'NONE', *, *, #1740, .T. ) ;
#724 = CARTESIAN_POINT ( 'NONE',  ( -7.870638437473194138, -12.91615432238725703, 12.49999999999932143 ) ) ;
#725 = EDGE_CURVE ( 'NONE', #2820, #3782, #1696, .T. ) ;
#726 = CARTESIAN_POINT ( 'NONE',  ( -0.9814279630502382723, 0.1080070340725413081, 9.499999999999326761 ) ) ;
#727 = ADVANCED_FACE ( 'NONE', ( #2073 ), #3591, .F. ) ;
#728 = EDGE_CURVE ( 'NONE', #4638, #3992, #3570, .T. ) ;
#729 = ORIENTED_EDGE ( 'NONE', *, *, #1617, .T. ) ;
#730 = ORIENTED_EDGE ( 'NONE', *, *, #4738, .F. ) ;
#731 = CARTESIAN_POINT ( 'NONE',  ( -8.433206899759813524, -24.27115395802088926, 11.99999999999928590 ) ) ;
#732 = DIRECTION ( 'NONE',  ( 0.8501817746811739518, -0.5264892686465409977, -6.304819211771186701E-15 ) ) ;
#733 = ORIENTED_EDGE ( 'NONE', *, *, #4182, .T. ) ;
#734 = VERTEX_POINT ( 'NONE', #959 ) ;
#735 = ORIENTED_EDGE ( 'NONE', *, *, #2306, .F. ) ;
#736 = AXIS2_PLACEMENT_3D ( 'NONE', #2378, #3102, #2749 ) ;
#737 = FACE_OUTER_BOUND ( 'NONE', #2813, .T. ) ;
#738 = FACE_OUTER_BOUND ( 'NONE', #830, .T. ) ;
#739 = CARTESIAN_POINT ( 'NONE',  ( -12.45109507469810595, -20.31273576211344789, 9.999999999999319655 ) ) ;
#740 = FACE_OUTER_BOUND ( 'NONE', #4830, .T. ) ;
#741 = DIRECTION ( 'NONE',  ( -0.8501817746811739518, 0.5264892686465411087, 6.304819211771187490E-15 ) ) ;
#742 = ORIENTED_EDGE ( 'NONE', *, *, #3728, .F. ) ;
#743 = CARTESIAN_POINT ( 'NONE',  ( -7.864711951288630765, -12.90658415478434939, 2.499999999999317435 ) ) ;
#744 = LINE ( 'NONE', #4433, #3939 ) ;
#745 = ADVANCED_FACE ( 'NONE', ( #2147 ), #2520, .F. ) ;
#746 = VERTEX_POINT ( 'NONE', #270 ) ;
#747 = DIRECTION ( 'NONE',  ( 5.782411586589352511E-15, -3.469446951953611822E-15, 1.000000000000000000 ) ) ;
#748 = EDGE_CURVE ( 'NONE', #2161, #4105, #4700, .T. ) ;
#749 = CARTESIAN_POINT ( 'NONE',  ( -12.45109507469810595, -20.31273576211344789, 9.999999999999319655 ) ) ;
#750 = DIRECTION ( 'NONE',  ( -0.5264892686465408866, -0.8501817746811740628, 0.000000000000000000 ) ) ;
#751 = DIRECTION ( 'NONE',  ( 0.5264892686465415528, 0.8501817746811735077, -0.000000000000000000 ) ) ;
#752 = VERTEX_POINT ( 'NONE', #591 ) ;
#753 = VERTEX_POINT ( 'NONE', #4376 ) ;
#754 = LINE ( 'NONE', #87, #1187 ) ;
#755 = VERTEX_POINT ( 'NONE', #4676 ) ;
#756 = VERTEX_POINT ( 'NONE', #4848 ) ;
#757 = VECTOR ( 'NONE', #4226, 999.9999999999998863 ) ;
#758 = CARTESIAN_POINT ( 'NONE',  ( 0.08483975836218962674, 6.134319756967196113, 2.899999999999973710 ) ) ;
#759 = VERTEX_POINT ( 'NONE', #3721 ) ;
#760 = EDGE_CURVE ( 'NONE', #4772, #3993, #4790, .T. ) ;
#761 = DIRECTION ( 'NONE',  ( 0.5264892686465404426, 0.8501817746811741738, 0.000000000000000000 ) ) ;
#762 = CARTESIAN_POINT ( 'NONE',  ( 8.169178421281209523, -5.058900226456114702, 10.99999999999926104 ) ) ;
#763 = LINE ( 'NONE', #2273, #77 ) ;
#764 = ADVANCED_FACE ( 'NONE', ( #1398 ), #3746, .F. ) ;
#765 = DIRECTION ( 'NONE',  ( -1.000000000000000000, 0.000000000000000000, 1.679012624431773198E-14 ) ) ;
#766 = ORIENTED_EDGE ( 'NONE', *, *, #2873, .F. ) ;
#767 = CARTESIAN_POINT ( 'NONE',  ( 0.6224354592287099086, -28.40873797530669265, 12.49999999999922373 ) ) ;
#768 = LINE ( 'NONE', #1508, #1041 ) ;
#769 = PLANE ( 'NONE',  #4570 ) ;
#770 = EDGE_LOOP ( 'NONE', ( #4228, #1305, #3925, #2203 ) ) ;
#771 = EDGE_CURVE ( 'NONE', #620, #2183, #3850, .T. ) ;
#772 = CARTESIAN_POINT ( 'NONE',  ( -7.864711951288632541, -12.90658415478435117, 2.499999999999324096 ) ) ;
#773 = DIRECTION ( 'NONE',  ( -0.8501817746811739518, 0.5264892686465411087, 6.381590766241915839E-15 ) ) ;
#774 = LINE ( 'NONE', #4754, #4389 ) ;
#775 = EDGE_LOOP ( 'NONE', ( #1761, #2288, #4394, #1692 ) ) ;
#776 = ORIENTED_EDGE ( 'NONE', *, *, #120, .F. ) ;
#777 = AXIS2_PLACEMENT_3D ( 'NONE', #218, #960, #3545 ) ;
#778 = VECTOR ( 'NONE', #2438, 1000.000000000000000 ) ;
#779 = CARTESIAN_POINT ( 'NONE',  ( 0.08483975836224311173, 6.134319756967143711, 6.100000000515119147 ) ) ;
#780 = ORIENTED_EDGE ( 'NONE', *, *, #2896, .F. ) ;
#781 = VECTOR ( 'NONE', #2901, 999.9999999999998863 ) ;
#782 = ADVANCED_FACE ( 'NONE', ( #326 ), #4066, .T. ) ;
#783 = DIRECTION ( 'NONE',  ( 0.8501817746811739518, -0.5264892686465411087, -6.304819211771187490E-15 ) ) ;
#784 = ORIENTED_EDGE ( 'NONE', *, *, #3728, .T. ) ;
#785 = CARTESIAN_POINT ( 'NONE',  ( -8.923616974766314769, -14.61651787174960226, 7.499999999999316991 ) ) ;
#786 = VECTOR ( 'NONE', #4353, 1000.000000000000000 ) ;
#787 = DIRECTION ( 'NONE',  ( -0.5264892686465409977, -0.8501817746811739518, 2.909367349473784875E-17 ) ) ;
#788 = EDGE_CURVE ( 'NONE', #634, #3846, #3324, .T. ) ;
#789 = EDGE_CURVE ( 'NONE', #992, #2244, #4862, .T. ) ;
#790 = AXIS2_PLACEMENT_3D ( 'NONE', #2451, #135, #4359 ) ;
#791 = VECTOR ( 'NONE', #2902, 999.9999999999998863 ) ;
#792 = DIRECTION ( 'NONE',  ( 0.5264892686465441063, 0.8501817746811719534, -1.129958009204315101E-14 ) ) ;
#793 = ORIENTED_EDGE ( 'NONE', *, *, #1471, .F. ) ;
#794 = CIRCLE ( 'NONE', #2049, 0.5000000000000018874 ) ;
#795 = LINE ( 'NONE', #4240, #1635 ) ;
#796 = FACE_OUTER_BOUND ( 'NONE', #1733, .T. ) ;
#797 = DIRECTION ( 'NONE',  ( 0.8501817746811739518, -0.5264892686465411087, -6.304819211771186701E-15 ) ) ;
#798 = LINE ( 'NONE', #130, #3715 ) ;
#799 = LINE ( 'NONE', #4270, #2018 ) ;
#800 = VERTEX_POINT ( 'NONE', #349 ) ;
#801 = ORIENTED_EDGE ( 'NONE', *, *, #4446, .F. ) ;
#802 = ORIENTED_EDGE ( 'NONE', *, *, #598, .T. ) ;
#803 = DIRECTION ( 'NONE',  ( -0.8501817746811740628, 0.5264892686465408866, 6.215937808007701203E-15 ) ) ;
#804 = CARTESIAN_POINT ( 'NONE',  ( -4.343160337541400295, -7.219936432023385642, 7.999999999999320544 ) ) ;
#805 = CARTESIAN_POINT ( 'NONE',  ( -9.178452637673055747, -5.721097503738119983, 5.098297620505067407 ) ) ;
#806 = AXIS2_PLACEMENT_3D ( 'NONE', #2748, #4197, #4263 ) ;
#807 = CARTESIAN_POINT ( 'NONE',  ( -7.870638437473199467, -12.91615432238725170, 11.49999999999931966 ) ) ;
#808 = ORIENTED_EDGE ( 'NONE', *, *, #3692, .F. ) ;
#809 = DIRECTION ( 'NONE',  ( -1.000000000000000000, 0.000000000000000000, 1.679012624431708196E-14 ) ) ;
#810 = CARTESIAN_POINT ( 'NONE',  ( -8.038339948274954239, -23.63351762700999004, 3.999999999999965361 ) ) ;
#811 = DIRECTION ( 'NONE',  ( -0.8501817746811739518, 0.5264892686465409977, 6.304819211771186701E-15 ) ) ;
#812 = EDGE_CURVE ( 'NONE', #759, #179, #3291, .T. ) ;
#813 = ORIENTED_EDGE ( 'NONE', *, *, #3391, .F. ) ;
#814 = CARTESIAN_POINT ( 'NONE',  ( -8.564563792774164241, -5.679468720554249117, 3.848297620505064298 ) ) ;
#815 = EDGE_CURVE ( 'NONE', #1361, #4566, #4094, .T. ) ;
#816 = FACE_BOUND ( 'NONE', #1334, .T. ) ;
#817 = FACE_OUTER_BOUND ( 'NONE', #1856, .T. ) ;
#818 = ADVANCED_FACE ( 'NONE', ( #2948 ), #4457, .F. ) ;
#819 = FACE_OUTER_BOUND ( 'NONE', #1659, .T. ) ;
#820 = LINE ( 'NONE', #2332, #1570 ) ;
#821 = CARTESIAN_POINT ( 'NONE',  ( -6.458872142335297717, -21.08297230296648905, 9.999999999999285905 ) ) ;
#822 = AXIS2_PLACEMENT_3D ( 'NONE', #3655, #3285, #2343 ) ;
#823 = EDGE_CURVE ( 'NONE', #3300, #1590, #2199, .T. ) ;
#824 = ORIENTED_EDGE ( 'NONE', *, *, #3296, .T. ) ;
#825 = ORIENTED_EDGE ( 'NONE', *, *, #362, .T. ) ;
#826 = ORIENTED_EDGE ( 'NONE', *, *, #4245, .F. ) ;
#827 = EDGE_CURVE ( 'NONE', #4172, #4825, #3024, .T. ) ;
#828 = CARTESIAN_POINT ( 'NONE',  ( -9.140838155855027125, -5.660357145272730151, 3.600000000000031175 ) ) ;
#829 = CARTESIAN_POINT ( 'NONE',  ( -9.140838155855027125, -5.660357145272730151, 3.600000000000031175 ) ) ;
#830 = EDGE_LOOP ( 'NONE', ( #4338, #1092, #284, #408 ) ) ;
#831 = DIRECTION ( 'NONE',  ( 0.5264892686465405536, 0.8501817746811741738, 8.673617379884023639E-16 ) ) ;
#832 = ORIENTED_EDGE ( 'NONE', *, *, #3269, .T. ) ;
#833 = DIRECTION ( 'NONE',  ( -6.368838776330976957E-15, -2.225969371686931669E-14, 1.000000000000000000 ) ) ;
#834 = DIRECTION ( 'NONE',  ( 0.5264892686465409977, 0.8501817746811738408, -0.000000000000000000 ) ) ;
#835 = DIRECTION ( 'NONE',  ( 0.8501817746811738408, -0.5264892686465411087, -6.304819211771185913E-15 ) ) ;
#836 = AXIS2_PLACEMENT_3D ( 'NONE', #908, #3940, #3641 ) ;
#837 = AXIS2_PLACEMENT_3D ( 'NONE', #380, #995, #233 ) ;
#838 = LINE ( 'NONE', #4239, #3307 ) ;
#839 = FACE_OUTER_BOUND ( 'NONE', #1073, .T. ) ;
#840 = CARTESIAN_POINT ( 'NONE',  ( -0.8374712326468634060, 6.705476247945980184, 6.099999999999999645 ) ) ;
#841 = DIRECTION ( 'NONE',  ( -1.000000000000000000, 0.000000000000000000, 1.599059642315851367E-14 ) ) ;
#842 = CARTESIAN_POINT ( 'NONE',  ( -9.252899314438018052, -5.841314973571569702, 5.098297620505067407 ) ) ;
#843 = CARTESIAN_POINT ( 'NONE',  ( -0.2033924773505385863, 4.213449858298920603, 3.599999999999981881 ) ) ;
#844 = CARTESIAN_POINT ( 'NONE',  ( -0.2033924773505822736, 4.213449858298770501, 10.39999999999998259 ) ) ;
#845 = ORIENTED_EDGE ( 'NONE', *, *, #1089, .T. ) ;
#846 = EDGE_LOOP ( 'NONE', ( #2125, #2122 ) ) ;
#847 = ORIENTED_EDGE ( 'NONE', *, *, #4835, .F. ) ;
#848 = FACE_OUTER_BOUND ( 'NONE', #4214, .T. ) ;
#849 = ORIENTED_EDGE ( 'NONE', *, *, #2450, .T. ) ;
#850 = CARTESIAN_POINT ( 'NONE',  ( -3.087385037636405816, -3.292720064652153056, 8.999999999999326761 ) ) ;
#851 = CIRCLE ( 'NONE', #2824, 1.784839758362199547 ) ;
#852 = DIRECTION ( 'NONE',  ( 2.503811017409750534E-15, -7.892832678386689141E-15, 1.000000000000000000 ) ) ;
#853 = DIRECTION ( 'NONE',  ( 0.8501817746811739518, -0.5264892686465411087, -6.304819211771186701E-15 ) ) ;
#854 = VECTOR ( 'NONE', #1074, 1000.000000000000000 ) ;
#855 = DIRECTION ( 'NONE',  ( 0.5264892686465411087, 0.8501817746811739518, 2.210443882994788087E-14 ) ) ;
#856 = EDGE_CURVE ( 'NONE', #4252, #4886, #768, .T. ) ;
#857 = ORIENTED_EDGE ( 'NONE', *, *, #3974, .T. ) ;
#858 = CARTESIAN_POINT ( 'NONE',  ( 2.817093716051537466, 4.342535703640642453, -1.320461230704683421E-16 ) ) ;
#859 = CARTESIAN_POINT ( 'NONE',  ( -9.348707862106865107, -14.35327323742633432, 12.49999999999932498 ) ) ;
#860 = AXIS2_PLACEMENT_3D ( 'NONE', #2353, #3873, #523 ) ;
#861 = AXIS2_PLACEMENT_3D ( 'NONE', #3475, #4585, #4514 ) ;
#862 = DIRECTION ( 'NONE',  ( 5.204170427930421283E-15, -3.717264591378872796E-15, 1.000000000000000000 ) ) ;
#863 = PLANE ( 'NONE',  #501 ) ;
#864 = VECTOR ( 'NONE', #1153, 999.9999999999998863 ) ;
#865 = FACE_OUTER_BOUND ( 'NONE', #347, .T. ) ;
#866 = DIRECTION ( 'NONE',  ( -0.8501817746811739518, 0.5264892686465411087, 6.381590766241915839E-15 ) ) ;
#867 = VERTEX_POINT ( 'NONE', #1112 ) ;
#868 = VERTEX_POINT ( 'NONE', #2623 ) ;
#869 = ORIENTED_EDGE ( 'NONE', *, *, #2994, .F. ) ;
#870 = EDGE_CURVE ( 'NONE', #2163, #2265, #2228, .T. ) ;
#871 = ADVANCED_FACE ( 'NONE', ( #1038 ), #2546, .F. ) ;
#872 = EDGE_CURVE ( 'NONE', #4506, #4708, #3374, .T. ) ;
#873 = CARTESIAN_POINT ( 'NONE',  ( 1.262673961550958346, 11.42638000858819680, 6.099999999999945466 ) ) ;
#874 = VERTEX_POINT ( 'NONE', #668 ) ;
#875 = ORIENTED_EDGE ( 'NONE', *, *, #4232, .T. ) ;
#876 = CARTESIAN_POINT ( 'NONE',  ( -8.917690488581706987, -14.60694770414669819, 3.999999999999317435 ) ) ;
#877 = DIRECTION ( 'NONE',  ( -0.5264892686465441063, -0.8501817746811719534, 1.129958009204315258E-14 ) ) ;
#878 = PLANE ( 'NONE',  #4247 ) ;
#879 = EDGE_CURVE ( 'NONE', #32, #4349, #2253, .T. ) ;
#880 = VERTEX_POINT ( 'NONE', #374 ) ;
#881 = CARTESIAN_POINT ( 'NONE',  ( -9.348707862106865107, -14.35327323742633432, 12.49999999999932498 ) ) ;
#882 = PLANE ( 'NONE',  #4337 ) ;
#883 = DIRECTION ( 'NONE',  ( -0.5264892686465441063, -0.8501817746811719534, 1.129958009204315258E-14 ) ) ;
#884 = APPLICATION_PROTOCOL_DEFINITION ( 'draft international standard', 'automotive_design', 1998, #1003 ) ;
#885 = DIRECTION ( 'NONE',  ( -5.204170427930420494E-15, 3.642919299551294109E-15, -1.000000000000000000 ) ) ;
#886 = DIRECTION ( 'NONE',  ( -0.8501817746811739518, 0.5264892686465409977, 0.000000000000000000 ) ) ;
#887 = EDGE_CURVE ( 'NONE', #387, #4159, #2175, .T. ) ;
#888 = ORIENTED_EDGE ( 'NONE', *, *, #3028, .F. ) ;
#889 = ORIENTED_EDGE ( 'NONE', *, *, #3758, .T. ) ;
#890 = ORIENTED_EDGE ( 'NONE', *, *, #3657, .F. ) ;
#891 = AXIS2_PLACEMENT_3D ( 'NONE', #3726, #4874, #1833 ) ;
#892 = VECTOR ( 'NONE', #4319, 1000.000000000000000 ) ;
#893 = DIRECTION ( 'NONE',  ( -0.5264892686465441063, -0.8501817746811719534, 1.129958009204315258E-14 ) ) ;
#894 = VERTEX_POINT ( 'NONE', #3121 ) ;
#895 = VERTEX_POINT ( 'NONE', #3848 ) ;
#896 = DIRECTION ( 'NONE',  ( 0.8501817746811739518, -0.5264892686465411087, -6.304819211771187490E-15 ) ) ;
#897 = LINE ( 'NONE', #581, #3088 ) ;
#898 = EDGE_CURVE ( 'NONE', #4850, #1007, #3893, .T. ) ;
#899 = LINE ( 'NONE', #2409, #2508 ) ;
#900 = EDGE_CURVE ( 'NONE', #3501, #2163, #3424, .T. ) ;
#901 = CARTESIAN_POINT ( 'NONE',  ( -0.6772328191324153979, 3.448286261085899973, 1.999999999999961364 ) ) ;
#902 = FACE_OUTER_BOUND ( 'NONE', #1561, .T. ) ;
#903 = DIRECTION ( 'NONE',  ( 0.8501817746811738408, -0.5264892686465409977, -6.304819211771187490E-15 ) ) ;
#904 = DIRECTION ( 'NONE',  ( -0.5264892686465411087, -0.8501817746811739518, -2.193656236453077173E-14 ) ) ;
#905 = ORIENTED_EDGE ( 'NONE', *, *, #1907, .T. ) ;
#906 = STYLED_ITEM ( 'NONE', ( #1085 ), #1452 ) ;
#907 = FACE_OUTER_BOUND ( 'NONE', #1870, .T. ) ;
#908 = CARTESIAN_POINT ( 'NONE',  ( -4.505990532388637781, -25.52692925792583623, -5.720340926719906269E-14 ) ) ;
#909 = LINE ( 'NONE', #2492, #2506 ) ;
#910 = ORIENTED_EDGE ( 'NONE', *, *, #1691, .T. ) ;
#911 = ADVANCED_FACE ( 'NONE', ( #4289 ), #500, .F. ) ;
#912 = ORIENTED_EDGE ( 'NONE', *, *, #4878, .F. ) ;
#913 = CARTESIAN_POINT ( 'NONE',  ( -8.989654680114744778, -5.416224086230983836, 5.098297620505067407 ) ) ;
#914 = DIRECTION ( 'NONE',  ( 5.425512162932531729E-15, -3.359839055320244745E-15, 1.000000000000000000 ) ) ;
#915 = ORIENTED_EDGE ( 'NONE', *, *, #964, .F. ) ;
#916 = ORIENTED_EDGE ( 'NONE', *, *, #2898, .F. ) ;
#917 = DIRECTION ( 'NONE',  ( -0.5264892686465441063, -0.8501817746811719534, 1.129958009204315258E-14 ) ) ;
#918 = CARTESIAN_POINT ( 'NONE',  ( -5.032479801035123934, -26.37711103260705059, 10.99999999999926104 ) ) ;
#919 = FACE_OUTER_BOUND ( 'NONE', #2622, .T. ) ;
#920 = EDGE_CURVE ( 'NONE', #2553, #3674, #1908, .T. ) ;
#921 = ORIENTED_EDGE ( 'NONE', *, *, #223, .F. ) ;
#922 = VECTOR ( 'NONE', #4849, 1000.000000000000114 ) ;
#923 = LINE ( 'NONE', #609, #924 ) ;
#924 = VECTOR ( 'NONE', #2085, 999.9999999999998863 ) ;
#925 = CARTESIAN_POINT ( 'NONE',  ( -11.17582241267638743, -21.10246966508321620, 1.499999999999990230 ) ) ;
#926 = EDGE_CURVE ( 'NONE', #2848, #3981, #47, .T. ) ;
#927 = EDGE_CURVE ( 'NONE', #2303, #3457, #3915, .T. ) ;
#928 = EDGE_CURVE ( 'NONE', #3859, #4229, #3827, .T. ) ;
#929 = CARTESIAN_POINT ( 'NONE',  ( -3.877118940606251840, -4.567992726673892001, 2.500000000000006217 ) ) ;
#930 = CIRCLE ( 'NONE', #3474, 1.500000000000001110 ) ;
#931 = VECTOR ( 'NONE', #630, 1000.000000000000114 ) ;
#932 = CARTESIAN_POINT ( 'NONE',  ( 0.1651500107020413277, 4.808577100575741170, 3.599999999999996980 ) ) ;
#933 = VECTOR ( 'NONE', #1161, 999.9999999999998863 ) ;
#934 = DIRECTION ( 'NONE',  ( -0.5264892686465441063, -0.8501817746811719534, 1.129958009204315258E-14 ) ) ;
#935 = DIRECTION ( 'NONE',  ( -0.5264892686465411087, -0.8501817746811739518, -1.347640774118499808E-15 ) ) ;
#936 = DIRECTION ( 'NONE',  ( -0.8501817746811719534, 0.5264892686465441063, 6.284186198641042686E-15 ) ) ;
#937 = VERTEX_POINT ( 'NONE', #840 ) ;
#938 = VECTOR ( 'NONE', #1016, 1000.000000000000000 ) ;
#939 = AXIS2_PLACEMENT_3D ( 'NONE', #4526, #1133, #1767 ) ;
#940 = VECTOR ( 'NONE', #852, 1000.000000000000000 ) ;
#941 = VERTEX_POINT ( 'NONE', #3494 ) ;
#942 = LINE ( 'NONE', #4795, #1526 ) ;
#943 = DIRECTION ( 'NONE',  ( -0.5264892686465397764, -0.8501817746811747289, 0.000000000000000000 ) ) ;
#944 = AXIS2_PLACEMENT_3D ( 'NONE', #4103, #706, #2217 ) ;
#945 = VERTEX_POINT ( 'NONE', #4579 ) ;
#946 = EDGE_LOOP ( 'NONE', ( #1490, #157 ) ) ;
#947 = CARTESIAN_POINT ( 'NONE',  ( -9.767872263262894705, -14.08045843550015164, 0.9999999999993230970 ) ) ;
#948 = CARTESIAN_POINT ( 'NONE',  ( -8.564563792774157136, -5.679468720554254446, 5.098297620505063854 ) ) ;
#949 = DIRECTION ( 'NONE',  ( 6.147034119175160791E-15, 2.190152064804674809E-14, -1.000000000000000000 ) ) ;
#950 = ADVANCED_FACE ( 'NONE', ( #4606 ), #125, .T. ) ;
#951 = ORIENTED_EDGE ( 'NONE', *, *, #2017, .T. ) ;
#952 = CYLINDRICAL_SURFACE ( 'NONE', #2196, 1.500000000000001110 ) ;
#953 = CARTESIAN_POINT ( 'NONE',  ( -7.906452206965989049, -4.616741502202784453, 3.848297620505064298 ) ) ;
#954 = SPHERICAL_SURFACE ( 'NONE', #4427, 1.500000000000000000 ) ;
#955 = DIRECTION ( 'NONE',  ( 0.5264892686465409977, 0.8501817746811739518, -1.765767018334435017E-16 ) ) ;
#956 = EDGE_CURVE ( 'NONE', #2480, #3949, #3071, .T. ) ;
#957 = EDGE_CURVE ( 'NONE', #3152, #3501, #3469, .T. ) ;
#958 = DIRECTION ( 'NONE',  ( 0.8501817746811738408, -0.5264892686465411087, -6.304819211771186701E-15 ) ) ;
#959 = CARTESIAN_POINT ( 'NONE',  ( -8.917690488581696329, -14.60694770414670884, 5.499999999999317879 ) ) ;
#960 = DIRECTION ( 'NONE',  ( 5.159289654151439214E-15, -3.194976318762539510E-15, 1.000000000000000000 ) ) ;
#961 = ORIENTED_EDGE ( 'NONE', *, *, #425, .F. ) ;
#962 = VECTOR ( 'NONE', #3062, 1000.000000000000000 ) ;
#963 = ORIENTED_EDGE ( 'NONE', *, *, #2839, .F. ) ;
#964 = EDGE_CURVE ( 'NONE', #4108, #3055, #4673, .T. ) ;
#965 = CARTESIAN_POINT ( 'NONE',  ( -7.906452206965989049, -4.616741502202784453, 3.848297620505064298 ) ) ;
#966 = EDGE_CURVE ( 'NONE', #3553, #1152, #1915, .T. ) ;
#967 = VERTEX_POINT ( 'NONE', #2725 ) ;
#968 = ORIENTED_EDGE ( 'NONE', *, *, #4242, .T. ) ;
#969 = ADVANCED_FACE ( 'NONE', ( #796, #3141, #816, #2305, #3047 ), #3870, .T. ) ;
#970 = LINE ( 'NONE', #1708, #2157 ) ;
#971 = CARTESIAN_POINT ( 'NONE',  ( 0.08483975836232668377, 6.134319756967060222, 11.09999999971475226 ) ) ;
#972 = FACE_OUTER_BOUND ( 'NONE', #339, .T. ) ;
#973 = EDGE_LOOP ( 'NONE', ( #849, #4079, #1905, #2528 ) ) ;
#974 = VECTOR ( 'NONE', #4840, 1000.000000000000114 ) ;
#975 = ORIENTED_EDGE ( 'NONE', *, *, #56, .T. ) ;
#976 = ORIENTED_EDGE ( 'NONE', *, *, #3575, .T. ) ;
#977 = DIRECTION ( 'NONE',  ( -0.5264892686465409977, -0.8501817746811739518, 1.765767018334435017E-16 ) ) ;
#978 = DIRECTION ( 'NONE',  ( 5.360242386507588202E-15, -3.319419655754073984E-15, 1.000000000000000000 ) ) ;
#979 = PLANE ( 'NONE',  #1654 ) ;
#980 = VECTOR ( 'NONE', #4200, 999.9999999999998863 ) ;
#981 = DIRECTION ( 'NONE',  ( -0.5264892686465441063, -0.8501817746811719534, 1.129958009204315258E-14 ) ) ;
#982 = ORIENTED_EDGE ( 'NONE', *, *, #2996, .T. ) ;
#983 = CARTESIAN_POINT ( 'NONE',  ( -8.923616974766277465, -14.61651787174960404, 12.49999999999932143 ) ) ;
#984 = CARTESIAN_POINT ( 'NONE',  ( 0.08483975836220132571, 6.134319756967185455, 3.599999999999961453 ) ) ;
#985 = ADVANCED_FACE ( 'NONE', ( #477 ), #1254, .T. ) ;
#986 = VERTEX_POINT ( 'NONE', #4556 ) ;
#987 = VECTOR ( 'NONE', #4391, 1000.000000000000000 ) ;
#988 = EDGE_LOOP ( 'NONE', ( #3361, #3621, #4360, #1896 ) ) ;
#989 = DIRECTION ( 'NONE',  ( 0.5264892686465414418, 0.8501817746811736187, 0.000000000000000000 ) ) ;
#990 = EDGE_CURVE ( 'NONE', #1385, #945, #1159, .T. ) ;
#991 = ORIENTED_EDGE ( 'NONE', *, *, #3058, .F. ) ;
#992 = VERTEX_POINT ( 'NONE', #4008 ) ;
#993 = DIRECTION ( 'NONE',  ( 0.5264892686465441063, 0.8501817746811719534, -1.129958009204315101E-14 ) ) ;
#994 = DIRECTION ( 'NONE',  ( 0.8501817746811739518, -0.5264892686465409977, -6.304819211771186701E-15 ) ) ;
#995 = DIRECTION ( 'NONE',  ( -0.8501817746811739518, 0.5264892686465411087, 6.304819211771187490E-15 ) ) ;
#996 = ORIENTED_EDGE ( 'NONE', *, *, #1810, .F. ) ;
#997 = EDGE_LOOP ( 'NONE', ( #1651, #4375, #3968, #4385 ) ) ;
#998 = ORIENTED_EDGE ( 'NONE', *, *, #2677, .T. ) ;
#999 = DIRECTION ( 'NONE',  ( -0.5264892686465409977, -0.8501817746811739518, 0.000000000000000000 ) ) ;
#1000 = CARTESIAN_POINT ( 'NONE',  ( -9.596354606736763770, -18.55192434103969390, 1.499999999999990230 ) ) ;
#1001 = DIRECTION ( 'NONE',  ( 6.201160163729268875E-15, 2.198892409452872662E-14, -1.000000000000000000 ) ) ;
#1002 = LINE ( 'NONE', #4061, #216 ) ;
#1003 = APPLICATION_CONTEXT ( 'automotive_design' ) ;
#1004 = CARTESIAN_POINT ( 'NONE',  ( -0.8548592206691634221, 4.616881523681228394, 6.099999999999970335 ) ) ;
#1005 = AXIS2_PLACEMENT_3D ( 'NONE', #1676, #3195, #293 ) ;
#1006 = VECTOR ( 'NONE', #811, 999.9999999999998863 ) ;
#1007 = VERTEX_POINT ( 'NONE', #1346 ) ;
#1008 = CIRCLE ( 'NONE', #4331, 0.5000000000000028866 ) ;
#1009 = DIRECTION ( 'NONE',  ( 0.5264892686465409977, 0.8501817746811739518, -9.471708046260220672E-17 ) ) ;
#1010 = DIRECTION ( 'NONE',  ( -0.5264892686465409977, -0.8501817746811739518, 0.000000000000000000 ) ) ;
#1011 = VECTOR ( 'NONE', #4140, 999.9999999999998863 ) ;
#1012 = ORIENTED_EDGE ( 'NONE', *, *, #1555, .T. ) ;
#1013 = ORIENTED_EDGE ( 'NONE', *, *, #3057, .T. ) ;
#1014 = LINE ( 'NONE', #4045, #187 ) ;
#1015 = VECTOR ( 'NONE', #981, 1000.000000000000000 ) ;
#1016 = DIRECTION ( 'NONE',  ( -5.204170427930416550E-15, 5.204170427930416550E-15, -1.000000000000000000 ) ) ;
#1017 = AXIS2_PLACEMENT_3D ( 'NONE', #3908, #3508, #2810 ) ;
#1018 = ORIENTED_EDGE ( 'NONE', *, *, #1266, .F. ) ;
#1019 = ORIENTED_EDGE ( 'NONE', *, *, #2322, .F. ) ;
#1020 = EDGE_CURVE ( 'NONE', #1361, #880, #155, .T. ) ;
#1021 = ADVANCED_FACE ( 'NONE', ( #2844 ), #3962, .F. ) ;
#1022 = DIRECTION ( 'NONE',  ( -5.204170427930416550E-15, 5.204170427930416550E-15, -1.000000000000000000 ) ) ;
#1023 = EDGE_CURVE ( 'NONE', #4520, #2683, #2462, .T. ) ;
#1024 = VECTOR ( 'NONE', #3482, 1000.000000000000000 ) ;
#1025 = CARTESIAN_POINT ( 'NONE',  ( -8.827808427097439292, -6.104559607894836759, 3.848297620505064298 ) ) ;
#1026 = CARTESIAN_POINT ( 'NONE',  ( 2.201903265168335011, -25.85819265126317035, 12.49999999999922373 ) ) ;
#1027 = EDGE_LOOP ( 'NONE', ( #1462, #723, #3841, #607 ) ) ;
#1028 = VERTEX_POINT ( 'NONE', #1650 ) ;
#1029 = EDGE_LOOP ( 'NONE', ( #93, #4471, #1621, #508 ) ) ;
#1030 = DIRECTION ( 'NONE',  ( 5.493291007259890447E-15, -2.891205793294679411E-15, 1.000000000000000000 ) ) ;
#1031 = LINE ( 'NONE', #1081, #304 ) ;
#1032 = CARTESIAN_POINT ( 'NONE',  ( -8.564563792774174900, -5.679468720554243788, 2.098297620505063854 ) ) ;
#1033 = DIRECTION ( 'NONE',  ( -0.8501817746811739518, 0.5264892686465411087, 6.304819211771187490E-15 ) ) ;
#1034 = EDGE_CURVE ( 'NONE', #2928, #4532, #1276, .T. ) ;
#1035 = CARTESIAN_POINT ( 'NONE',  ( -7.511850679628407690, -22.78333585232881120, 3.999999999999965361 ) ) ;
#1036 = FACE_BOUND ( 'NONE', #4610, .T. ) ;
#1037 = ORIENTED_EDGE ( 'NONE', *, *, #3572, .T. ) ;
#1038 = FACE_OUTER_BOUND ( 'NONE', #1401, .T. ) ;
#1039 = CARTESIAN_POINT ( 'NONE',  ( -9.485920012905614485, -7.167286826246304976, 3.848297620505064298 ) ) ;
#1040 = VERTEX_POINT ( 'NONE', #614 ) ;
#1041 = VECTOR ( 'NONE', #1063, 1000.000000000000114 ) ;
#1042 = VERTEX_POINT ( 'NONE', #3190 ) ;
#1043 = DIRECTION ( 'NONE',  ( 0.8501817746811739518, -0.5264892686465411087, -6.304819211771186701E-15 ) ) ;
#1044 = EDGE_CURVE ( 'NONE', #3149, #252, #1743, .T. ) ;
#1045 = CARTESIAN_POINT ( 'NONE',  ( -7.864711951288615666, -12.90658415478436005, 5.499999999999316991 ) ) ;
#1046 = EDGE_LOOP ( 'NONE', ( #1121, #3784 ) ) ;
#1047 = ORIENTED_EDGE ( 'NONE', *, *, #2518, .F. ) ;
#1048 = CARTESIAN_POINT ( 'NONE',  ( -3.132235019654363128, -5.264518350256684798, 7.100000000000029843 ) ) ;
#1049 = DIRECTION ( 'NONE',  ( 0.8501817746811739518, -0.5264892686465409977, -6.304819211771186701E-15 ) ) ;
#1050 = ORIENTED_EDGE ( 'NONE', *, *, #4183, .F. ) ;
#1051 = ORIENTED_EDGE ( 'NONE', *, *, #2174, .F. ) ;
#1052 = ORIENTED_EDGE ( 'NONE', *, *, #3964, .F. ) ;
#1053 = LINE ( 'NONE', #4783, #1881 ) ;
#1054 = EDGE_CURVE ( 'NONE', #2386, #1237, #3555, .T. ) ;
#1055 = DIRECTION ( 'NONE',  ( -0.5264892686465411087, -0.8501817746811739518, -2.210443882994788087E-14 ) ) ;
#1056 = DIRECTION ( 'NONE',  ( -1.000000000000000000, 0.000000000000000000, 5.425512162932541985E-15 ) ) ;
#1057 = DIRECTION ( 'NONE',  ( 1.129180823346041990E-14, 6.298140460044057229E-15, 1.000000000000000000 ) ) ;
#1058 = VECTOR ( 'NONE', #4436, 999.9999999999998863 ) ;
#1059 = CIRCLE ( 'NONE', #2957, 0.5000000000000028866 ) ;
#1060 = DIRECTION ( 'NONE',  ( 5.252255392759746175E-15, -3.044854025030429354E-15, 1.000000000000000000 ) ) ;
#1061 = FACE_OUTER_BOUND ( 'NONE', #3326, .T. ) ;
#1062 = VERTEX_POINT ( 'NONE', #3267 ) ;
#1063 = DIRECTION ( 'NONE',  ( 0.5264892686465404426, 0.8501817746811741738, -4.336808689942016257E-16 ) ) ;
#1064 = DIRECTION ( 'NONE',  ( 0.8501817746811739518, -0.5264892686465411087, -6.304819211771186701E-15 ) ) ;
#1065 = EDGE_LOOP ( 'NONE', ( #1012, #3116, #3920, #1433 ) ) ;
#1066 = VERTEX_POINT ( 'NONE', #4764 ) ;
#1067 = DIRECTION ( 'NONE',  ( 0.8501817746811737297, -0.5264892686465415528, -6.251117438503194183E-15 ) ) ;
#1068 = CARTESIAN_POINT ( 'NONE',  ( -0.2033924773505810801, 4.213449858298770501, 10.39999999999998082 ) ) ;
#1069 = AXIS2_PLACEMENT_3D ( 'NONE', #4170, #4530, #2921 ) ;
#1070 = EDGE_CURVE ( 'NONE', #3032, #3633, #2090, .T. ) ;
#1071 = VECTOR ( 'NONE', #751, 1000.000000000000114 ) ;
#1072 = ORIENTED_EDGE ( 'NONE', *, *, #3382, .F. ) ;
#1073 = EDGE_LOOP ( 'NONE', ( #2787, #2429, #1201, #1166 ) ) ;
#1074 = DIRECTION ( 'NONE',  ( -1.129180823346042148E-14, -6.298140460044058017E-15, -1.000000000000000000 ) ) ;
#1075 = AXIS2_PLACEMENT_3D ( 'NONE', #1119, #1806, #4855 ) ;
#1076 = DIRECTION ( 'NONE',  ( -6.985683126547774853E-15, -1.000000000000000000, -1.652265922105212854E-14 ) ) ;
#1077 = EDGE_LOOP ( 'NONE', ( #2672, #4699, #2937, #601 ) ) ;
#1078 = VERTEX_POINT ( 'NONE', #1697 ) ;
#1079 = ORIENTED_EDGE ( 'NONE', *, *, #2663, .T. ) ;
#1080 = DIRECTION ( 'NONE',  ( 0.8501817746811739518, -0.5264892686465411087, -6.304819211771185913E-15 ) ) ;
#1081 = CARTESIAN_POINT ( 'NONE',  ( 0.1651500107020288655, 4.808577100575702978, 5.399999999999997691 ) ) ;
#1082 = SPHERICAL_SURFACE ( 'NONE', #3084, 1.500000000000000000 ) ;
#1083 = FACE_OUTER_BOUND ( 'NONE', #1215, .T. ) ;
#1084 = CARTESIAN_POINT ( 'NONE',  ( -1.034088988213641924, -25.61857895817343334, 5.249999999999241496 ) ) ;
#1085 = PRESENTATION_STYLE_ASSIGNMENT (( #643 ) ) ;
#1086 = ADVANCED_FACE ( 'NONE', ( #4712 ), #4308, .T. ) ;
#1087 = EDGE_CURVE ( 'NONE', #317, #1097, #215, .T. ) ;
#1088 = ORIENTED_EDGE ( 'NONE', *, *, #2327, .T. ) ;
#1089 = EDGE_CURVE ( 'NONE', #4879, #2163, #1717, .T. ) ;
#1090 = CARTESIAN_POINT ( 'NONE',  ( -3.132235019654363128, -5.264518350256685686, 7.099999999999998757 ) ) ;
#1091 = CARTESIAN_POINT ( 'NONE',  ( -3.132235019654400432, -5.264518350256662593, 0.09999999999999975575 ) ) ;
#1092 = ORIENTED_EDGE ( 'NONE', *, *, #566, .F. ) ;
#1093 = PLANE ( 'NONE',  #2397 ) ;
#1094 = AXIS2_PLACEMENT_3D ( 'NONE', #2, #1064, #1858 ) ;
#1095 = CARTESIAN_POINT ( 'NONE',  ( -0.1312461883690561604, -0.4184822345740046301, 10.99999999999932676 ) ) ;
#1096 = CARTESIAN_POINT ( 'NONE',  ( -9.140838155855027125, -5.660357145272730151, 3.600000000000031175 ) ) ;
#1097 = VERTEX_POINT ( 'NONE', #2443 ) ;
#1098 = ORIENTED_EDGE ( 'NONE', *, *, #3659, .T. ) ;
#1099 = CARTESIAN_POINT ( 'NONE',  ( -3.877118940606217201, -4.567992726673912429, 8.999999999999326761 ) ) ;
#1100 = AXIS2_PLACEMENT_3D ( 'NONE', #3517, #126, #1255 ) ;
#1101 = DIRECTION ( 'NONE',  ( 0.8501817746811739518, -0.5264892686465409977, -6.304819211771187490E-15 ) ) ;
#1102 = ORIENTED_EDGE ( 'NONE', *, *, #3452, .F. ) ;
#1103 = ORIENTED_EDGE ( 'NONE', *, *, #1505, .T. ) ;
#1104 = VECTOR ( 'NONE', #3842, 999.9999999999998863 ) ;
#1105 = ORIENTED_EDGE ( 'NONE', *, *, #887, .T. ) ;
#1106 = FACE_BOUND ( 'NONE', #2287, .T. ) ;
#1107 = CARTESIAN_POINT ( 'NONE',  ( -8.331543094306580244, -4.353496867879512067, 3.348297620505066963 ) ) ;
#1108 = EDGE_CURVE ( 'NONE', #4879, #2928, #2117, .T. ) ;
#1109 = DIRECTION ( 'NONE',  ( -0.8501817746811739518, 0.5264892686465411087, 6.381590766241914262E-15 ) ) ;
#1110 = LINE ( 'NONE', #323, #3317 ) ;
#1111 = ORIENTED_EDGE ( 'NONE', *, *, #3911, .F. ) ;
#1112 = CARTESIAN_POINT ( 'NONE',  ( -4.374368215226958512, -25.31438381425557793, 8.749999999999259259 ) ) ;
#1113 = CARTESIAN_POINT ( 'NONE',  ( -2.309361650235403740, -24.82884505520361884, 5.249999999999250377 ) ) ;
#1114 = EDGE_CURVE ( 'NONE', #4639, #4129, #1367, .T. ) ;
#1115 = EDGE_CURVE ( 'NONE', #3227, #2227, #3936, .T. ) ;
#1116 = ORIENTED_EDGE ( 'NONE', *, *, #2632, .T. ) ;
#1117 = DIRECTION ( 'NONE',  ( -0.5264892686465404426, -0.8501817746811741738, -1.084202172485504064E-16 ) ) ;
#1118 = LINE ( 'NONE', #1886, #4898 ) ;
#1119 = CARTESIAN_POINT ( 'NONE',  ( 0.6224354592286509558, -28.40873797530665001, 1.499999999999902967 ) ) ;
#1120 = DIRECTION ( 'NONE',  ( -0.5264892686465415528, -0.8501817746811735077, 0.000000000000000000 ) ) ;
#1121 = ORIENTED_EDGE ( 'NONE', *, *, #4446, .T. ) ;
#1122 = ORIENTED_EDGE ( 'NONE', *, *, #4123, .F. ) ;
#1123 = EDGE_CURVE ( 'NONE', #3534, #693, #539, .T. ) ;
#1124 = DIRECTION ( 'NONE',  ( 0.8501817746811738408, -0.5264892686465409977, -6.304819211771187490E-15 ) ) ;
#1125 = VERTEX_POINT ( 'NONE', #1004 ) ;
#1126 = ORIENTED_EDGE ( 'NONE', *, *, #4021, .T. ) ;
#1127 = ORIENTED_EDGE ( 'NONE', *, *, #541, .T. ) ;
#1128 = AXIS2_PLACEMENT_3D ( 'NONE', #3938, #544, #1674 ) ;
#1129 = CARTESIAN_POINT ( 'NONE',  ( -8.295729324813803984, -12.65290968806398908, 9.999999999999321432 ) ) ;
#1130 = ORIENTED_EDGE ( 'NONE', *, *, #3270, .F. ) ;
#1131 = CARTESIAN_POINT ( 'NONE',  ( -3.877118940606238517, -4.567992726673899995, 5.000000000000006217 ) ) ;
#1132 = CARTESIAN_POINT ( 'NONE',  ( -9.767872263262869836, -14.08045843550016762, 5.499999999999324096 ) ) ;
#1133 = DIRECTION ( 'NONE',  ( 0.8501817746811736187, -0.5264892686465417748, -6.068454779668997275E-15 ) ) ;
#1134 = CARTESIAN_POINT ( 'NONE',  ( -3.026937165925065454, -5.094481995320441214, 5.000000000000000000 ) ) ;
#1135 = ORIENTED_EDGE ( 'NONE', *, *, #2384, .F. ) ;
#1136 = DIRECTION ( 'NONE',  ( -0.5264892686465415528, -0.8501817746811735077, 0.000000000000000000 ) ) ;
#1137 = CARTESIAN_POINT ( 'NONE',  ( 1.857801203827770697, 11.05783752053560853, 5.399999999999941735 ) ) ;
#1138 = DIRECTION ( 'NONE',  ( -0.5264892686465415528, -0.8501817746811735077, 0.000000000000000000 ) ) ;
#1139 = ORIENTED_EDGE ( 'NONE', *, *, #4334, .T. ) ;
#1140 = DIRECTION ( 'NONE',  ( 0.5264892686465409977, 0.8501817746811739518, -0.000000000000000000 ) ) ;
#1141 = DIRECTION ( 'NONE',  ( -0.8501817746811738408, 0.5264892686465411087, 6.304819211771185913E-15 ) ) ;
#1142 = DIRECTION ( 'NONE',  ( 0.5264892686465415528, 0.8501817746811735077, 0.000000000000000000 ) ) ;
#1143 = CARTESIAN_POINT ( 'NONE',  ( -11.13487190308175379, -18.18728132541051323, 9.999999999999319655 ) ) ;
#1144 = ADVANCED_FACE ( 'NONE', ( #3565 ), #2513, .T. ) ;
#1145 = EDGE_LOOP ( 'NONE', ( #418, #2336, #3574, #4809, #1889 ) ) ;
#1146 = ORIENTED_EDGE ( 'NONE', *, *, #3867, .F. ) ;
#1147 = EDGE_CURVE ( 'NONE', #4367, #3975, #2070, .T. ) ;
#1148 = DIRECTION ( 'NONE',  ( -5.204170427930420494E-15, 3.122502256758252376E-15, -1.000000000000000000 ) ) ;
#1149 = ORIENTED_EDGE ( 'NONE', *, *, #2420, .F. ) ;
#1150 = CIRCLE ( 'NONE', #3132, 1.784839758362324780 ) ;
#1151 = DIRECTION ( 'NONE',  ( -0.5264892686465409977, -0.8501817746811739518, 0.000000000000000000 ) ) ;
#1152 = VERTEX_POINT ( 'NONE', #4038 ) ;
#1153 = DIRECTION ( 'NONE',  ( 0.8501817746811739518, -0.5264892686465411087, -6.304819211771186701E-15 ) ) ;
#1154 = FACE_OUTER_BOUND ( 'NONE', #3725, .T. ) ;
#1155 = CARTESIAN_POINT ( 'NONE',  ( 2.817093716051537466, 4.342535703640642453, -2.692053460325025090E-16 ) ) ;
#1156 = DIRECTION ( 'NONE',  ( 0.8501817746811739518, -0.5264892686465409977, -6.304819211771186701E-15 ) ) ;
#1157 = ORIENTED_EDGE ( 'NONE', *, *, #3679, .F. ) ;
#1158 = DIRECTION ( 'NONE',  ( -5.204170427930421283E-15, 3.469446951953614189E-15, -1.000000000000000000 ) ) ;
#1159 = LINE ( 'NONE', #243, #567 ) ;
#1160 = CARTESIAN_POINT ( 'NONE',  ( -6.195627508012026219, -20.65788141562590141, 9.999999999999285905 ) ) ;
#1161 = DIRECTION ( 'NONE',  ( -0.5264892686465413307, -0.8501817746811738408, 0.000000000000000000 ) ) ;
#1162 = LINE ( 'NONE', #26, #1375 ) ;
#1163 = ORIENTED_EDGE ( 'NONE', *, *, #521, .T. ) ;
#1164 = ORIENTED_EDGE ( 'NONE', *, *, #4020, .T. ) ;
#1165 = VECTOR ( 'NONE', #2055, 999.9999999999998863 ) ;
#1166 = ORIENTED_EDGE ( 'NONE', *, *, #1054, .F. ) ;
#1167 = VECTOR ( 'NONE', #4893, 1000.000000000000000 ) ;
#1168 = CARTESIAN_POINT ( 'NONE',  ( -7.906452206965992602, -4.616741502202782677, 3.348297620505063854 ) ) ;
#1169 = CARTESIAN_POINT ( 'NONE',  ( -1.476405569998795020, -27.59908687207639844, 7.333333333332812565 ) ) ;
#1170 = CIRCLE ( 'NONE', #2433, 1.084839758362325046 ) ;
#1171 = ORIENTED_EDGE ( 'NONE', *, *, #629, .T. ) ;
#1172 = VECTOR ( 'NONE', #1927, 999.9999999999998863 ) ;
#1173 = EDGE_CURVE ( 'NONE', #4521, #2716, #1110, .T. ) ;
#1174 = ADVANCED_FACE ( 'NONE', ( #3768 ), #2915, .F. ) ;
#1175 = ADVANCED_FACE ( 'NONE', ( #2988 ), #2194, .F. ) ;
#1176 = CARTESIAN_POINT ( 'NONE',  ( 2.817093716051450425, 4.342535703640334255, 13.99999999999999645 ) ) ;
#1177 = ORIENTED_EDGE ( 'NONE', *, *, #3294, .T. ) ;
#1178 = FACE_OUTER_BOUND ( 'NONE', #360, .T. ) ;
#1179 = CARTESIAN_POINT ( 'NONE',  ( -0.8374712326468699564, 6.705476247946000612, 3.599999999999998312 ) ) ;
#1180 = VECTOR ( 'NONE', #4464, 1000.000000000000000 ) ;
#1181 = VECTOR ( 'NONE', #3019, 1000.000000000000000 ) ;
#1182 = AXIS2_PLACEMENT_3D ( 'NONE', #2789, #4320, #139 ) ;
#1183 = CARTESIAN_POINT ( 'NONE',  ( -8.714893725969805161, -12.38009488613780817, 2.499999999999324096 ) ) ;
#1184 = EDGE_LOOP ( 'NONE', ( #1758, #12, #574, #136, #1360 ) ) ;
#1185 = DIRECTION ( 'NONE',  ( -0.8501817746811739518, 0.5264892686465409977, 0.000000000000000000 ) ) ;
#1186 = EDGE_CURVE ( 'NONE', #1240, #4852, #3662, .T. ) ;
#1187 = VECTOR ( 'NONE', #463, 1000.000000000000000 ) ;
#1188 = CARTESIAN_POINT ( 'NONE',  ( 1.857801203827770697, 11.05783752053560853, 5.399999999999941735 ) ) ;
#1189 = CARTESIAN_POINT ( 'NONE',  ( 1.857801203827799341, 11.05783752053562630, 7.899999999999939959 ) ) ;
#1190 = FACE_OUTER_BOUND ( 'NONE', #3959, .T. ) ;
#1191 = CARTESIAN_POINT ( 'NONE',  ( -0.2033924773505698114, 4.213449858298810469, 8.599999999999980105 ) ) ;
#1192 = DIRECTION ( 'NONE',  ( 0.8501817746811742849, -0.5264892686465405536, -6.742727532965550074E-15 ) ) ;
#1193 = ORIENTED_EDGE ( 'NONE', *, *, #521, .F. ) ;
#1194 = ORIENTED_EDGE ( 'NONE', *, *, #3921, .T. ) ;
#1195 = ORIENTED_EDGE ( 'NONE', *, *, #7, .F. ) ;
#1196 = DIRECTION ( 'NONE',  ( -0.5264892686465408866, -0.8501817746811740628, 0.000000000000000000 ) ) ;
#1197 = CARTESIAN_POINT ( 'NONE',  ( -11.17582241267632881, -21.10246966508325883, 12.49999999999931077 ) ) ;
#1198 = ORIENTED_EDGE ( 'NONE', *, *, #383, .F. ) ;
#1199 = VECTOR ( 'NONE', #4241, 999.9999999999998863 ) ;
#1200 = DIRECTION ( 'NONE',  ( 0.8501817746811739518, -0.5264892686465411087, -6.304819211771187490E-15 ) ) ;
#1201 = ORIENTED_EDGE ( 'NONE', *, *, #2384, .T. ) ;
#1202 = CARTESIAN_POINT ( 'NONE',  ( -1.184224725662147204, -2.118845783936347260, 9.499999999999319655 ) ) ;
#1203 = DIRECTION ( 'NONE',  ( 5.782411586589355667E-15, -3.469446951953613400E-15, 1.000000000000000000 ) ) ;
#1204 = DIRECTION ( 'NONE',  ( 0.5264892686465411087, 0.8501817746811739518, 2.241421087922945176E-14 ) ) ;
#1205 = PLANE ( 'NONE',  #1793 ) ;
#1206 = CARTESIAN_POINT ( 'NONE',  ( -7.775095313951649878, -23.20842673966942371, 9.999999999999285905 ) ) ;
#1207 = DIRECTION ( 'NONE',  ( -0.5264892686465411087, -0.8501817746811739518, 1.181005937885996324E-16 ) ) ;
#1208 = CARTESIAN_POINT ( 'NONE',  ( -11.43906704699966070, -21.52756055242380384, 1.499999999999990230 ) ) ;
#1209 = FACE_OUTER_BOUND ( 'NONE', #1506, .T. ) ;
#1210 = PLANE ( 'NONE',  #476 ) ;
#1211 = DIRECTION ( 'NONE',  ( -0.5264892686465408866, -0.8501817746811740628, 0.000000000000000000 ) ) ;
#1212 = VECTOR ( 'NONE', #3907, 1000.000000000000000 ) ;
#1213 = ORIENTED_EDGE ( 'NONE', *, *, #927, .T. ) ;
#1214 = EDGE_LOOP ( 'NONE', ( #3444, #2660, #3488, #2961 ) ) ;
#1215 = EDGE_LOOP ( 'NONE', ( #183, #2405, #371, #3360 ) ) ;
#1216 = VECTOR ( 'NONE', #3473, 1000.000000000000114 ) ;
#1217 = DIRECTION ( 'NONE',  ( 0.5264892686465385552, 0.8501817746811756171, 0.000000000000000000 ) ) ;
#1218 = ADVANCED_FACE ( 'NONE', ( #2249 ), #4821, .F. ) ;
#1219 = ORIENTED_EDGE ( 'NONE', *, *, #3977, .F. ) ;
#1220 = CARTESIAN_POINT ( 'NONE',  ( -11.06856877358605651, -8.583344429792171937, 0.1000000000000321049 ) ) ;
#1221 = CARTESIAN_POINT ( 'NONE',  ( -6.636304186747363332, 9.020491249748031848, 5.400000000000048317 ) ) ;
#1222 = DIRECTION ( 'NONE',  ( -1.000000000000000000, 0.000000000000000000, 1.652265922105251350E-14 ) ) ;
#1223 = AXIS2_PLACEMENT_3D ( 'NONE', #1488, #3431, #2903 ) ;
#1224 = ORIENTED_EDGE ( 'NONE', *, *, #748, .T. ) ;
#1225 = DIRECTION ( 'NONE',  ( -0.8501817746811739518, 0.5264892686465411087, 6.381590766241915839E-15 ) ) ;
#1226 = CARTESIAN_POINT ( 'NONE',  ( -0.4863167326165827031, 5.212008765958048073, 6.099999999999985434 ) ) ;
#1227 = DIRECTION ( 'NONE',  ( -0.8501817746811739518, 0.5264892686465411087, 6.304819211771185913E-15 ) ) ;
#1228 = FACE_OUTER_BOUND ( 'NONE', #1332, .T. ) ;
#1229 = ADVANCED_FACE ( 'NONE', ( #4787 ), #4089, .T. ) ;
#1230 = EDGE_CURVE ( 'NONE', #3176, #986, #550, .T. ) ;
#1231 = ADVANCED_FACE ( 'NONE', ( #740 ), #369, .T. ) ;
#1232 = CARTESIAN_POINT ( 'NONE',  ( 0.08483975836220132571, 6.134319756967185455, 3.600000000005802558 ) ) ;
#1233 = CARTESIAN_POINT ( 'NONE',  ( -5.618432999563161445, -6.430202529053573812, 7.999999999999328537 ) ) ;
#1234 = DIRECTION ( 'NONE',  ( 0.8501817746811739518, -0.5264892686465411087, -6.304819211771187490E-15 ) ) ;
#1235 = ORIENTED_EDGE ( 'NONE', *, *, #4691, .F. ) ;
#1236 = EDGE_LOOP ( 'NONE', ( #2136, #1599, #3022, #2734 ) ) ;
#1237 = VERTEX_POINT ( 'NONE', #1035 ) ;
#1238 = CARTESIAN_POINT ( 'NONE',  ( -0.6772328191324777924, 3.448286261085679705, 11.99999999999996092 ) ) ;
#1239 = ORIENTED_EDGE ( 'NONE', *, *, #515, .T. ) ;
#1240 = VERTEX_POINT ( 'NONE', #2143 ) ;
#1241 = LINE ( 'NONE', #1687, #1568 ) ;
#1242 = VECTOR ( 'NONE', #646, 999.9999999999998863 ) ;
#1243 = LINE ( 'NONE', #4302, #2442 ) ;
#1244 = CARTESIAN_POINT ( 'NONE',  ( -0.8548592206691436601, 4.616881523681150234, 8.599999999999969447 ) ) ;
#1245 = AXIS2_PLACEMENT_3D ( 'NONE', #1381, #3700, #4858 ) ;
#1246 = CARTESIAN_POINT ( 'NONE',  ( -7.004846674799957817, 8.425364007471156214, 7.900000000000032330 ) ) ;
#1247 = EDGE_LOOP ( 'NONE', ( #4180, #2634 ) ) ;
#1248 = LINE ( 'NONE', #4644, #1564 ) ;
#1249 = VECTOR ( 'NONE', #4454, 1000.000000000000114 ) ;
#1250 = EDGE_CURVE ( 'NONE', #3905, #4129, #266, .T. ) ;
#1251 = FACE_OUTER_BOUND ( 'NONE', #1145, .T. ) ;
#1252 = VECTOR ( 'NONE', #3837, 1000.000000000000114 ) ;
#1253 = CIRCLE ( 'NONE', #79, 0.5000000000000018874 ) ;
#1254 = CYLINDRICAL_SURFACE ( 'NONE', #2542, 1.784839758362241735 ) ;
#1255 = DIRECTION ( 'NONE',  ( 0.8501817746811739518, -0.5264892686465409977, 0.000000000000000000 ) ) ;
#1256 = EDGE_CURVE ( 'NONE', #1569, #234, #666, .T. ) ;
#1257 = PRESENTATION_LAYER_ASSIGNMENT (  '', '', ( #3006 ) ) ;
#1258 = VECTOR ( 'NONE', #1148, 1000.000000000000000 ) ;
#1259 = CARTESIAN_POINT ( 'NONE',  ( -7.864711951288615666, -12.90658415478436005, 5.499999999999316991 ) ) ;
#1260 = DIRECTION ( 'NONE',  ( 0.8501817746811739518, -0.5264892686465411087, -6.304819211771186701E-15 ) ) ;
#1261 = ORIENTED_EDGE ( 'NONE', *, *, #2363, .T. ) ;
#1262 = EDGE_LOOP ( 'NONE', ( #2549, #1428 ) ) ;
#1263 = VERTEX_POINT ( 'NONE', #3743 ) ;
#1264 = EDGE_CURVE ( 'NONE', #1042, #3943, #4891, .T. ) ;
#1265 = LINE ( 'NONE', #4683, #4657 ) ;
#1266 = EDGE_CURVE ( 'NONE', #3996, #4272, #2944, .T. ) ;
#1267 = EDGE_LOOP ( 'NONE', ( #651, #2950, #2665, #889 ) ) ;
#1268 = ORIENTED_EDGE ( 'NONE', *, *, #827, .F. ) ;
#1269 = DIRECTION ( 'NONE',  ( 0.8501817746811719534, -0.5264892686465441063, -5.974414149359471004E-15 ) ) ;
#1270 = LINE ( 'NONE', #3979, #1497 ) ;
#1271 = DIRECTION ( 'NONE',  ( 2.503811017409750534E-15, -7.892832678386689141E-15, 1.000000000000000000 ) ) ;
#1272 = EDGE_CURVE ( 'NONE', #867, #2537, #4582, .T. ) ;
#1273 = DIRECTION ( 'NONE',  ( -0.5264892686465416638, -0.8501817746811735077, 0.000000000000000000 ) ) ;
#1274 = CARTESIAN_POINT ( 'NONE',  ( -6.817659900180188082, -11.21579077302487804, 0.1000000000000005884 ) ) ;
#1275 = EDGE_CURVE ( 'NONE', #4768, #3678, #3345, .T. ) ;
#1276 = LINE ( 'NONE', #2045, #2514 ) ;
#1277 = EDGE_LOOP ( 'NONE', ( #4725, #4780, #916, #2900 ) ) ;
#1278 = DIRECTION ( 'NONE',  ( -0.5264892686465441063, -0.8501817746811719534, 1.129958009204315258E-14 ) ) ;
#1279 = SHAPE_DEFINITION_REPRESENTATION ( #174, #2946 ) ;
#1280 = CARTESIAN_POINT ( 'NONE',  ( 1.262673961551015855, 11.42638000858822700, 11.09999999999994280 ) ) ;
#1281 = CARTESIAN_POINT ( 'NONE',  ( -9.140838155855027125, -5.660357145272730151, 3.600000000000031175 ) ) ;
#1282 = EDGE_LOOP ( 'NONE', ( #334, #4544, #637, #2406 ) ) ;
#1283 = EDGE_LOOP ( 'NONE', ( #1519, #3736, #163, #3012, #2580, #2453, #3001, #1339 ) ) ;
#1284 = EDGE_CURVE ( 'NONE', #4703, #1387, #2441, .T. ) ;
#1285 = VECTOR ( 'NONE', #2895, 1000.000000000000114 ) ;
#1286 = VECTOR ( 'NONE', #2694, 1000.000000000000000 ) ;
#1287 = CARTESIAN_POINT ( 'NONE',  ( -8.564563792774157136, -5.679468720554254446, 5.098297620505063854 ) ) ;
#1288 = VERTEX_POINT ( 'NONE', #3370 ) ;
#1289 = ORIENTED_EDGE ( 'NONE', *, *, #4488, .F. ) ;
#1290 = EDGE_CURVE ( 'NONE', #3674, #4137, #687, .T. ) ;
#1291 = EDGE_CURVE ( 'NONE', #1747, #2871, #763, .T. ) ;
#1292 = CARTESIAN_POINT ( 'NONE',  ( -5.537515922203836816, -19.59515419727443586, 11.99999999999928590 ) ) ;
#1293 = ADVANCED_FACE ( 'NONE', ( #396 ), #4165, .F. ) ;
#1294 = LINE ( 'NONE', #495, #3806 ) ;
#1295 = DIRECTION ( 'NONE',  ( -0.8501817746811738408, 0.5264892686465409977, 0.000000000000000000 ) ) ;
#1296 = ORIENTED_EDGE ( 'NONE', *, *, #879, .T. ) ;
#1297 = FACE_OUTER_BOUND ( 'NONE', #352, .T. ) ;
#1298 = LINE ( 'NONE', #2086, #1321 ) ;
#1299 = AXIS2_PLACEMENT_3D ( 'NONE', #545, #1349, #2868 ) ;
#1300 = CARTESIAN_POINT ( 'NONE',  ( -11.06856877358602098, -8.583344429792198582, 7.100000000000031619 ) ) ;
#1301 = VECTOR ( 'NONE', #4099, 1000.000000000000000 ) ;
#1302 = CARTESIAN_POINT ( 'NONE',  ( 1.857801203827799341, 11.05783752053562630, 7.899999999999939959 ) ) ;
#1303 = LINE ( 'NONE', #618, #449 ) ;
#1304 = ORIENTED_EDGE ( 'NONE', *, *, #4092, .T. ) ;
#1305 = ORIENTED_EDGE ( 'NONE', *, *, #4801, .F. ) ;
#1306 = DIRECTION ( 'NONE',  ( 0.5264892686465411087, 0.8501817746811739518, -0.000000000000000000 ) ) ;
#1307 = EDGE_LOOP ( 'NONE', ( #808, #257, #4590 ) ) ;
#1308 = ORIENTED_EDGE ( 'NONE', *, *, #2490, .T. ) ;
#1309 = CARTESIAN_POINT ( 'NONE',  ( -8.827808427097439292, -6.104559607894836759, 3.848297620505064298 ) ) ;
#1310 = CARTESIAN_POINT ( 'NONE',  ( -1.432598474923669540, 7.074018735998524043, 11.09999999999999787 ) ) ;
#1311 = LINE ( 'NONE', #4732, #4885 ) ;
#1312 = ADVANCED_FACE ( 'NONE', ( #411 ), #1514, .F. ) ;
#1313 = ADVANCED_FACE ( 'NONE', ( #2285 ), #1887, .F. ) ;
#1314 = EDGE_LOOP ( 'NONE', ( #3689, #2262, #1219, #4097 ) ) ;
#1315 = AXIS2_PLACEMENT_3D ( 'NONE', #1771, #2624, #4122 ) ;
#1316 = LINE ( 'NONE', #881, #537 ) ;
#1317 = CIRCLE ( 'NONE', #1964, 1.499999999999999112 ) ;
#1318 = DIRECTION ( 'NONE',  ( -0.8501817746811738408, 0.5264892686465411087, 6.304819211771185913E-15 ) ) ;
#1319 = DIRECTION ( 'NONE',  ( -0.5264892686465441063, -0.8501817746811719534, 1.129958009204315258E-14 ) ) ;
#1320 = DIRECTION ( 'NONE',  ( -0.8501817746811739518, 0.5264892686465411087, 6.381590766241915839E-15 ) ) ;
#1321 = VECTOR ( 'NONE', #2416, 1000.000000000000114 ) ;
#1322 = EDGE_CURVE ( 'NONE', #2848, #4860, #2656, .T. ) ;
#1323 = DIRECTION ( 'NONE',  ( 0.8501817746811739518, -0.5264892686465409977, -6.304819211771186701E-15 ) ) ;
#1324 = EDGE_CURVE ( 'NONE', #460, #3707, #2608, .T. ) ;
#1325 = AXIS2_PLACEMENT_3D ( 'NONE', #108, #1605, #1628 ) ;
#1326 = DIRECTION ( 'NONE',  ( 5.204170427930416550E-15, -3.469446951953611033E-15, 1.000000000000000000 ) ) ;
#1327 = DIRECTION ( 'NONE',  ( 8.076557351190301294E-15, -3.063684535397639943E-14, 1.000000000000000000 ) ) ;
#1328 = ORIENTED_EDGE ( 'NONE', *, *, #3821, .F. ) ;
#1329 = AXIS2_PLACEMENT_3D ( 'NONE', #1969, #3436, #3484 ) ;
#1330 = AXIS2_PLACEMENT_3D ( 'NONE', #3752, #3807, #1142 ) ;
#1331 = AXIS2_PLACEMENT_3D ( 'NONE', #971, #1337, #1076 ) ;
#1332 = EDGE_LOOP ( 'NONE', ( #1867, #595, #382, #3528 ) ) ;
#1333 = DIRECTION ( 'NONE',  ( -0.5264892686465409977, -0.8501817746811739518, 9.471708046260220672E-17 ) ) ;
#1334 = EDGE_LOOP ( 'NONE', ( #4430, #461, #3576, #1812 ) ) ;
#1335 = ORIENTED_EDGE ( 'NONE', *, *, #1853, .F. ) ;
#1336 = DIRECTION ( 'NONE',  ( -6.288372600415927295E-15, -2.211772431870429676E-14, 1.000000000000000000 ) ) ;
#1337 = DIRECTION ( 'NONE',  ( -1.671232596756055639E-14, 1.669169295443039344E-14, -1.000000000000000000 ) ) ;
#1338 = CARTESIAN_POINT ( 'NONE',  ( -4.343160337541400295, -7.219936432023385642, 7.999999999999320544 ) ) ;
#1339 = ORIENTED_EDGE ( 'NONE', *, *, #1853, .T. ) ;
#1340 = ORIENTED_EDGE ( 'NONE', *, *, #3452, .T. ) ;
#1341 = EDGE_LOOP ( 'NONE', ( #2881, #1543, #3415, #557 ) ) ;
#1342 = DIRECTION ( 'NONE',  ( -7.913465691516900999E-15, 3.090020790458122770E-14, -1.000000000000000000 ) ) ;
#1343 = LINE ( 'NONE', #3586, #1567 ) ;
#1344 = CYLINDRICAL_SURFACE ( 'NONE', #322, 1.084839758362325046 ) ;
#1345 = EDGE_CURVE ( 'NONE', #2735, #4768, #3331, .T. ) ;
#1346 = CARTESIAN_POINT ( 'NONE',  ( -0.1312461883690642372, -0.4184822345739998006, 9.499999999999319655 ) ) ;
#1347 = EDGE_CURVE ( 'NONE', #179, #3901, #5, .T. ) ;
#1348 = VERTEX_POINT ( 'NONE', #4150 ) ;
#1349 = DIRECTION ( 'NONE',  ( -0.8501817746811738408, 0.5264892686465412197, 6.398600466841905210E-15 ) ) ;
#1350 = DIRECTION ( 'NONE',  ( -1.000000000000000000, 0.000000000000000000, 5.360242386507588202E-15 ) ) ;
#1351 = ORIENTED_EDGE ( 'NONE', *, *, #1115, .T. ) ;
#1352 = VECTOR ( 'NONE', #1323, 999.9999999999998863 ) ;
#1353 = VERTEX_POINT ( 'NONE', #332 ) ;
#1354 = LINE ( 'NONE', #3903, #3556 ) ;
#1355 = VERTEX_POINT ( 'NONE', #2583 ) ;
#1356 = ORIENTED_EDGE ( 'NONE', *, *, #3963, .T. ) ;
#1357 = CARTESIAN_POINT ( 'NONE',  ( -7.870638437473235882, -12.91615432238724814, 6.499999999999316991 ) ) ;
#1358 = DIRECTION ( 'NONE',  ( -0.8501817746811739518, 0.5264892686465411087, 6.381590766241915839E-15 ) ) ;
#1359 = DIRECTION ( 'NONE',  ( 6.938893903907228378E-15, -3.469446951953614189E-15, 1.000000000000000000 ) ) ;
#1360 = ORIENTED_EDGE ( 'NONE', *, *, #4086, .T. ) ;
#1361 = VERTEX_POINT ( 'NONE', #3430 ) ;
#1362 = VERTEX_POINT ( 'NONE', #355 ) ;
#1363 = DIRECTION ( 'NONE',  ( -6.147034119175160791E-15, -2.190152064804674809E-14, 1.000000000000000000 ) ) ;
#1364 = DIRECTION ( 'NONE',  ( 0.5264892686465409977, 0.8501817746811738408, 0.000000000000000000 ) ) ;
#1365 = CARTESIAN_POINT ( 'NONE',  ( -5.618432999563161445, -6.430202529053573812, 7.999999999999328537 ) ) ;
#1366 = CARTESIAN_POINT ( 'NONE',  ( -1.432598474923676202, 7.074018735998543583, 8.600000000000003197 ) ) ;
#1367 = LINE ( 'NONE', #4373, #1015 ) ;
#1368 = ORIENTED_EDGE ( 'NONE', *, *, #4242, .F. ) ;
#1369 = CARTESIAN_POINT ( 'NONE',  ( -6.195627508012026219, -20.65788141562590141, 9.999999999999285905 ) ) ;
#1370 = DIRECTION ( 'NONE',  ( -5.360242386507588202E-15, 3.319419655754073984E-15, -1.000000000000000000 ) ) ;
#1371 = ADVANCED_FACE ( 'NONE', ( #4465 ), #2606, .F. ) ;
#1372 = ADVANCED_FACE ( 'NONE', ( #1487 ), #1534, .F. ) ;
#1373 = ORIENTED_EDGE ( 'NONE', *, *, #2488, .F. ) ;
#1374 = EDGE_CURVE ( 'NONE', #3534, #2010, #4559, .T. ) ;
#1375 = VECTOR ( 'NONE', #1260, 999.9999999999998863 ) ;
#1376 = EDGE_LOOP ( 'NONE', ( #3063, #134, #3036, #3579 ) ) ;
#1377 = LINE ( 'NONE', #3645, #1285 ) ;
#1378 = CARTESIAN_POINT ( 'NONE',  ( -9.767872263262885824, -14.08045843550015697, 2.499999999999324540 ) ) ;
#1379 = VERTEX_POINT ( 'NONE', #4515 ) ;
#1380 = ORIENTED_EDGE ( 'NONE', *, *, #2127, .T. ) ;
#1381 = CARTESIAN_POINT ( 'NONE',  ( -9.485920012905614485, -7.167286826246304976, 3.848297620505064298 ) ) ;
#1382 = ADVANCED_FACE ( 'NONE', ( #1458, #2182 ), #674, .T. ) ;
#1383 = DIRECTION ( 'NONE',  ( -6.277507446913876925E-15, -2.211221068853061198E-14, 1.000000000000000000 ) ) ;
#1384 = FACE_OUTER_BOUND ( 'NONE', #770, .T. ) ;
#1385 = VERTEX_POINT ( 'NONE', #4829 ) ;
#1386 = VERTEX_POINT ( 'NONE', #2976 ) ;
#1387 = VERTEX_POINT ( 'NONE', #2954 ) ;
#1388 = CARTESIAN_POINT ( 'NONE',  ( -8.714893725969805161, -12.38009488613780817, 2.499999999999324096 ) ) ;
#1389 = DIRECTION ( 'NONE',  ( -1.000000000000000000, 0.000000000000000000, 1.679012624431708196E-14 ) ) ;
#1390 = LINE ( 'NONE', #1365, #3092 ) ;
#1391 = CARTESIAN_POINT ( 'NONE',  ( -2.136788823479140564, -21.70111127186060074, 11.99999999999925926 ) ) ;
#1392 = DIRECTION ( 'NONE',  ( -6.983393281676256321E-15, -1.000000000000000000, -1.599059642315851051E-14 ) ) ;
#1393 = VECTOR ( 'NONE', #1138, 1000.000000000000114 ) ;
#1394 = EDGE_CURVE ( 'NONE', #2852, #3306, #1835, .T. ) ;
#1395 = VECTOR ( 'NONE', #1469, 1000.000000000000000 ) ;
#1396 = EDGE_LOOP ( 'NONE', ( #1139, #3372, #681, #1830 ) ) ;
#1397 = AXIS2_PLACEMENT_3D ( 'NONE', #2773, #3188, #4710 ) ;
#1398 = FACE_OUTER_BOUND ( 'NONE', #2019, .T. ) ;
#1399 = DIRECTION ( 'NONE',  ( -0.8501817746811736187, 0.5264892686465417748, 6.068454779668997275E-15 ) ) ;
#1400 = VECTOR ( 'NONE', #2454, 999.9999999999998863 ) ;
#1401 = EDGE_LOOP ( 'NONE', ( #3455, #3524, #2261, #644 ) ) ;
#1402 = EDGE_LOOP ( 'NONE', ( #4071, #1235, #4685, #1088 ) ) ;
#1403 = DIRECTION ( 'NONE',  ( -1.000000000000000000, 0.000000000000000000, 5.474406548278966988E-15 ) ) ;
#1404 = DIRECTION ( 'NONE',  ( 0.5264892686465412197, 0.8501817746811738408, 4.336808689942017736E-16 ) ) ;
#1405 = VECTOR ( 'NONE', #893, 1000.000000000000000 ) ;
#1406 = AXIS2_PLACEMENT_3D ( 'NONE', #4571, #421, #3489 ) ;
#1407 = EDGE_LOOP ( 'NONE', ( #2334, #2084, #85, #30 ) ) ;
#1408 = ORIENTED_EDGE ( 'NONE', *, *, #3204, .F. ) ;
#1409 = EDGE_CURVE ( 'NONE', #3384, #1924, #1544, .T. ) ;
#1410 = DIRECTION ( 'NONE',  ( 0.8501817746811739518, -0.5264892686465411087, -6.304819211771186701E-15 ) ) ;
#1411 = CIRCLE ( 'NONE', #2052, 1.499999999999999112 ) ;
#1412 = PLANE ( 'NONE',  #2843 ) ;
#1413 = LINE ( 'NONE', #2935, #962 ) ;
#1414 = VERTEX_POINT ( 'NONE', #4490 ) ;
#1415 = ORIENTED_EDGE ( 'NONE', *, *, #2101, .F. ) ;
#1416 = ORIENTED_EDGE ( 'NONE', *, *, #2663, .F. ) ;
#1417 = CARTESIAN_POINT ( 'NONE',  ( -0.4863167326165521720, 5.212008765957918399, 10.39999999999987956 ) ) ;
#1418 = DIRECTION ( 'NONE',  ( 6.277507446913876925E-15, 2.211221068853061198E-14, -1.000000000000000000 ) ) ;
#1419 = CARTESIAN_POINT ( 'NONE',  ( -9.252899314438026934, -5.841314973571566149, 3.848297620505066963 ) ) ;
#1420 = DIRECTION ( 'NONE',  ( -5.360242386507585046E-15, 3.319419655754076745E-15, -1.000000000000000000 ) ) ;
#1421 = DIRECTION ( 'NONE',  ( -0.5264892686465408866, -0.8501817746811740628, 0.000000000000000000 ) ) ;
#1422 = ORIENTED_EDGE ( 'NONE', *, *, #728, .F. ) ;
#1423 = EDGE_CURVE ( 'NONE', #3182, #4703, #1699, .T. ) ;
#1424 = DIRECTION ( 'NONE',  ( -0.8501817746811738408, 0.5264892686465411087, 6.304819211771185913E-15 ) ) ;
#1425 = LINE ( 'NONE', #4146, #3305 ) ;
#1426 = ORIENTED_EDGE ( 'NONE', *, *, #204, .F. ) ;
#1427 = VECTOR ( 'NONE', #428, 1000.000000000000000 ) ;
#1428 = ORIENTED_EDGE ( 'NONE', *, *, #789, .T. ) ;
#1429 = FACE_OUTER_BOUND ( 'NONE', #4856, .T. ) ;
#1430 = CARTESIAN_POINT ( 'NONE',  ( -2.794900409287349952, -22.76383849021204497, 5.249999999999259259 ) ) ;
#1431 = CARTESIAN_POINT ( 'NONE',  ( 1.857801203827770697, 11.05783752053560853, 5.399999999999941735 ) ) ;
#1432 = ORIENTED_EDGE ( 'NONE', *, *, #2842, .F. ) ;
#1433 = ORIENTED_EDGE ( 'NONE', *, *, #1034, .T. ) ;
#1434 = EDGE_CURVE ( 'NONE', #3238, #3045, #379, .T. ) ;
#1435 = CARTESIAN_POINT ( 'NONE',  ( -0.9814279630502732443, 0.1080070340725629435, 3.000000000000006217 ) ) ;
#1436 = CARTESIAN_POINT ( 'NONE',  ( -9.767872263262878718, -14.08045843550016230, 3.999999999999323652 ) ) ;
#1437 = ORIENTED_EDGE ( 'NONE', *, *, #4300, .F. ) ;
#1438 = VERTEX_POINT ( 'NONE', #3716 ) ;
#1439 = EDGE_CURVE ( 'NONE', #2806, #1353, #2412, .T. ) ;
#1440 = EDGE_CURVE ( 'NONE', #3236, #89, #2170, .T. ) ;
#1441 = ADVANCED_FACE ( 'NONE', ( #3663 ), #4039, .F. ) ;
#1442 = ORIENTED_EDGE ( 'NONE', *, *, #223, .T. ) ;
#1443 = DIRECTION ( 'NONE',  ( 7.913465691516900999E-15, -3.090020790458122770E-14, 1.000000000000000000 ) ) ;
#1444 = CARTESIAN_POINT ( 'NONE',  ( -8.564563792774167794, -5.679468720554247341, 3.348297620505063854 ) ) ;
#1445 = DIRECTION ( 'NONE',  ( -0.5264892686465408866, -0.8501817746811740628, 0.000000000000000000 ) ) ;
#1446 = PLANE ( 'NONE',  #1562 ) ;
#1447 = CIRCLE ( 'NONE', #3357, 0.5000000000000024425 ) ;
#1448 = DIRECTION ( 'NONE',  ( -2.240448466804920683E-15, 7.729741018713290424E-15, -1.000000000000000000 ) ) ;
#1449 = LINE ( 'NONE', #1475, #2865 ) ;
#1450 =( NAMED_UNIT ( * ) PLANE_ANGLE_UNIT ( ) SI_UNIT ( $, .RADIAN. ) );
#1451 = ORIENTED_EDGE ( 'NONE', *, *, #4895, .T. ) ;
#1452 = MANIFOLD_SOLID_BREP ( 'Fillet4', #4722 ) ;
#1453 = CARTESIAN_POINT ( 'NONE',  ( -7.004846674799924955, 8.425364007471266348, 2.900000000000031886 ) ) ;
#1454 = LINE ( 'NONE', #2601, #2280 ) ;
#1455 = ORIENTED_EDGE ( 'NONE', *, *, #3224, .F. ) ;
#1456 = DIRECTION ( 'NONE',  ( 0.5264892686465441063, 0.8501817746811719534, -1.129958009204315101E-14 ) ) ;
#1457 = DIRECTION ( 'NONE',  ( 0.8501817746811738408, -0.5264892686465411087, -6.304819211771185913E-15 ) ) ;
#1458 = FACE_BOUND ( 'NONE', #2857, .T. ) ;
#1459 = AXIS2_PLACEMENT_3D ( 'NONE', #3398, #2574, #1797 ) ;
#1460 = CIRCLE ( 'NONE', #199, 0.4999999999999990008 ) ;
#1461 = ORIENTED_EDGE ( 'NONE', *, *, #3091, .F. ) ;
#1462 = ORIENTED_EDGE ( 'NONE', *, *, #3510, .F. ) ;
#1463 = ADVANCED_FACE ( 'NONE', ( #1061 ), #4429, .F. ) ;
#1464 = CARTESIAN_POINT ( 'NONE',  ( 0.3591908249054088786, -28.83382886264726253, 6.999999999999221956 ) ) ;
#1465 = FACE_OUTER_BOUND ( 'NONE', #579, .T. ) ;
#1466 = ORIENTED_EDGE ( 'NONE', *, *, #2048, .F. ) ;
#1467 = ORIENTED_EDGE ( 'NONE', *, *, #2363, .F. ) ;
#1468 = ORIENTED_EDGE ( 'NONE', *, *, #3103, .F. ) ;
#1469 = DIRECTION ( 'NONE',  ( -0.8501817746811719534, 0.5264892686465441063, 6.284186198641042686E-15 ) ) ;
#1470 = FACE_OUTER_BOUND ( 'NONE', #3594, .T. ) ;
#1471 = EDGE_CURVE ( 'NONE', #1778, #2882, #719, .T. ) ;
#1472 = CARTESIAN_POINT ( 'NONE',  ( 1.262673961550923707, 11.42638000858817549, 2.899999999999944844 ) ) ;
#1473 = EDGE_CURVE ( 'NONE', #648, #1414, #68, .T. ) ;
#1474 = CARTESIAN_POINT ( 'NONE',  ( 0.08483975836228489775, 6.134319756967101966, 8.599999999205447665 ) ) ;
#1475 = CARTESIAN_POINT ( 'NONE',  ( -0.1312461883690990705, -0.4184822345739781513, 2.999999999999999556 ) ) ;
#1476 = DIRECTION ( 'NONE',  ( 5.159289654151439214E-15, -3.194976318762539510E-15, 1.000000000000000000 ) ) ;
#1477 = ORIENTED_EDGE ( 'NONE', *, *, #3145, .F. ) ;
#1478 = DIRECTION ( 'NONE',  ( 0.5264892686465409977, 0.8501817746811739518, -0.000000000000000000 ) ) ;
#1479 = FACE_OUTER_BOUND ( 'NONE', #2611, .T. ) ;
#1480 = EDGE_CURVE ( 'NONE', #4105, #1940, #384, .T. ) ;
#1481 = ORIENTED_EDGE ( 'NONE', *, *, #3596, .F. ) ;
#1482 = LINE ( 'NONE', #4513, #980 ) ;
#1483 = VECTOR ( 'NONE', #686, 999.9999999999998863 ) ;
#1484 = VECTOR ( 'NONE', #1271, 1000.000000000000000 ) ;
#1485 = ADVANCED_FACE ( 'NONE', ( #346 ), #3319, .T. ) ;
#1486 = CARTESIAN_POINT ( 'NONE',  ( -3.087385037636405816, -3.292720064652153056, 8.999999999999326761 ) ) ;
#1487 = FACE_OUTER_BOUND ( 'NONE', #1027, .T. ) ;
#1488 = CARTESIAN_POINT ( 'NONE',  ( -8.295729324813811090, -12.65290968806398730, 8.999999999999321432 ) ) ;
#1489 = ORIENTED_EDGE ( 'NONE', *, *, #4280, .F. ) ;
#1490 = ORIENTED_EDGE ( 'NONE', *, *, #149, .F. ) ;
#1491 = AXIS2_PLACEMENT_3D ( 'NONE', #3130, #2362, #4212 ) ;
#1492 = LINE ( 'NONE', #336, #2444 ) ;
#1493 = CIRCLE ( 'NONE', #1182, 1.499999999999999112 ) ;
#1494 = ORIENTED_EDGE ( 'NONE', *, *, #3496, .F. ) ;
#1495 = ORIENTED_EDGE ( 'NONE', *, *, #3706, .F. ) ;
#1496 = MECHANICAL_DESIGN_GEOMETRIC_PRESENTATION_REPRESENTATION (  '', ( #3006 ), #3957 ) ;
#1497 = VECTOR ( 'NONE', #4256, 999.9999999999998863 ) ;
#1498 = ORIENTED_EDGE ( 'NONE', *, *, #2420, .T. ) ;
#1499 = CARTESIAN_POINT ( 'NONE',  ( -0.7577302128711863594, 0.4692370943326135135, 5.628240103367800346E-15 ) ) ;
#1500 = ORIENTED_EDGE ( 'NONE', *, *, #2167, .F. ) ;
#1501 = CARTESIAN_POINT ( 'NONE',  ( -8.923616974766320098, -14.61651787174959871, 6.499999999999316991 ) ) ;
#1502 = DIRECTION ( 'NONE',  ( 5.360242386507589779E-15, -3.319419655754071223E-15, 1.000000000000000000 ) ) ;
#1503 = CARTESIAN_POINT ( 'NONE',  ( -8.295729324813823524, -12.65290968806397842, 6.499999999999320544 ) ) ;
#1504 = CARTESIAN_POINT ( 'NONE',  ( -0.4863167326165631077, 5.212008765957970802, 8.599999999999983658 ) ) ;
#1505 = EDGE_CURVE ( 'NONE', #4758, #44, #1854, .T. ) ;
#1506 = EDGE_LOOP ( 'NONE', ( #110, #1489, #2825, #3233, #578, #1098, #285, #707 ) ) ;
#1507 = DIRECTION ( 'NONE',  ( 0.8501817746811738408, -0.5264892686465411087, -6.304819211771186701E-15 ) ) ;
#1508 = CARTESIAN_POINT ( 'NONE',  ( -8.714893725969789173, -12.38009488613781883, 5.499999999999323208 ) ) ;
#1509 = DIRECTION ( 'NONE',  ( 0.5264892686465412197, 0.8501817746811738408, 4.336808689942017736E-16 ) ) ;
#1510 = EDGE_CURVE ( 'NONE', #1125, #2780, #3770, .T. ) ;
#1511 = ORIENTED_EDGE ( 'NONE', *, *, #531, .F. ) ;
#1512 = PLANE ( 'NONE',  #3191 ) ;
#1513 = DIRECTION ( 'NONE',  ( 0.5264892686465385552, 0.8501817746811756171, 0.000000000000000000 ) ) ;
#1514 = PLANE ( 'NONE',  #3483 ) ;
#1515 = FACE_OUTER_BOUND ( 'NONE', #4811, .T. ) ;
#1516 = EDGE_LOOP ( 'NONE', ( #3299, #3015, #793, #2745 ) ) ;
#1517 = ORIENTED_EDGE ( 'NONE', *, *, #4074, .F. ) ;
#1518 = CARTESIAN_POINT ( 'NONE',  ( -9.252899314438018052, -5.841314973571569702, 5.098297620505067407 ) ) ;
#1519 = ORIENTED_EDGE ( 'NONE', *, *, #2490, .F. ) ;
#1520 = VERTEX_POINT ( 'NONE', #1504 ) ;
#1521 = DIRECTION ( 'NONE',  ( -0.5264892686465409977, -0.8501817746811739518, 0.000000000000000000 ) ) ;
#1522 = CARTESIAN_POINT ( 'NONE',  ( -1.184224725662146538, -2.118845783936348148, 9.499999999999319655 ) ) ;
#1523 = DIRECTION ( 'NONE',  ( 1.671232596756055639E-14, -1.669169295443039344E-14, 1.000000000000000000 ) ) ;
#1524 = DIRECTION ( 'NONE',  ( -0.8501817746811742849, 0.5264892686465405536, 6.251117438503204438E-15 ) ) ;
#1525 = ORIENTED_EDGE ( 'NONE', *, *, #2267, .F. ) ;
#1526 = VECTOR ( 'NONE', #3970, 1000.000000000000000 ) ;
#1527 = CIRCLE ( 'NONE', #28, 1.499999999999999556 ) ;
#1528 = CARTESIAN_POINT ( 'NONE',  ( -12.71433970902138810, -20.73782664945401777, 6.999999999999319655 ) ) ;
#1529 = ADVANCED_FACE ( 'NONE', ( #4822, #1036, #3021, #2544, #4064, #450, #3797, #4604, #1902, #473, #100, #3492, #400, #2348, #1622, #3820, #3098, #3044, #1600 ), #2375, .F. ) ;
#1530 = DIRECTION ( 'NONE',  ( -6.985683126548100652E-15, -1.000000000000000000, -1.652265922105289847E-14 ) ) ;
#1531 = DIRECTION ( 'NONE',  ( -0.5264892686465409977, -0.8501817746811738408, 0.000000000000000000 ) ) ;
#1532 = CYLINDRICAL_SURFACE ( 'NONE', #4819, 0.5000000000000028866 ) ;
#1533 = EDGE_CURVE ( 'NONE', #2382, #3033, #2676, .T. ) ;
#1534 = CYLINDRICAL_SURFACE ( 'NONE', #1075, 0.4999999999999990008 ) ;
#1535 = EDGE_CURVE ( 'NONE', #1590, #1263, #498, .T. ) ;
#1536 = LINE ( 'NONE', #51, #1863 ) ;
#1537 = ADVANCED_FACE ( 'NONE', ( #3514 ), #3420, .T. ) ;
#1538 = ORIENTED_EDGE ( 'NONE', *, *, #3765, .F. ) ;
#1539 = ORIENTED_EDGE ( 'NONE', *, *, #2500, .T. ) ;
#1540 = VERTEX_POINT ( 'NONE', #1134 ) ;
#1541 = CARTESIAN_POINT ( 'NONE',  ( -9.252899314438026934, -5.841314973571566149, 3.848297620505066963 ) ) ;
#1542 = PLANE ( 'NONE',  #4812 ) ;
#1543 = ORIENTED_EDGE ( 'NONE', *, *, #3880, .F. ) ;
#1544 = CIRCLE ( 'NONE', #3686, 1.500000000000000444 ) ;
#1545 = EDGE_CURVE ( 'NONE', #2448, #3337, #4260, .T. ) ;
#1546 = CARTESIAN_POINT ( 'NONE',  ( -9.767872263262894705, -14.08045843550015164, 0.9999999999993230970 ) ) ;
#1547 = ORIENTED_EDGE ( 'NONE', *, *, #1935, .F. ) ;
#1548 = CARTESIAN_POINT ( 'NONE',  ( 0.08483975836224311173, 6.134319756967143711, 6.099999999999973888 ) ) ;
#1549 = CARTESIAN_POINT ( 'NONE',  ( -0.7577302128711865814, 0.4692370943326136246, 5.631428060618107658E-15 ) ) ;
#1550 = CARTESIAN_POINT ( 'NONE',  ( -9.348707862106900635, -14.35327323742633254, 7.499999999999320544 ) ) ;
#1551 = DIRECTION ( 'NONE',  ( 0.8501817746811739518, -0.5264892686465409977, -6.304819211771186701E-15 ) ) ;
#1552 = ORIENTED_EDGE ( 'NONE', *, *, #4680, .F. ) ;
#1553 = CARTESIAN_POINT ( 'NONE',  ( -7.775095313951680964, -23.20842673966939884, 3.999999999999965361 ) ) ;
#1554 = CARTESIAN_POINT ( 'NONE',  ( -8.564563792774157136, -5.679468720554254446, 5.098297620505063854 ) ) ;
#1555 = EDGE_CURVE ( 'NONE', #4532, #4044, #838, .T. ) ;
#1556 = CARTESIAN_POINT ( 'NONE',  ( -8.295729324813780892, -12.65290968806398553, 12.49999999999932498 ) ) ;
#1557 = SURFACE_STYLE_FILL_AREA ( #1956 ) ;
#1558 = DIRECTION ( 'NONE',  ( 0.5264892686465411087, 0.8501817746811739518, 2.210443882994788087E-14 ) ) ;
#1559 = CARTESIAN_POINT ( 'NONE',  ( 0.1651500107019976404, 4.808577100575591956, 10.39999999999999680 ) ) ;
#1560 = ORIENTED_EDGE ( 'NONE', *, *, #4832, .F. ) ;
#1561 = EDGE_LOOP ( 'NONE', ( #1988, #1686, #298, #3785 ) ) ;
#1562 = AXIS2_PLACEMENT_3D ( 'NONE', #2116, #1109, #242 ) ;
#1563 = EDGE_LOOP ( 'NONE', ( #2189, #2497, #4028, #3724 ) ) ;
#1564 = VECTOR ( 'NONE', #2483, 1000.000000000000000 ) ;
#1565 = PLANE ( 'NONE',  #404 ) ;
#1566 = DIRECTION ( 'NONE',  ( 5.159289654151439214E-15, -3.194976318762539510E-15, 1.000000000000000000 ) ) ;
#1567 = VECTOR ( 'NONE', #2042, 999.9999999999998863 ) ;
#1568 = VECTOR ( 'NONE', #4346, 1000.000000000000114 ) ;
#1569 = VERTEX_POINT ( 'NONE', #43 ) ;
#1570 = VECTOR ( 'NONE', #3854, 999.9999999999998863 ) ;
#1571 = CARTESIAN_POINT ( 'NONE',  ( -6.195627508012055529, -20.65788141562587654, 3.999999999999964473 ) ) ;
#1572 = ORIENTED_EDGE ( 'NONE', *, *, #887, .F. ) ;
#1573 = DIRECTION ( 'NONE',  ( 1.000000000000000000, 0.000000000000000000, -5.360242386507586624E-15 ) ) ;
#1574 = PLANE ( 'NONE',  #619 ) ;
#1575 = VECTOR ( 'NONE', #1751, 1000.000000000000000 ) ;
#1576 = VECTOR ( 'NONE', #3794, 999.9999999999998863 ) ;
#1577 = VECTOR ( 'NONE', #2408, 1000.000000000000114 ) ;
#1578 = DIRECTION ( 'NONE',  ( 0.8501817746811736187, -0.5264892686465416638, -6.068454779668996487E-15 ) ) ;
#1579 = DIRECTION ( 'NONE',  ( -0.5264892686465409977, -0.8501817746811739518, 0.000000000000000000 ) ) ;
#1580 = DIRECTION ( 'NONE',  ( 1.129180823346041990E-14, 6.298140460044057229E-15, 1.000000000000000000 ) ) ;
#1581 = PLANE ( 'NONE',  #3630 ) ;
#1582 = EDGE_CURVE ( 'NONE', #3981, #3309, #2274, .T. ) ;
#1583 = PRESENTATION_STYLE_ASSIGNMENT (( #3429 ) ) ;
#1584 = LINE ( 'NONE', #1957, #3478 ) ;
#1585 = DIRECTION ( 'NONE',  ( 0.5264892686465404426, 0.8501817746811741738, 0.000000000000000000 ) ) ;
#1586 = ORIENTED_EDGE ( 'NONE', *, *, #990, .T. ) ;
#1587 = ORIENTED_EDGE ( 'NONE', *, *, #2931, .T. ) ;
#1588 = CARTESIAN_POINT ( 'NONE',  ( -8.917690488581696329, -14.60694770414670884, 5.499999999999317879 ) ) ;
#1589 = CARTESIAN_POINT ( 'NONE',  ( -5.882661575716027436, -25.85062176396040456, 1.999999999999499511 ) ) ;
#1590 = VERTEX_POINT ( 'NONE', #3467 ) ;
#1591 = LINE ( 'NONE', #4161, #2798 ) ;
#1592 = EDGE_LOOP ( 'NONE', ( #2779, #182, #2437, #3776 ) ) ;
#1593 = CARTESIAN_POINT ( 'NONE',  ( 0.1651500107020121566, 4.808577100575647023, 7.899999999999997691 ) ) ;
#1594 = CARTESIAN_POINT ( 'NONE',  ( -12.18785044037486465, -19.88764487477283183, 4.000000000000000000 ) ) ;
#1595 = EDGE_CURVE ( 'NONE', #2683, #2684, #18, .T. ) ;
#1596 = ADVANCED_FACE ( 'NONE', ( #2671 ), #1205, .T. ) ;
#1597 = EDGE_CURVE ( 'NONE', #414, #634, #3443, .T. ) ;
#1598 = VECTOR ( 'NONE', #2795, 999.9999999999998863 ) ;
#1599 = ORIENTED_EDGE ( 'NONE', *, *, #4363, .T. ) ;
#1600 = FACE_BOUND ( 'NONE', #365, .T. ) ;
#1601 = FACE_OUTER_BOUND ( 'NONE', #2951, .T. ) ;
#1602 = CARTESIAN_POINT ( 'NONE',  ( 0.08483975836224311173, 6.134319756967143711, 6.100000000515108489 ) ) ;
#1603 = CARTESIAN_POINT ( 'NONE',  ( -10.60838263443524987, -17.33709955072929887, 1.499999999999999778 ) ) ;
#1604 =( NAMED_UNIT ( * ) PLANE_ANGLE_UNIT ( ) SI_UNIT ( $, .RADIAN. ) );
#1605 = DIRECTION ( 'NONE',  ( -0.5264892686465409977, -0.8501817746811739518, 2.001691143933365351E-17 ) ) ;
#1606 = FACE_OUTER_BOUND ( 'NONE', #657, .T. ) ;
#1607 = VECTOR ( 'NONE', #1819, 999.9999999999998863 ) ;
#1608 = ORIENTED_EDGE ( 'NONE', *, *, #2022, .F. ) ;
#1609 = ORIENTED_EDGE ( 'NONE', *, *, #3131, .T. ) ;
#1610 = ORIENTED_EDGE ( 'NONE', *, *, #2691, .F. ) ;
#1611 = DIRECTION ( 'NONE',  ( -0.8501817746811739518, 0.5264892686465411087, 6.381590766241915839E-15 ) ) ;
#1612 = ORIENTED_EDGE ( 'NONE', *, *, #771, .F. ) ;
#1613 = ORIENTED_EDGE ( 'NONE', *, *, #2536, .F. ) ;
#1614 = EDGE_CURVE ( 'NONE', #4367, #1288, #3068, .T. ) ;
#1615 = CARTESIAN_POINT ( 'NONE',  ( -7.511850679628376604, -22.78333585232883252, 9.999999999999285905 ) ) ;
#1616 = DIRECTION ( 'NONE',  ( -6.938893903907228378E-15, 3.469446951953614189E-15, -1.000000000000000000 ) ) ;
#1617 = EDGE_CURVE ( 'NONE', #3513, #2995, #4576, .T. ) ;
#1618 = FACE_OUTER_BOUND ( 'NONE', #4831, .T. ) ;
#1619 = DIRECTION ( 'NONE',  ( 0.8501817746811739518, -0.5264892686465411087, -6.304819211771186701E-15 ) ) ;
#1620 = VECTOR ( 'NONE', #4292, 1000.000000000000114 ) ;
#1621 = ORIENTED_EDGE ( 'NONE', *, *, #610, .F. ) ;
#1622 = FACE_BOUND ( 'NONE', #3320, .T. ) ;
#1623 = CARTESIAN_POINT ( 'NONE',  ( -8.295729324813780892, -12.65290968806398553, 12.49999999999932498 ) ) ;
#1624 = DIRECTION ( 'NONE',  ( -6.440599106587272487E-15, -2.237557323913544340E-14, 1.000000000000000000 ) ) ;
#1625 = DIRECTION ( 'NONE',  ( -6.277507446913874559E-15, -2.211221068853061198E-14, 1.000000000000000000 ) ) ;
#1626 = DIRECTION ( 'NONE',  ( -0.5264892686465404426, -0.8501817746811741738, 4.336808689942016257E-16 ) ) ;
#1627 = ADVANCED_FACE ( 'NONE', ( #3845 ), #1951, .F. ) ;
#1628 = DIRECTION ( 'NONE',  ( 0.8501817746811739518, -0.5264892686465409977, 0.000000000000000000 ) ) ;
#1629 = FACE_OUTER_BOUND ( 'NONE', #1267, .T. ) ;
#1630 = EDGE_LOOP ( 'NONE', ( #1213, #1685, #3945, #548 ) ) ;
#1631 = VERTEX_POINT ( 'NONE', #3868 ) ;
#1632 = ORIENTED_EDGE ( 'NONE', *, *, #3706, .T. ) ;
#1633 = EDGE_CURVE ( 'NONE', #2614, #562, #2459, .T. ) ;
#1634 = LINE ( 'NONE', #577, #478 ) ;
#1635 = VECTOR ( 'NONE', #2304, 999.9999999999998863 ) ;
#1636 = ORIENTED_EDGE ( 'NONE', *, *, #1679, .T. ) ;
#1637 = ORIENTED_EDGE ( 'NONE', *, *, #2630, .T. ) ;
#1638 = VECTOR ( 'NONE', #3213, 1000.000000000000114 ) ;
#1639 = CARTESIAN_POINT ( 'NONE',  ( 1.262673961550951462, 11.42638000858819325, 5.399999999999945288 ) ) ;
#1640 = EDGE_CURVE ( 'NONE', #2010, #414, #1316, .T. ) ;
#1641 = VECTOR ( 'NONE', #101, 1000.000000000000000 ) ;
#1642 = CARTESIAN_POINT ( 'NONE',  ( -11.17582241267632881, -21.10246966508325883, 12.49999999999931077 ) ) ;
#1643 = LINE ( 'NONE', #3163, #4169 ) ;
#1644 = VECTOR ( 'NONE', #4834, 999.9999999999998863 ) ;
#1645 = CARTESIAN_POINT ( 'NONE',  ( -7.004846674799957817, 8.425364007471156214, 7.900000000000032330 ) ) ;
#1646 = DIRECTION ( 'NONE',  ( -0.5264892686465408866, -0.8501817746811740628, 0.000000000000000000 ) ) ;
#1647 = VECTOR ( 'NONE', #2888, 1000.000000000000000 ) ;
#1648 = LINE ( 'NONE', #2069, #69 ) ;
#1649 = CIRCLE ( 'NONE', #4581, 0.5000000000000037748 ) ;
#1650 = CARTESIAN_POINT ( 'NONE',  ( -3.087385037636392493, -3.292720064652161494, 11.49999999999932676 ) ) ;
#1651 = ORIENTED_EDGE ( 'NONE', *, *, #3821, .T. ) ;
#1652 = ADVANCED_FACE ( 'NONE', ( #239 ), #3931, .F. ) ;
#1653 = PRODUCT_DEFINITION_FORMATION_WITH_SPECIFIED_SOURCE ( 'ANY', '', #1668, .NOT_KNOWN. ) ;
#1654 = AXIS2_PLACEMENT_3D ( 'NONE', #2540, #685, #4711 ) ;
#1655 = CARTESIAN_POINT ( 'NONE',  ( -0.6772328191324153979, 3.448286261085899973, 1.999999999999961364 ) ) ;
#1656 = CARTESIAN_POINT ( 'NONE',  ( 1.262673961550923707, 11.42638000858817549, 2.899999999999945288 ) ) ;
#1657 = ADVANCED_FACE ( 'NONE', ( #2835 ), #3585, .F. ) ;
#1658 = ORIENTED_EDGE ( 'NONE', *, *, #4046, .T. ) ;
#1659 = EDGE_LOOP ( 'NONE', ( #4421, #121, #2099, #4643 ) ) ;
#1660 = ORIENTED_EDGE ( 'NONE', *, *, #4322, .F. ) ;
#1661 = DIRECTION ( 'NONE',  ( -0.5264892686465409977, -0.8501817746811738408, -4.338734978715564229E-30 ) ) ;
#1662 = ORIENTED_EDGE ( 'NONE', *, *, #3769, .F. ) ;
#1663 = ORIENTED_EDGE ( 'NONE', *, *, #1535, .F. ) ;
#1664 = LINE ( 'NONE', #510, #4615 ) ;
#1665 = CARTESIAN_POINT ( 'NONE',  ( -0.8374712326468527479, 6.705476247945947321, 10.39999999999999680 ) ) ;
#1666 = PLANE ( 'NONE',  #4775 ) ;
#1667 = VECTOR ( 'NONE', #2003, 999.9999999999998863 ) ;
#1668 = PRODUCT ( 'TCRT5000mod', 'TCRT5000mod', '', ( #3124 ) ) ;
#1669 = ORIENTED_EDGE ( 'NONE', *, *, #928, .F. ) ;
#1670 = DIRECTION ( 'NONE',  ( -5.252255392759748542E-15, 3.044854025030430537E-15, -1.000000000000000000 ) ) ;
#1671 = PLANE ( 'NONE',  #1397 ) ;
#1672 = DIRECTION ( 'NONE',  ( 0.8501817746811739518, -0.5264892686465411087, -6.304819211771187490E-15 ) ) ;
#1673 = ORIENTED_EDGE ( 'NONE', *, *, #1394, .F. ) ;
#1674 = DIRECTION ( 'NONE',  ( 1.000000000000000000, 0.000000000000000000, -5.360242386507588990E-15 ) ) ;
#1675 = DIRECTION ( 'NONE',  ( -0.8501817746811739518, 0.5264892686465409977, 6.304819211771186701E-15 ) ) ;
#1676 = CARTESIAN_POINT ( 'NONE',  ( 1.262673961550923707, 11.42638000858817549, 2.899999999999944844 ) ) ;
#1677 = VERTEX_POINT ( 'NONE', #585 ) ;
#1678 = ORIENTED_EDGE ( 'NONE', *, *, #1108, .F. ) ;
#1679 = EDGE_CURVE ( 'NONE', #753, #4708, #2068, .T. ) ;
#1680 = EDGE_CURVE ( 'NONE', #4527, #1362, #143, .T. ) ;
#1681 = AXIS2_PLACEMENT_3D ( 'NONE', #3377, #3805, #1531 ) ;
#1682 = AXIS2_PLACEMENT_3D ( 'NONE', #1639, #1269, #184 ) ;
#1683 = EDGE_CURVE ( 'NONE', #2803, #1677, #1248, .T. ) ;
#1684 = CARTESIAN_POINT ( 'NONE',  ( 1.857801203827807113, 11.05783752053562985, 8.599999999999939249 ) ) ;
#1685 = ORIENTED_EDGE ( 'NONE', *, *, #3365, .T. ) ;
#1686 = ORIENTED_EDGE ( 'NONE', *, *, #3758, .F. ) ;
#1687 = CARTESIAN_POINT ( 'NONE',  ( 0.3591908249054387992, -28.83382886264728384, 12.49999999999922373 ) ) ;
#1688 = LINE ( 'NONE', #2064, #626 ) ;
#1689 = ADVANCED_FACE ( 'NONE', ( #1297 ), #3960, .T. ) ;
#1690 = CARTESIAN_POINT ( 'NONE',  ( 0.1651500107019937269, 4.808577100575575969, 11.09999999999999609 ) ) ;
#1691 = EDGE_CURVE ( 'NONE', #3129, #329, #923, .T. ) ;
#1692 = ORIENTED_EDGE ( 'NONE', *, *, #3974, .F. ) ;
#1693 = LINE ( 'NONE', #3608, #1638 ) ;
#1694 = DIRECTION ( 'NONE',  ( -6.114415787240481363E-15, -2.184884813792578055E-14, 1.000000000000000000 ) ) ;
#1695 = DIRECTION ( 'NONE',  ( 0.5264892686465414418, 0.8501817746811736187, 0.000000000000000000 ) ) ;
#1696 = CIRCLE ( 'NONE', #2337, 0.5000000000000024425 ) ;
#1697 = CARTESIAN_POINT ( 'NONE',  ( -0.8548592206691236761, 4.616881523681073851, 11.09999999999996589 ) ) ;
#1698 = AXIS2_PLACEMENT_3D ( 'NONE', #4632, #503, #886 ) ;
#1699 = CIRCLE ( 'NONE', #2342, 1.499999999999999112 ) ;
#1700 = DIRECTION ( 'NONE',  ( 0.5264892686465397764, 0.8501817746811747289, 0.000000000000000000 ) ) ;
#1701 = LINE ( 'NONE', #3248, #1165 ) ;
#1702 = ORIENTED_EDGE ( 'NONE', *, *, #3171, .F. ) ;
#1703 = EDGE_LOOP ( 'NONE', ( #2545, #1455, #2516, #1451 ) ) ;
#1704 = DIRECTION ( 'NONE',  ( 0.5264892686465441063, 0.8501817746811719534, -0.000000000000000000 ) ) ;
#1705 = DIRECTION ( 'NONE',  ( 1.671232596756055639E-14, -1.669169295443039344E-14, 1.000000000000000000 ) ) ;
#1706 = ORIENTED_EDGE ( 'NONE', *, *, #1776, .T. ) ;
#1707 = ORIENTED_EDGE ( 'NONE', *, *, #2488, .T. ) ;
#1708 = CARTESIAN_POINT ( 'NONE',  ( -9.348707862106900635, -14.35327323742633254, 7.499999999999320544 ) ) ;
#1709 = LINE ( 'NONE', #4592, #2524 ) ;
#1710 = DIRECTION ( 'NONE',  ( -0.5264892686465415528, -0.8501817746811735077, 0.000000000000000000 ) ) ;
#1711 = ORIENTED_EDGE ( 'NONE', *, *, #1186, .T. ) ;
#1712 = EDGE_LOOP ( 'NONE', ( #4435, #4276, #1552, #357 ) ) ;
#1713 = AXIS2_PLACEMENT_3D ( 'NONE', #2941, #2512, #4398 ) ;
#1714 = FACE_OUTER_BOUND ( 'NONE', #2625, .T. ) ;
#1715 = DIRECTION ( 'NONE',  ( -0.5264892686465409977, -0.8501817746811739518, 8.318640830666264084E-18 ) ) ;
#1716 = LINE ( 'NONE', #2838, #4892 ) ;
#1717 = LINE ( 'NONE', #1300, #1891 ) ;
#1718 = AXIS2_PLACEMENT_3D ( 'NONE', #617, #1009, #2421 ) ;
#1719 = DIRECTION ( 'NONE',  ( 6.277507446913876925E-15, 2.211221068853061198E-14, -1.000000000000000000 ) ) ;
#1720 = FACE_OUTER_BOUND ( 'NONE', #1516, .T. ) ;
#1721 = ORIENTED_EDGE ( 'NONE', *, *, #2729, .F. ) ;
#1722 = VECTOR ( 'NONE', #3741, 1000.000000000000114 ) ;
#1723 = ADVANCED_FACE ( 'NONE', ( #1714 ), #952, .T. ) ;
#1724 = CIRCLE ( 'NONE', #3884, 1.500000000000001110 ) ;
#1725 = ORIENTED_EDGE ( 'NONE', *, *, #1264, .T. ) ;
#1726 = LINE ( 'NONE', #4747, #4459 ) ;
#1727 = CYLINDRICAL_SURFACE ( 'NONE', #4727, 0.5000000000000024425 ) ;
#1728 = EDGE_LOOP ( 'NONE', ( #3339, #1673, #4456, #813 ) ) ;
#1729 = ORIENTED_EDGE ( 'NONE', *, *, #1087, .T. ) ;
#1730 = CYLINDRICAL_SURFACE ( 'NONE', #70, 1.499999999999999556 ) ;
#1731 = CARTESIAN_POINT ( 'NONE',  ( -11.06856877358605651, -8.583344429792171937, 0.1000000000000321049 ) ) ;
#1732 = CYLINDRICAL_SURFACE ( 'NONE', #4863, 0.5000000000000024425 ) ;
#1733 = EDGE_LOOP ( 'NONE', ( #1802, #4793, #3547, #1103 ) ) ;
#1734 = ORIENTED_EDGE ( 'NONE', *, *, #660, .T. ) ;
#1735 = ORIENTED_EDGE ( 'NONE', *, *, #204, .T. ) ;
#1736 = LINE ( 'NONE', #190, #4335 ) ;
#1737 = DIRECTION ( 'NONE',  ( -5.384870790011338426E-15, 3.324886662288880001E-15, -1.000000000000000000 ) ) ;
#1738 = EDGE_CURVE ( 'NONE', #3306, #2525, #1736, .T. ) ;
#1739 = LINE ( 'NONE', #1419, #549 ) ;
#1740 = EDGE_CURVE ( 'NONE', #3707, #1353, #1693, .T. ) ;
#1741 = CARTESIAN_POINT ( 'NONE',  ( 4.092366378073298172, 3.552801800670830179, -9.589274940727247334E-15 ) ) ;
#1742 = EDGE_CURVE ( 'NONE', #1078, #2013, #4709, .T. ) ;
#1743 = LINE ( 'NONE', #3216, #623 ) ;
#1744 = ORIENTED_EDGE ( 'NONE', *, *, #4093, .F. ) ;
#1745 = CARTESIAN_POINT ( 'NONE',  ( -11.43906704699965182, -21.52756055242382160, 3.999999999999990674 ) ) ;
#1746 = CARTESIAN_POINT ( 'NONE',  ( 0.6389903524839368743, 5.573740697788834630, 2.000000000000016875 ) ) ;
#1747 = VERTEX_POINT ( 'NONE', #2861 ) ;
#1748 = EDGE_CURVE ( 'NONE', #1826, #1355, #2814, .T. ) ;
#1749 = AXIS2_PLACEMENT_3D ( 'NONE', #3844, #835, #2347 ) ;
#1750 = VERTEX_POINT ( 'NONE', #3634 ) ;
#1751 = DIRECTION ( 'NONE',  ( -5.782411586589355667E-15, 3.469446951953613400E-15, -1.000000000000000000 ) ) ;
#1752 = ORIENTED_EDGE ( 'NONE', *, *, #262, .T. ) ;
#1753 = ORIENTED_EDGE ( 'NONE', *, *, #4036, .F. ) ;
#1754 = VECTOR ( 'NONE', #3014, 999.9999999999998863 ) ;
#1755 = DIRECTION ( 'NONE',  ( -0.8501817746811739518, 0.5264892686465409977, 0.000000000000000000 ) ) ;
#1756 = LINE ( 'NONE', #4052, #4420 ) ;
#1757 = LINE ( 'NONE', #3281, #3290 ) ;
#1758 = ORIENTED_EDGE ( 'NONE', *, *, #4878, .T. ) ;
#1759 = EDGE_CURVE ( 'NONE', #880, #133, #1317, .T. ) ;
#1760 = EDGE_LOOP ( 'NONE', ( #159, #2883, #3699, #2110 ) ) ;
#1761 = ORIENTED_EDGE ( 'NONE', *, *, #4440, .F. ) ;
#1762 = PLANE ( 'NONE',  #2906 ) ;
#1763 = EDGE_CURVE ( 'NONE', #529, #1747, #2755, .T. ) ;
#1764 = CARTESIAN_POINT ( 'NONE',  ( -2.309361650235403296, -24.82884505520361884, 5.249999999999250377 ) ) ;
#1765 = DIRECTION ( 'NONE',  ( 5.377642775528102782E-15, -3.469446951953614583E-15, 1.000000000000000000 ) ) ;
#1766 = PLANE ( 'NONE',  #3151 ) ;
#1767 = DIRECTION ( 'NONE',  ( 0.5264892686465418858, 0.8501817746811735077, 0.000000000000000000 ) ) ;
#1768 = DIRECTION ( 'NONE',  ( 0.8501817746811719534, -0.5264892686465441063, -5.974414149359471004E-15 ) ) ;
#1769 = ORIENTED_EDGE ( 'NONE', *, *, #417, .T. ) ;
#1770 = CARTESIAN_POINT ( 'NONE',  ( -2.309361650235403740, -24.82884505520361884, 5.249999999999250377 ) ) ;
#1771 = CARTESIAN_POINT ( 'NONE',  ( 1.857801203827742942, 11.05783752053559432, 2.899999999999940403 ) ) ;
#1772 = ADVANCED_FACE ( 'NONE', ( #4326 ), #3535, .F. ) ;
#1773 = EDGE_LOOP ( 'NONE', ( #4096, #4018, #2610, #4153 ) ) ;
#1774 = CIRCLE ( 'NONE', #4473, 1.499999999999999112 ) ;
#1775 = ORIENTED_EDGE ( 'NONE', *, *, #3661, .F. ) ;
#1776 = EDGE_CURVE ( 'NONE', #4229, #2236, #1053, .T. ) ;
#1777 = CARTESIAN_POINT ( 'NONE',  ( 1.857801203827808445, 11.05783752053562985, 8.599999999999941025 ) ) ;
#1778 = VERTEX_POINT ( 'NONE', #2221 ) ;
#1779 = ORIENTED_EDGE ( 'NONE', *, *, #3293, .F. ) ;
#1780 = LINE ( 'NONE', #4774, #3947 ) ;
#1781 = DIRECTION ( 'NONE',  ( -1.000000000000000000, 0.000000000000000000, 5.360242386507588202E-15 ) ) ;
#1782 = CARTESIAN_POINT ( 'NONE',  ( -8.923616974766318322, -14.61651787174959871, 6.499999999999316991 ) ) ;
#1783 = ORIENTED_EDGE ( 'NONE', *, *, #4196, .F. ) ;
#1784 = ORIENTED_EDGE ( 'NONE', *, *, #3246, .T. ) ;
#1785 = EDGE_CURVE ( 'NONE', #325, #3032, #286, .T. ) ;
#1786 = ORIENTED_EDGE ( 'NONE', *, *, #262, .F. ) ;
#1787 = DIRECTION ( 'NONE',  ( -5.377642775528101204E-15, 3.295974604355933085E-15, -1.000000000000000000 ) ) ;
#1788 = DIRECTION ( 'NONE',  ( 0.5264892686465411087, 0.8501817746811739518, -0.000000000000000000 ) ) ;
#1789 = FACE_OUTER_BOUND ( 'NONE', #4658, .T. ) ;
#1790 = DIRECTION ( 'NONE',  ( 0.5264892686465409977, 0.8501817746811739518, 2.097206842610695122E-16 ) ) ;
#1791 = DIRECTION ( 'NONE',  ( -0.8501817746811739518, 0.5264892686465411087, 6.381590766241915839E-15 ) ) ;
#1792 = VECTOR ( 'NONE', #4872, 999.9999999999998863 ) ;
#1793 = AXIS2_PLACEMENT_3D ( 'NONE', #1980, #792, #2302 ) ;
#1794 = DIRECTION ( 'NONE',  ( 0.8501817746811738408, -0.5264892686465411087, -6.304819211771185913E-15 ) ) ;
#1795 = ORIENTED_EDGE ( 'NONE', *, *, #2171, .T. ) ;
#1796 = VECTOR ( 'NONE', #1158, 1000.000000000000000 ) ;
#1797 = DIRECTION ( 'NONE',  ( -5.252255392759747753E-15, 3.044854025030430142E-15, -1.000000000000000000 ) ) ;
#1798 = LINE ( 'NONE', #3691, #3072 ) ;
#1799 = VECTOR ( 'NONE', #2531, 999.9999999999998863 ) ;
#1800 = EDGE_CURVE ( 'NONE', #4101, #1379, #318, .T. ) ;
#1801 = ORIENTED_EDGE ( 'NONE', *, *, #2102, .T. ) ;
#1802 = ORIENTED_EDGE ( 'NONE', *, *, #610, .T. ) ;
#1803 = DIRECTION ( 'NONE',  ( 0.5264892686465385552, 0.8501817746811756171, 0.000000000000000000 ) ) ;
#1804 = CARTESIAN_POINT ( 'NONE',  ( -3.648348246787177729, 2.259300607730856836, 3.382620349382511066E-14 ) ) ;
#1805 = ADVANCED_FACE ( 'NONE', ( #1846, #4815, #2190, #3262, #4110, #1106, #4032, #658, #4138, #737, #3311 ), #1762, .T. ) ;
#1806 = DIRECTION ( 'NONE',  ( -0.8501817746811739518, 0.5264892686465411087, 6.304819211771187490E-15 ) ) ;
#1807 = EDGE_CURVE ( 'NONE', #4745, #2984, #2618, .T. ) ;
#1808 = VECTOR ( 'NONE', #2527, 1000.000000000000000 ) ;
#1809 = VECTOR ( 'NONE', #1060, 1000.000000000000000 ) ;
#1810 = EDGE_CURVE ( 'NONE', #3009, #874, #4395, .T. ) ;
#1811 = AXIS2_PLACEMENT_3D ( 'NONE', #4549, #833, #2717 ) ;
#1812 = ORIENTED_EDGE ( 'NONE', *, *, #3573, .F. ) ;
#1813 = ORIENTED_EDGE ( 'NONE', *, *, #407, .F. ) ;
#1814 = PLANE ( 'NONE',  #3153 ) ;
#1815 = DIRECTION ( 'NONE',  ( 0.8501817746811739518, -0.5264892686465411087, -6.304819211771186701E-15 ) ) ;
#1816 = ORIENTED_EDGE ( 'NONE', *, *, #728, .T. ) ;
#1817 = ORIENTED_EDGE ( 'NONE', *, *, #2349, .T. ) ;
#1818 = ORIENTED_EDGE ( 'NONE', *, *, #1807, .F. ) ;
#1819 = DIRECTION ( 'NONE',  ( 0.8501817746811739518, -0.5264892686465409977, -6.304819211771186701E-15 ) ) ;
#1820 = CARTESIAN_POINT ( 'NONE',  ( -0.2033924773505548511, 4.213449858298865536, 6.099999999999981881 ) ) ;
#1821 = CARTESIAN_POINT ( 'NONE',  ( -5.537515922203836816, -19.59515419727443586, 11.99999999999928590 ) ) ;
#1822 = DIRECTION ( 'NONE',  ( -0.5264892686465418858, -0.8501817746811735077, 0.000000000000000000 ) ) ;
#1823 = DIRECTION ( 'NONE',  ( -0.8501817746811738408, 0.5264892686465411087, 6.304819211771185913E-15 ) ) ;
#1824 = DIRECTION ( 'NONE',  ( -0.8501817746811739518, 0.5264892686465411087, 6.381590766241915839E-15 ) ) ;
#1825 = CARTESIAN_POINT ( 'NONE',  ( -3.087385037636427576, -3.292720064652140621, 5.000000000000006217 ) ) ;
#1826 = VERTEX_POINT ( 'NONE', #2963 ) ;
#1827 = DIRECTION ( 'NONE',  ( -6.277507446913874559E-15, -2.211221068853061198E-14, 1.000000000000000000 ) ) ;
#1828 = DIRECTION ( 'NONE',  ( -1.000000000000000000, 0.000000000000000000, 1.652265922105212854E-14 ) ) ;
#1829 = EDGE_CURVE ( 'NONE', #2206, #2603, #714, .T. ) ;
#1830 = ORIENTED_EDGE ( 'NONE', *, *, #4074, .T. ) ;
#1831 = VECTOR ( 'NONE', #1624, 1000.000000000000000 ) ;
#1832 = ORIENTED_EDGE ( 'NONE', *, *, #1173, .T. ) ;
#1833 = DIRECTION ( 'NONE',  ( 1.000000000000000000, 0.000000000000000000, -5.360242386507588202E-15 ) ) ;
#1834 = DIRECTION ( 'NONE',  ( 0.8501817746811739518, -0.5264892686465409977, -6.304819211771186701E-15 ) ) ;
#1835 = LINE ( 'NONE', #1068, #1301 ) ;
#1836 = AXIS2_PLACEMENT_3D ( 'NONE', #3164, #67, #141 ) ;
#1837 = ORIENTED_EDGE ( 'NONE', *, *, #2139, .F. ) ;
#1838 = ORIENTED_EDGE ( 'NONE', *, *, #1044, .F. ) ;
#1839 = ADVANCED_FACE ( 'NONE', ( #4450 ), #4499, .F. ) ;
#1840 = FACE_OUTER_BOUND ( 'NONE', #1214, .T. ) ;
#1841 = EDGE_CURVE ( 'NONE', #147, #4678, #2562, .T. ) ;
#1842 = FACE_OUTER_BOUND ( 'NONE', #1592, .T. ) ;
#1843 = ORIENTED_EDGE ( 'NONE', *, *, #2729, .T. ) ;
#1844 = ORIENTED_EDGE ( 'NONE', *, *, #928, .T. ) ;
#1845 = ORIENTED_EDGE ( 'NONE', *, *, #4682, .F. ) ;
#1846 = FACE_BOUND ( 'NONE', #2796, .T. ) ;
#1847 = EDGE_CURVE ( 'NONE', #1007, #3761, #2138, .T. ) ;
#1848 = CARTESIAN_POINT ( 'NONE',  ( 0.08483975836231498480, 6.134319756967071768, 10.39999999999997193 ) ) ;
#1849 = DIRECTION ( 'NONE',  ( -0.8501817746811736187, 0.5264892686465417748, 6.068454779668997275E-15 ) ) ;
#1850 = VECTOR ( 'NONE', #2081, 1000.000000000000114 ) ;
#1851 = EDGE_CURVE ( 'NONE', #1387, #3222, #3367, .T. ) ;
#1852 = DIRECTION ( 'NONE',  ( 0.5264892686465385552, 0.8501817746811756171, 0.000000000000000000 ) ) ;
#1853 = EDGE_CURVE ( 'NONE', #3717, #2000, #2164, .T. ) ;
#1854 = LINE ( 'NONE', #2917, #3148 ) ;
#1855 = AXIS2_PLACEMENT_3D ( 'NONE', #1232, #2751, #4223 ) ;
#1856 = EDGE_LOOP ( 'NONE', ( #311, #1868, #3297, #2786, #1498, #4589, #1304, #283 ) ) ;
#1857 = CARTESIAN_POINT ( 'NONE',  ( -7.004846674799972917, 8.425364007471101147, 10.40000000000003055 ) ) ;
#1858 = DIRECTION ( 'NONE',  ( 0.5264892686465409977, 0.8501817746811738408, 0.000000000000000000 ) ) ;
#1859 = EDGE_LOOP ( 'NONE', ( #3396, #2643, #4418, #2357 ) ) ;
#1860 = FACE_OUTER_BOUND ( 'NONE', #3134, .T. ) ;
#1861 = DIRECTION ( 'NONE',  ( 0.5264892686465415528, 0.8501817746811735077, 0.000000000000000000 ) ) ;
#1862 = DIRECTION ( 'NONE',  ( -0.5264892686465411087, -0.8501817746811739518, 0.000000000000000000 ) ) ;
#1863 = VECTOR ( 'NONE', #3080, 1000.000000000000000 ) ;
#1864 = VERTEX_POINT ( 'NONE', #3709 ) ;
#1865 = ORIENTED_EDGE ( 'NONE', *, *, #3145, .T. ) ;
#1866 = LINE ( 'NONE', #415, #1258 ) ;
#1867 = ORIENTED_EDGE ( 'NONE', *, *, #2994, .T. ) ;
#1868 = ORIENTED_EDGE ( 'NONE', *, *, #1533, .F. ) ;
#1869 = EDGE_CURVE ( 'NONE', #3513, #4825, #2910, .T. ) ;
#1870 = EDGE_LOOP ( 'NONE', ( #2760, #1517, #3550, #584 ) ) ;
#1871 = DIRECTION ( 'NONE',  ( 0.8501817746811739518, -0.5264892686465411087, -6.304819211771186701E-15 ) ) ;
#1872 = LINE ( 'NONE', #1522, #2211 ) ;
#1873 = CARTESIAN_POINT ( 'NONE',  ( 1.262673961550931478, 11.42638000858817904, 3.599999999999945022 ) ) ;
#1874 = EDGE_CURVE ( 'NONE', #4521, #1125, #4374, .T. ) ;
#1875 = DIRECTION ( 'NONE',  ( -2.503811017409750534E-15, 7.892832678386689141E-15, -1.000000000000000000 ) ) ;
#1876 = SURFACE_SIDE_STYLE ('',( #2945 ) ) ;
#1877 = ORIENTED_EDGE ( 'NONE', *, *, #2724, .F. ) ;
#1878 = FACE_OUTER_BOUND ( 'NONE', #2522, .T. ) ;
#1879 = DIRECTION ( 'NONE',  ( 0.5264892686465409977, 0.8501817746811739518, 0.000000000000000000 ) ) ;
#1880 = PLANE ( 'NONE',  #1315 ) ;
#1881 = VECTOR ( 'NONE', #683, 1000.000000000000000 ) ;
#1882 = ORIENTED_EDGE ( 'NONE', *, *, #4488, .T. ) ;
#1883 = PLANE ( 'NONE',  #435 ) ;
#1884 = AXIS2_PLACEMENT_3D ( 'NONE', #1206, #4195, #3825 ) ;
#1885 = CIRCLE ( 'NONE', #4650, 0.5000000000000028866 ) ;
#1886 = CARTESIAN_POINT ( 'NONE',  ( -6.636304186747350897, 9.020491249748070928, 3.600000000000047162 ) ) ;
#1887 = PLANE ( 'NONE',  #4119 ) ;
#1888 = DIRECTION ( 'NONE',  ( -0.8501817746811739518, 0.5264892686465411087, 6.304819211771187490E-15 ) ) ;
#1889 = ORIENTED_EDGE ( 'NONE', *, *, #2996, .F. ) ;
#1890 = ORIENTED_EDGE ( 'NONE', *, *, #2892, .T. ) ;
#1891 = VECTOR ( 'NONE', #903, 1000.000000000000114 ) ;
#1892 = VECTOR ( 'NONE', #4006, 1000.000000000000000 ) ;
#1893 = LINE ( 'NONE', #4564, #2925 ) ;
#1894 = VECTOR ( 'NONE', #3041, 999.9999999999998863 ) ;
#1895 = LINE ( 'NONE', #688, #4144 ) ;
#1896 = ORIENTED_EDGE ( 'NONE', *, *, #4691, .T. ) ;
#1897 = ORIENTED_EDGE ( 'NONE', *, *, #3511, .F. ) ;
#1898 = VECTOR ( 'NONE', #679, 999.9999999999998863 ) ;
#1899 = CARTESIAN_POINT ( 'NONE',  ( -0.8548592206691286721, 4.616881523681096944, 10.39999999999996660 ) ) ;
#1900 = CARTESIAN_POINT ( 'NONE',  ( -3.087385037636405816, -3.292720064652153056, 8.999999999999326761 ) ) ;
#1901 = DIRECTION ( 'NONE',  ( 0.8501817746811739518, -0.5264892686465411087, -6.304819211771187490E-15 ) ) ;
#1902 = FACE_BOUND ( 'NONE', #2956, .T. ) ;
#1903 = EDGE_CURVE ( 'NONE', #1097, #4772, #638, .T. ) ;
#1904 = EDGE_CURVE ( 'NONE', #702, #4852, #2324, .T. ) ;
#1905 = ORIENTED_EDGE ( 'NONE', *, *, #3057, .F. ) ;
#1906 = FACE_OUTER_BOUND ( 'NONE', #2764, .T. ) ;
#1907 = EDGE_CURVE ( 'NONE', #19, #1066, #2741, .T. ) ;
#1908 = LINE ( 'NONE', #1953, #1831 ) ;
#1909 = CARTESIAN_POINT ( 'NONE',  ( 1.857801203827827097, 11.05783752053564051, 10.39999999999993818 ) ) ;
#1910 = ORIENTED_EDGE ( 'NONE', *, *, #1851, .F. ) ;
#1911 = DIRECTION ( 'NONE',  ( 0.8501817746811738408, -0.5264892686465411087, -6.304819211771185913E-15 ) ) ;
#1912 = SURFACE_SIDE_STYLE ('',( #1557 ) ) ;
#1913 = DIRECTION ( 'NONE',  ( -0.5264892686465441063, -0.8501817746811719534, 1.129958009204315258E-14 ) ) ;
#1914 = DIRECTION ( 'NONE',  ( 0.8501817746811719534, -0.5264892686465441063, -6.284186198641044263E-15 ) ) ;
#1915 = CIRCLE ( 'NONE', #2066, 1.784839758362199547 ) ;
#1916 = EDGE_CURVE ( 'NONE', #941, #3479, #4616, .T. ) ;
#1917 = ORIENTED_EDGE ( 'NONE', *, *, #1256, .F. ) ;
#1918 = EDGE_LOOP ( 'NONE', ( #976, #1609, #251, #4467, #4293, #3523, #3607, #1637, #3440, #189, #2028, #3862 ) ) ;
#1919 = ORIENTED_EDGE ( 'NONE', *, *, #2652, .F. ) ;
#1920 = DIRECTION ( 'NONE',  ( 0.5264892686465415528, 0.8501817746811735077, 0.000000000000000000 ) ) ;
#1921 = DIRECTION ( 'NONE',  ( -0.8501817746811738408, 0.5264892686465411087, 6.304819211771185913E-15 ) ) ;
#1922 = ORIENTED_EDGE ( 'NONE', *, *, #4324, .F. ) ;
#1923 = CARTESIAN_POINT ( 'NONE',  ( 4.092366378073298172, 3.552801800670830179, -9.589274940727247334E-15 ) ) ;
#1924 = VERTEX_POINT ( 'NONE', #4255 ) ;
#1925 = DIRECTION ( 'NONE',  ( 5.348730717595157048E-15, -3.180326372624147392E-15, 1.000000000000000000 ) ) ;
#1926 = ADVANCED_FACE ( 'NONE', ( #468 ), #3487, .F. ) ;
#1927 = DIRECTION ( 'NONE',  ( -0.8501817746811739518, 0.5264892686465411087, 6.381590766241915839E-15 ) ) ;
#1928 = DIRECTION ( 'NONE',  ( -5.551115123125781913E-15, 4.163336342344336238E-15, -1.000000000000000000 ) ) ;
#1929 = ORIENTED_EDGE ( 'NONE', *, *, #1683, .T. ) ;
#1930 = AXIS2_PLACEMENT_3D ( 'NONE', #2231, #1456, #3750 ) ;
#1931 = AXIS2_PLACEMENT_3D ( 'NONE', #758, #2269, #3787 ) ;
#1932 = DIRECTION ( 'NONE',  ( 0.5264892686465397764, 0.8501817746811747289, 0.000000000000000000 ) ) ;
#1933 = DIRECTION ( 'NONE',  ( -0.8501817746811719534, 0.5264892686465441063, 6.284186198641044263E-15 ) ) ;
#1934 = DIRECTION ( 'NONE',  ( -0.5264892686465411087, -0.8501817746811739518, -2.210443882994788087E-14 ) ) ;
#1935 = EDGE_CURVE ( 'NONE', #4044, #4879, #4213, .T. ) ;
#1936 = LINE ( 'NONE', #2053, #4205 ) ;
#1937 = CARTESIAN_POINT ( 'NONE',  ( -9.103223674036984292, -5.599616786807347424, 5.098297620505067407 ) ) ;
#1938 = CARTESIAN_POINT ( 'NONE',  ( -0.8548592206691690842, 4.616881523681249710, 5.399999999999969269 ) ) ;
#1939 = ORIENTED_EDGE ( 'NONE', *, *, #2266, .F. ) ;
#1940 = VERTEX_POINT ( 'NONE', #4597 ) ;
#1941 = ORIENTED_EDGE ( 'NONE', *, *, #2467, .F. ) ;
#1942 = VECTOR ( 'NONE', #1, 1000.000000000000000 ) ;
#1943 = DIRECTION ( 'NONE',  ( 0.5264892686465411087, 0.8501817746811739518, 2.210443882994788087E-14 ) ) ;
#1944 = CYLINDRICAL_SURFACE ( 'NONE', #4345, 1.499999999999999112 ) ;
#1945 = PRESENTATION_LAYER_ASSIGNMENT (  '', '', ( #906 ) ) ;
#1946 = CARTESIAN_POINT ( 'NONE',  ( -6.449117412127565174, -10.62066353074808056, 7.999999999999320544 ) ) ;
#1947 = ORIENTED_EDGE ( 'NONE', *, *, #4243, .F. ) ;
#1948 = CARTESIAN_POINT ( 'NONE',  ( -11.17582241267634657, -21.10246966508325883, 9.999999999999310774 ) ) ;
#1949 = PLANE ( 'NONE',  #2201 ) ;
#1950 = EDGE_CURVE ( 'NONE', #4101, #2771, #4547, .T. ) ;
#1951 = PLANE ( 'NONE',  #4881 ) ;
#1952 = CYLINDRICAL_SURFACE ( 'NONE', #3708, 0.5000000000000028866 ) ;
#1953 = CARTESIAN_POINT ( 'NONE',  ( -0.2033924773505498829, 4.213449858298881523, 5.399999999999981704 ) ) ;
#1954 = CARTESIAN_POINT ( 'NONE',  ( 2.817093716051450425, 4.342535703640334255, 13.99999999999999645 ) ) ;
#1955 = LINE ( 'NONE', #4246, #3123 ) ;
#1956 = FILL_AREA_STYLE ('',( #410 ) ) ;
#1957 = CARTESIAN_POINT ( 'NONE',  ( -3.087385037636440455, -3.292720064652131740, 2.500000000000006217 ) ) ;
#1958 = DIRECTION ( 'NONE',  ( -0.8501817746811736187, 0.5264892686465417748, 6.068454779668997275E-15 ) ) ;
#1959 = ORIENTED_EDGE ( 'NONE', *, *, #1740, .F. ) ;
#1960 = ORIENTED_EDGE ( 'NONE', *, *, #1275, .F. ) ;
#1961 = CIRCLE ( 'NONE', #1884, 0.5000000000000033307 ) ;
#1962 = ORIENTED_EDGE ( 'NONE', *, *, #2268, .T. ) ;
#1963 = UNCERTAINTY_MEASURE_WITH_UNIT (LENGTH_MEASURE( 1.000000000000000082E-05 ), #569, 'distance_accuracy_value', 'NONE');
#1964 = AXIS2_PLACEMENT_3D ( 'NONE', #2772, #2394, #1646 ) ;
#1965 = ADVANCED_FACE ( 'NONE', ( #14 ), #3387, .T. ) ;
#1966 = EDGE_CURVE ( 'NONE', #2701, #894, #583, .T. ) ;
#1967 = LINE ( 'NONE', #1588, #1024 ) ;
#1968 = EDGE_CURVE ( 'NONE', #329, #2130, #1591, .T. ) ;
#1969 = CARTESIAN_POINT ( 'NONE',  ( 0.08483975836232668377, 6.134319756967060222, 11.09999999999997478 ) ) ;
#1970 = VECTOR ( 'NONE', #4371, 1000.000000000000000 ) ;
#1971 = ORIENTED_EDGE ( 'NONE', *, *, #1950, .T. ) ;
#1972 = VECTOR ( 'NONE', #3498, 999.9999999999998863 ) ;
#1973 = DIRECTION ( 'NONE',  ( 0.8501817746811739518, -0.5264892686465411087, -6.304819211771186701E-15 ) ) ;
#1974 = DIRECTION ( 'NONE',  ( 5.360242386507586624E-15, -3.319419655754073984E-15, 1.000000000000000000 ) ) ;
#1975 = DIRECTION ( 'NONE',  ( -5.360242386507585835E-15, 3.319419655754075956E-15, -1.000000000000000000 ) ) ;
#1976 = DIRECTION ( 'NONE',  ( 6.440599106587272487E-15, 2.237557323913544340E-14, -1.000000000000000000 ) ) ;
#1977 = VECTOR ( 'NONE', #3087, 999.9999999999998863 ) ;
#1978 = VECTOR ( 'NONE', #4868, 999.9999999999998863 ) ;
#1979 = AXIS2_PLACEMENT_3D ( 'NONE', #611, #2940, #2222 ) ;
#1980 = CARTESIAN_POINT ( 'NONE',  ( 2.707982978508880922, 10.53134825188903356, -6.904828307605881911E-14 ) ) ;
#1981 = CARTESIAN_POINT ( 'NONE',  ( -12.45109507469813792, -20.31273576211342302, 4.000000000000000000 ) ) ;
#1982 = CARTESIAN_POINT ( 'NONE',  ( -0.9814279630502732443, 0.1080070340725629435, 3.000000000000006217 ) ) ;
#1983 = DIRECTION ( 'NONE',  ( -0.8501817746811738408, 0.5264892686465411087, 6.304819211771185913E-15 ) ) ;
#1984 = DIRECTION ( 'NONE',  ( -1.000000000000000000, 0.000000000000000000, 1.652265922105212854E-14 ) ) ;
#1985 = EDGE_CURVE ( 'NONE', #2683, #895, #4568, .T. ) ;
#1986 = ORIENTED_EDGE ( 'NONE', *, *, #1785, .T. ) ;
#1987 = ORIENTED_EDGE ( 'NONE', *, *, #3347, .F. ) ;
#1988 = ORIENTED_EDGE ( 'NONE', *, *, #3679, .T. ) ;
#1989 = CARTESIAN_POINT ( 'NONE',  ( -1.823822891183437767, -26.89385162019520337, 8.749999999999243272 ) ) ;
#1990 = VERTEX_POINT ( 'NONE', #3863 ) ;
#1991 = EDGE_CURVE ( 'NONE', #693, #1386, #3111, .T. ) ;
#1992 = EDGE_CURVE ( 'NONE', #227, #2716, #3439, .T. ) ;
#1993 = DIRECTION ( 'NONE',  ( 0.8501817746811739518, -0.5264892686465409977, -6.304819211771186701E-15 ) ) ;
#1994 = EDGE_LOOP ( 'NONE', ( #4660, #2899, #2502, #2135 ) ) ;
#1995 = DIRECTION ( 'NONE',  ( -0.5264892686465408866, -0.8501817746811740628, 0.000000000000000000 ) ) ;
#1996 = DIRECTION ( 'NONE',  ( -0.8501817746811739518, 0.5264892686465411087, 6.304819211771187490E-15 ) ) ;
#1997 = FACE_OUTER_BOUND ( 'NONE', #4076, .T. ) ;
#1998 = AXIS2_PLACEMENT_3D ( 'NONE', #2845, #3965, #2051 ) ;
#1999 = EDGE_CURVE ( 'NONE', #1750, #19, #4851, .T. ) ;
#2000 = VERTEX_POINT ( 'NONE', #3815 ) ;
#2001 = CARTESIAN_POINT ( 'NONE',  ( -5.032479801035117717, -26.37711103260705414, 11.99999999999925926 ) ) ;
#2002 = LINE ( 'NONE', #2376, #3549 ) ;
#2003 = DIRECTION ( 'NONE',  ( -0.5264892686465411087, -0.8501817746811739518, 2.168404344971008621E-16 ) ) ;
#2004 = PLANE ( 'NONE',  #1100 ) ;
#2005 = CARTESIAN_POINT ( 'NONE',  ( -8.295729324813803984, -12.65290968806398908, 9.999999999999321432 ) ) ;
#2006 = CARTESIAN_POINT ( 'NONE',  ( -9.333109972413481614, -18.12683345369912047, 3.999999999999989786 ) ) ;
#2007 = DIRECTION ( 'NONE',  ( -0.5264892686465404426, -0.8501817746811741738, -1.084202172485504064E-16 ) ) ;
#2008 = ORIENTED_EDGE ( 'NONE', *, *, #1847, .F. ) ;
#2009 = ORIENTED_EDGE ( 'NONE', *, *, #2509, .F. ) ;
#2010 = VERTEX_POINT ( 'NONE', #391 ) ;
#2011 = DIRECTION ( 'NONE',  ( -5.588570710050344197E-15, 2.950712084907305883E-15, -1.000000000000000000 ) ) ;
#2012 = ORIENTED_EDGE ( 'NONE', *, *, #1999, .T. ) ;
#2013 = VERTEX_POINT ( 'NONE', #1899 ) ;
#2014 = DIRECTION ( 'NONE',  ( 5.204170427930422072E-15, -3.122502256758252770E-15, 1.000000000000000000 ) ) ;
#2015 = CARTESIAN_POINT ( 'NONE',  ( -11.43906704699960208, -21.52756055242384647, 12.49999999999931077 ) ) ;
#2016 = CARTESIAN_POINT ( 'NONE',  ( -2.136788823479194299, -21.70111127186057232, 1.999999999999261036 ) ) ;
#2017 = EDGE_CURVE ( 'NONE', #2871, #3338, #1059, .T. ) ;
#2018 = VECTOR ( 'NONE', #866, 999.9999999999998863 ) ;
#2019 = EDGE_LOOP ( 'NONE', ( #1706, #1919, #3157, #1843 ) ) ;
#2020 = DIRECTION ( 'NONE',  ( 0.5264892686465409977, 0.8501817746811739518, 0.000000000000000000 ) ) ;
#2021 = CARTESIAN_POINT ( 'NONE',  ( -2.237203262955253624, -3.819209333298681841, 5.000000000000006217 ) ) ;
#2022 = EDGE_CURVE ( 'NONE', #3782, #2820, #3118, .T. ) ;
#2023 = DIRECTION ( 'NONE',  ( -5.390033657499366816E-15, 3.345538132240986069E-15, -1.000000000000000000 ) ) ;
#2024 = DIRECTION ( 'NONE',  ( 6.277507446913874559E-15, 2.211221068853061198E-14, -1.000000000000000000 ) ) ;
#2025 = DIRECTION ( 'NONE',  ( -5.131914062964833784E-15, 3.688127226600839325E-15, -1.000000000000000000 ) ) ;
#2026 = CARTESIAN_POINT ( 'NONE',  ( 1.857801203827836201, 11.05783752053564761, 11.09999999999993925 ) ) ;
#2027 = ORIENTED_EDGE ( 'NONE', *, *, #2277, .F. ) ;
#2028 = ORIENTED_EDGE ( 'NONE', *, *, #4603, .T. ) ;
#2029 = VERTEX_POINT ( 'NONE', #1546 ) ;
#2030 = FACE_OUTER_BOUND ( 'NONE', #1341, .T. ) ;
#2031 = VECTOR ( 'NONE', #3273, 1000.000000000000000 ) ;
#2032 = EDGE_LOOP ( 'NONE', ( #2973, #4734, #3437, #2212 ) ) ;
#2033 = ORIENTED_EDGE ( 'NONE', *, *, #956, .T. ) ;
#2034 = VECTOR ( 'NONE', #4166, 1000.000000000000000 ) ;
#2035 = CARTESIAN_POINT ( 'NONE',  ( -0.8683311644742943702, -1.608736719127728199, 6.999999999999846345 ) ) ;
#2036 = AXIS2_PLACEMENT_3D ( 'NONE', #4669, #2815, #1694 ) ;
#2037 = DIRECTION ( 'NONE',  ( 1.102844568285559005E-14, 6.461232119717454368E-15, 1.000000000000000000 ) ) ;
#2038 = DIRECTION ( 'NONE',  ( 0.8501817746811738408, -0.5264892686465409977, -6.304819211771187490E-15 ) ) ;
#2039 = VECTOR ( 'NONE', #4102, 999.9999999999998863 ) ;
#2040 = DIRECTION ( 'NONE',  ( 0.8501817746811739518, -0.5264892686465409977, -6.304819211771186701E-15 ) ) ;
#2041 = AXIS2_PLACEMENT_3D ( 'NONE', #588, #1672, #2417 ) ;
#2042 = DIRECTION ( 'NONE',  ( 0.8501817746811739518, -0.5264892686465411087, -6.304819211771186701E-15 ) ) ;
#2043 = AXIS2_PLACEMENT_3D ( 'NONE', #490, #1611, #1445 ) ;
#2044 = AXIS2_PLACEMENT_3D ( 'NONE', #1900, #1974, #1573 ) ;
#2045 = CARTESIAN_POINT ( 'NONE',  ( -7.383143893060269747, -2.632072007023956495, 0.1000000000000312861 ) ) ;
#2046 = ORIENTED_EDGE ( 'NONE', *, *, #2104, .F. ) ;
#2047 = EDGE_CURVE ( 'NONE', #3993, #941, #3064, .T. ) ;
#2048 = EDGE_CURVE ( 'NONE', #252, #756, #3840, .T. ) ;
#2049 = AXIS2_PLACEMENT_3D ( 'NONE', #3406, #1141, #2655 ) ;
#2050 = EDGE_CURVE ( 'NONE', #84, #3554, #1447, .T. ) ;
#2051 = DIRECTION ( 'NONE',  ( -0.8501817746811739518, 0.5264892686465409977, 0.000000000000000000 ) ) ;
#2052 = AXIS2_PLACEMENT_3D ( 'NONE', #828, #4543, #3813 ) ;
#2053 = CARTESIAN_POINT ( 'NONE',  ( -9.252899314438028711, -5.841314973571564373, 3.348297620505066963 ) ) ;
#2054 = DIRECTION ( 'NONE',  ( -0.8501817746811739518, 0.5264892686465411087, 0.000000000000000000 ) ) ;
#2055 = DIRECTION ( 'NONE',  ( 0.5264892686465411087, 0.8501817746811739518, 2.193656236453077173E-14 ) ) ;
#2056 = ORIENTED_EDGE ( 'NONE', *, *, #83, .T. ) ;
#2057 = ORIENTED_EDGE ( 'NONE', *, *, #4440, .T. ) ;
#2058 = LINE ( 'NONE', #224, #4118 ) ;
#2059 = EDGE_CURVE ( 'NONE', #1990, #4065, #4235, .T. ) ;
#2060 = EDGE_LOOP ( 'NONE', ( #2358, #2213, #1013, #37 ) ) ;
#2061 = EDGE_LOOP ( 'NONE', ( #3937, #485, #832, #1052 ) ) ;
#2062 = EDGE_CURVE ( 'NONE', #387, #3859, #970, .T. ) ;
#2063 = DIRECTION ( 'NONE',  ( -0.8501817746811738408, 0.5264892686465409977, 6.304819211771186701E-15 ) ) ;
#2064 = CARTESIAN_POINT ( 'NONE',  ( 1.857801203827742942, 11.05783752053559432, 2.899999999999940403 ) ) ;
#2065 = CARTESIAN_POINT ( 'NONE',  ( 1.857801203827828873, 11.05783752053564406, 10.39999999999993996 ) ) ;
#2066 = AXIS2_PLACEMENT_3D ( 'NONE', #4627, #21, #2351 ) ;
#2067 = ORIENTED_EDGE ( 'NONE', *, *, #3143, .F. ) ;
#2068 = LINE ( 'NONE', #4004, #2597 ) ;
#2069 = CARTESIAN_POINT ( 'NONE',  ( -3.877118940606251840, -4.567992726673892001, 2.500000000000006217 ) ) ;
#2070 = LINE ( 'NONE', #3316, #2289 ) ;
#2071 = DIRECTION ( 'NONE',  ( -4.903585739422082521E-15, 4.056834797447598749E-15, -1.000000000000000000 ) ) ;
#2072 = DIRECTION ( 'NONE',  ( 0.5264892686465409977, 0.8501817746811739518, 0.000000000000000000 ) ) ;
#2073 = FACE_OUTER_BOUND ( 'NONE', #221, .T. ) ;
#2074 = DIRECTION ( 'NONE',  ( -1.000000000000000000, 0.000000000000000000, 1.676563950371583789E-14 ) ) ;
#2075 = EDGE_LOOP ( 'NONE', ( #968, #1481, #2714, #4336 ) ) ;
#2076 = ORIENTED_EDGE ( 'NONE', *, *, #597, .F. ) ;
#2077 = VECTOR ( 'NONE', #1363, 1000.000000000000000 ) ;
#2078 = FACE_OUTER_BOUND ( 'NONE', #4884, .T. ) ;
#2079 = ORIENTED_EDGE ( 'NONE', *, *, #1324, .F. ) ;
#2080 = EDGE_LOOP ( 'NONE', ( #606, #4439, #2505 ) ) ;
#2081 = DIRECTION ( 'NONE',  ( -0.8501817746811738408, 0.5264892686465409977, 6.304819211771186701E-15 ) ) ;
#2082 = CYLINDRICAL_SURFACE ( 'NONE', #398, 0.5000000000000026645 ) ;
#2083 = LINE ( 'NONE', #3509, #3602 ) ;
#2084 = ORIENTED_EDGE ( 'NONE', *, *, #3826, .F. ) ;
#2085 = DIRECTION ( 'NONE',  ( 0.8501817746811739518, -0.5264892686465409977, -6.304819211771186701E-15 ) ) ;
#2086 = CARTESIAN_POINT ( 'NONE',  ( -1.823822891183454864, -26.89385162019519271, 5.249999999999241496 ) ) ;
#2087 = DIRECTION ( 'NONE',  ( 6.114415787240482152E-15, 2.184884813792578370E-14, -1.000000000000000000 ) ) ;
#2088 = VECTOR ( 'NONE', #4823, 1000.000000000000114 ) ;
#2089 = ADVANCED_FACE ( 'NONE', ( #3601 ), #117, .T. ) ;
#2090 = LINE ( 'NONE', #4695, #4027 ) ;
#2091 = AXIS2_PLACEMENT_3D ( 'NONE', #4416, #1888, #1120 ) ;
#2092 =( NAMED_UNIT ( * ) SI_UNIT ( $, .STERADIAN. ) SOLID_ANGLE_UNIT ( ) );
#2093 = DIRECTION ( 'NONE',  ( 0.5264892686465414418, 0.8501817746811736187, -0.000000000000000000 ) ) ;
#2094 = LINE ( 'NONE', #2819, #3053 ) ;
#2095 = ORIENTED_EDGE ( 'NONE', *, *, #90, .F. ) ;
#2096 = VERTEX_POINT ( 'NONE', #1615 ) ;
#2097 = PLANE ( 'NONE',  #4304 ) ;
#2098 = CARTESIAN_POINT ( 'NONE',  ( -10.01559023629295453, -6.882980880429836468, 3.600000000000031619 ) ) ;
#2099 = ORIENTED_EDGE ( 'NONE', *, *, #3532, .T. ) ;
#2100 = VERTEX_POINT ( 'NONE', #4686 ) ;
#2101 = EDGE_CURVE ( 'NONE', #3433, #3858, #2407, .T. ) ;
#2102 = EDGE_CURVE ( 'NONE', #4349, #4417, #3952, .T. ) ;
#2103 = DIRECTION ( 'NONE',  ( -0.5264892686465415528, -0.8501817746811735077, -3.154042683594181315E-16 ) ) ;
#2104 = EDGE_CURVE ( 'NONE', #2653, #3236, #138, .T. ) ;
#2105 = DIRECTION ( 'NONE',  ( 0.8501817746811739518, -0.5264892686465411087, -6.304819211771186701E-15 ) ) ;
#2106 = DIRECTION ( 'NONE',  ( -0.8501817746811719534, 0.5264892686465441063, 6.284186198641042686E-15 ) ) ;
#2107 = ORIENTED_EDGE ( 'NONE', *, *, #3017, .F. ) ;
#2108 = AXIS2_PLACEMENT_3D ( 'NONE', #4869, #1476, #2992 ) ;
#2109 = VERTEX_POINT ( 'NONE', #3557 ) ;
#2110 = ORIENTED_EDGE ( 'NONE', *, *, #3171, .T. ) ;
#2111 = VECTOR ( 'NONE', #669, 999.9999999999998863 ) ;
#2112 = DIRECTION ( 'NONE',  ( -0.5264892686465411087, -0.8501817746811739518, -2.227791117754556158E-14 ) ) ;
#2113 = VECTOR ( 'NONE', #4525, 1000.000000000000000 ) ;
#2114 = FACE_OUTER_BOUND ( 'NONE', #4207, .T. ) ;
#2115 = CARTESIAN_POINT ( 'NONE',  ( -2.663278092125690666, -22.55129304654177247, 10.99999999999926104 ) ) ;
#2116 = CARTESIAN_POINT ( 'NONE',  ( -9.140838155855027125, -5.660357145272730151, 3.600000000000031175 ) ) ;
#2117 = LINE ( 'NONE', #2864, #3158 ) ;
#2118 = AXIS2_PLACEMENT_3D ( 'NONE', #2874, #1333, #3597 ) ;
#2119 = CIRCLE ( 'NONE', #3323, 1.784839758362283257 ) ;
#2120 = FACE_OUTER_BOUND ( 'NONE', #3864, .T. ) ;
#2121 = CARTESIAN_POINT ( 'NONE',  ( 1.262673961550951462, 11.42638000858819325, 5.399999999999945288 ) ) ;
#2122 = ORIENTED_EDGE ( 'NONE', *, *, #3755, .T. ) ;
#2123 = AXIS2_PLACEMENT_3D ( 'NONE', #2331, #3853, #1513 ) ;
#2124 = VECTOR ( 'NONE', #2263, 999.9999999999998863 ) ;
#2125 = ORIENTED_EDGE ( 'NONE', *, *, #1763, .T. ) ;
#2126 = CARTESIAN_POINT ( 'NONE',  ( -8.989654680114762542, -5.416224086230973178, 2.098297620505066963 ) ) ;
#2127 = EDGE_CURVE ( 'NONE', #3338, #2871, #3668, .T. ) ;
#2128 = FACE_OUTER_BOUND ( 'NONE', #2535, .T. ) ;
#2129 = ORIENTED_EDGE ( 'NONE', *, *, #1679, .F. ) ;
#2130 = VERTEX_POINT ( 'NONE', #876 ) ;
#2131 = EDGE_CURVE ( 'NONE', #992, #967, #532, .T. ) ;
#2132 = LINE ( 'NONE', #3301, #4575 ) ;
#2133 = CARTESIAN_POINT ( 'NONE',  ( -8.827808427097444621, -6.104559607894829654, 2.098297620505063854 ) ) ;
#2134 = PLANE ( 'NONE',  #2889 ) ;
#2135 = ORIENTED_EDGE ( 'NONE', *, *, #3921, .F. ) ;
#2136 = ORIENTED_EDGE ( 'NONE', *, *, #2782, .T. ) ;
#2137 = ORIENTED_EDGE ( 'NONE', *, *, #3606, .F. ) ;
#2138 = LINE ( 'NONE', #3340, #4539 ) ;
#2139 = EDGE_CURVE ( 'NONE', #2589, #1438, #2809, .T. ) ;
#2140 = DIRECTION ( 'NONE',  ( 0.8501817746811739518, -0.5264892686465411087, -6.304819211771186701E-15 ) ) ;
#2141 = DIRECTION ( 'NONE',  ( -5.377642775528101204E-15, 3.295974604355933085E-15, -1.000000000000000000 ) ) ;
#2142 = DIRECTION ( 'NONE',  ( 0.5264892686465416638, 0.8501817746811735077, 0.000000000000000000 ) ) ;
#2143 = CARTESIAN_POINT ( 'NONE',  ( -10.91257777835305909, -20.67737877774266764, 12.49999999999931077 ) ) ;
#2144 = EDGE_CURVE ( 'NONE', #986, #3176, #1527, .T. ) ;
#2145 = CARTESIAN_POINT ( 'NONE',  ( -7.004846674799945383, 8.425364007471195293, 6.100000000000032507 ) ) ;
#2146 = ORIENTED_EDGE ( 'NONE', *, *, #430, .T. ) ;
#2147 = FACE_OUTER_BOUND ( 'NONE', #1184, .T. ) ;
#2148 = LINE ( 'NONE', #1039, #2111 ) ;
#2149 = ORIENTED_EDGE ( 'NONE', *, *, #2892, .F. ) ;
#2150 = ORIENTED_EDGE ( 'NONE', *, *, #2062, .T. ) ;
#2151 = DIRECTION ( 'NONE',  ( 0.8501817746811739518, -0.5264892686465411087, -6.304819211771186701E-15 ) ) ;
#2152 = CARTESIAN_POINT ( 'NONE',  ( -4.343160337541373650, -7.219936432023401629, 12.99999999999932143 ) ) ;
#2153 = EDGE_CURVE ( 'NONE', #3055, #237, #4640, .T. ) ;
#2154 = ORIENTED_EDGE ( 'NONE', *, *, #1614, .T. ) ;
#2155 = ORIENTED_EDGE ( 'NONE', *, *, #4485, .T. ) ;
#2156 = VECTOR ( 'NONE', #1117, 1000.000000000000114 ) ;
#2157 = VECTOR ( 'NONE', #1993, 999.9999999999998863 ) ;
#2158 = LINE ( 'NONE', #3997, #307 ) ;
#2159 = FACE_OUTER_BOUND ( 'NONE', #4679, .T. ) ;
#2160 = LINE ( 'NONE', #1782, #594 ) ;
#2161 = VERTEX_POINT ( 'NONE', #2828 ) ;
#2162 = EDGE_LOOP ( 'NONE', ( #4434, #2781, #3283, #1818, #4474, #2012, #905, #1658 ) ) ;
#2163 = VERTEX_POINT ( 'NONE', #2854 ) ;
#2164 = LINE ( 'NONE', #3682, #3756 ) ;
#2165 = DIRECTION ( 'NONE',  ( 7.913465691516900999E-15, -3.090020790458122770E-14, 1.000000000000000000 ) ) ;
#2166 = CARTESIAN_POINT ( 'NONE',  ( 1.262673961550958346, 11.42638000858819680, 6.099999999999945466 ) ) ;
#2167 = EDGE_CURVE ( 'NONE', #4026, #1590, #1664, .T. ) ;
#2168 = CARTESIAN_POINT ( 'NONE',  ( -7.724390074149326324, -9.830929627778269619, 7.999999999999328537 ) ) ;
#2169 = CARTESIAN_POINT ( 'NONE',  ( -8.827808427097444621, -6.104559607894829654, 2.098297620505063854 ) ) ;
#2170 = LINE ( 'NONE', #3688, #2578 ) ;
#2171 = EDGE_CURVE ( 'NONE', #1414, #648, #2472, .T. ) ;
#2172 = ADVANCED_FACE ( 'NONE', ( #3506 ), #3581, .F. ) ;
#2173 = ORIENTED_EDGE ( 'NONE', *, *, #362, .F. ) ;
#2174 = EDGE_CURVE ( 'NONE', #3926, #702, #1241, .T. ) ;
#2175 = LINE ( 'NONE', #2326, #1427 ) ;
#2176 = CARTESIAN_POINT ( 'NONE',  ( -7.724390074149326324, -9.830929627778269619, 7.999999999999328537 ) ) ;
#2177 = ORIENTED_EDGE ( 'NONE', *, *, #3460, .T. ) ;
#2178 = MECHANICAL_DESIGN_GEOMETRIC_PRESENTATION_REPRESENTATION (  '', ( #906 ), #452 ) ;
#2179 = ORIENTED_EDGE ( 'NONE', *, *, #3606, .T. ) ;
#2180 = LINE ( 'NONE', #3777, #2156 ) ;
#2181 = CARTESIAN_POINT ( 'NONE',  ( -7.004846674799976469, 8.425364007471083383, 11.10000000000002984 ) ) ;
#2182 = FACE_OUTER_BOUND ( 'NONE', #1065, .T. ) ;
#2183 = VERTEX_POINT ( 'NONE', #2766 ) ;
#2184 = ORIENTED_EDGE ( 'NONE', *, *, #3769, .T. ) ;
#2185 = CARTESIAN_POINT ( 'NONE',  ( 1.857801203827827097, 11.05783752053564051, 10.39999999999993818 ) ) ;
#2186 = CARTESIAN_POINT ( 'NONE',  ( -0.4863167326165483972, 5.212008765957915735, 10.39999999999998437 ) ) ;
#2187 = EDGE_LOOP ( 'NONE', ( #4130, #4684 ) ) ;
#2188 = VERTEX_POINT ( 'NONE', #2788 ) ;
#2189 = ORIENTED_EDGE ( 'NONE', *, *, #3822, .F. ) ;
#2190 = FACE_BOUND ( 'NONE', #172, .T. ) ;
#2191 = PLANE ( 'NONE',  #2678 ) ;
#2192 = PLANE ( 'NONE',  #4273 ) ;
#2193 = DIRECTION ( 'NONE',  ( 0.8501817746811736187, -0.5264892686465417748, -6.068454779668997275E-15 ) ) ;
#2194 = PLANE ( 'NONE',  #3401 ) ;
#2195 = AXIS2_PLACEMENT_3D ( 'NONE', #1553, #427, #1932 ) ;
#2196 = AXIS2_PLACEMENT_3D ( 'NONE', #168, #2792, #3239 ) ;
#2197 = CARTESIAN_POINT ( 'NONE',  ( 1.262673961550980106, 11.42638000858820568, 7.899999999999945288 ) ) ;
#2198 = VECTOR ( 'NONE', #4033, 1000.000000000000114 ) ;
#2199 = LINE ( 'NONE', #4509, #1942 ) ;
#2200 = CARTESIAN_POINT ( 'NONE',  ( -8.362302056689273400, -4.403166843666665997, 3.348297620505066963 ) ) ;
#2201 = AXIS2_PLACEMENT_3D ( 'NONE', #2247, #3096, #4550 ) ;
#2202 = EDGE_CURVE ( 'NONE', #2318, #2096, #3206, .T. ) ;
#2203 = ORIENTED_EDGE ( 'NONE', *, *, #2616, .T. ) ;
#2204 = EDGE_CURVE ( 'NONE', #2029, #746, #4705, .T. ) ;
#2205 = AXIS2_PLACEMENT_3D ( 'NONE', #3104, #2681, #4608 ) ;
#2206 = VERTEX_POINT ( 'NONE', #3978 ) ;
#2207 = LINE ( 'NONE', #3428, #2797 ) ;
#2208 = DIRECTION ( 'NONE',  ( 0.8501817746811739518, -0.5264892686465411087, -6.304819211771186701E-15 ) ) ;
#2209 = DIRECTION ( 'NONE',  ( 0.8501817746811739518, -0.5264892686465409977, 0.000000000000000000 ) ) ;
#2210 = AXIS2_PLACEMENT_3D ( 'NONE', #2473, #1705, #2851 ) ;
#2211 = VECTOR ( 'NONE', #1925, 1000.000000000000000 ) ;
#2212 = ORIENTED_EDGE ( 'NONE', *, *, #295, .T. ) ;
#2213 = ORIENTED_EDGE ( 'NONE', *, *, #1345, .T. ) ;
#2214 = ADVANCED_FACE ( 'NONE', ( #580 ), #1814, .T. ) ;
#2215 = LINE ( 'NONE', #1464, #931 ) ;
#2216 = EDGE_CURVE ( 'NONE', #3186, #164, #2586, .T. ) ;
#2217 = DIRECTION ( 'NONE',  ( -6.201160163729268875E-15, -2.198892409452872662E-14, 1.000000000000000000 ) ) ;
#2218 = ORIENTED_EDGE ( 'NONE', *, *, #2102, .F. ) ;
#2219 = VERTEX_POINT ( 'NONE', #4077 ) ;
#2220 = ORIENTED_EDGE ( 'NONE', *, *, #3623, .T. ) ;
#2221 = CARTESIAN_POINT ( 'NONE',  ( -3.877118940606238517, -4.567992726673899995, 5.000000000000006217 ) ) ;
#2222 = DIRECTION ( 'NONE',  ( 0.5264892686465409977, 0.8501817746811739518, 0.000000000000000000 ) ) ;
#2223 = CARTESIAN_POINT ( 'NONE',  ( -11.13487190308178221, -18.18728132541048836, 3.999999999999999112 ) ) ;
#2224 = DIRECTION ( 'NONE',  ( -0.5264892686465411087, -0.8501817746811739518, -2.198197415003314572E-14 ) ) ;
#2225 = DIRECTION ( 'NONE',  ( -0.8501817746811739518, 0.5264892686465411087, 0.000000000000000000 ) ) ;
#2226 = DIRECTION ( 'NONE',  ( -1.000000000000000000, 0.000000000000000000, 5.204170427930421283E-15 ) ) ;
#2227 = VERTEX_POINT ( 'NONE', #3649 ) ;
#2228 = LINE ( 'NONE', #1090, #173 ) ;
#2229 = DIRECTION ( 'NONE',  ( 1.671232596756055639E-14, -1.669169295443039344E-14, 1.000000000000000000 ) ) ;
#2230 = ORIENTED_EDGE ( 'NONE', *, *, #1322, .F. ) ;
#2231 = CARTESIAN_POINT ( 'NONE',  ( 2.707982978508880922, 10.53134825188903356, -6.904828307605881911E-14 ) ) ;
#2232 = CARTESIAN_POINT ( 'NONE',  ( -7.724390074149299679, -9.830929627778285607, 12.99999999999932854 ) ) ;
#2233 = CARTESIAN_POINT ( 'NONE',  ( -8.827808427097430410, -6.104559607894840312, 5.098297620505063854 ) ) ;
#2234 = ADVANCED_FACE ( 'NONE', ( #4751 ), #1730, .F. ) ;
#2235 = AXIS2_PLACEMENT_3D ( 'NONE', #1954, #3142, #904 ) ;
#2236 = VERTEX_POINT ( 'NONE', #1357 ) ;
#2237 = ORIENTED_EDGE ( 'NONE', *, *, #2050, .T. ) ;
#2238 = DIRECTION ( 'NONE',  ( -5.204170427930420494E-15, 3.122502256758252376E-15, -1.000000000000000000 ) ) ;
#2239 = EDGE_CURVE ( 'NONE', #156, #701, #2158, .T. ) ;
#2240 = CARTESIAN_POINT ( 'NONE',  ( -8.295729324813818195, -12.65290968806398197, 7.499999999999320544 ) ) ;
#2241 = FACE_OUTER_BOUND ( 'NONE', #2742, .T. ) ;
#2242 = ORIENTED_EDGE ( 'NONE', *, *, #856, .T. ) ;
#2243 = ORIENTED_EDGE ( 'NONE', *, *, #3362, .T. ) ;
#2244 = VERTEX_POINT ( 'NONE', #3675 ) ;
#2245 = DIRECTION ( 'NONE',  ( -0.5264892686465414418, -0.8501817746811737297, -0.000000000000000000 ) ) ;
#2246 = CYLINDRICAL_SURFACE ( 'NONE', #1406, 0.5000000000000026645 ) ;
#2247 = CARTESIAN_POINT ( 'NONE',  ( 1.857801203827799341, 11.05783752053562630, 7.899999999999939959 ) ) ;
#2248 = VECTOR ( 'NONE', #3040, 1000.000000000000000 ) ;
#2249 = FACE_OUTER_BOUND ( 'NONE', #2494, .T. ) ;
#2250 = CARTESIAN_POINT ( 'NONE',  ( -8.989654680114755436, -5.416224086230976731, 3.348297620505066963 ) ) ;
#2251 = ORIENTED_EDGE ( 'NONE', *, *, #665, .T. ) ;
#2252 = ADVANCED_FACE ( 'NONE', ( #253 ), #2878, .F. ) ;
#2253 = LINE ( 'NONE', #2997, #3824 ) ;
#2254 = FACE_OUTER_BOUND ( 'NONE', #4896, .T. ) ;
#2255 = ORIENTED_EDGE ( 'NONE', *, *, #665, .F. ) ;
#2256 = CARTESIAN_POINT ( 'NONE',  ( -9.348707862106870436, -14.35327323742633077, 11.49999999999932321 ) ) ;
#2257 = DIRECTION ( 'NONE',  ( 0.5264892686465409977, 0.8501817746811739518, 0.000000000000000000 ) ) ;
#2258 = DIRECTION ( 'NONE',  ( 5.360242386507587413E-15, -3.319419655754072407E-15, 1.000000000000000000 ) ) ;
#2259 = DIRECTION ( 'NONE',  ( -1.129180823346041990E-14, -6.298140460044057229E-15, -1.000000000000000000 ) ) ;
#2260 = AXIS2_PLACEMENT_3D ( 'NONE', #4053, #654, #3677 ) ;
#2261 = ORIENTED_EDGE ( 'NONE', *, *, #3898, .T. ) ;
#2262 = ORIENTED_EDGE ( 'NONE', *, *, #309, .F. ) ;
#2263 = DIRECTION ( 'NONE',  ( 0.8501817746811739518, -0.5264892686465409977, -6.304819211771186701E-15 ) ) ;
#2264 = ORIENTED_EDGE ( 'NONE', *, *, #1423, .F. ) ;
#2265 = VERTEX_POINT ( 'NONE', #1048 ) ;
#2266 = EDGE_CURVE ( 'NONE', #3333, #4137, #1780, .T. ) ;
#2267 = EDGE_CURVE ( 'NONE', #2875, #2480, #3334, .T. ) ;
#2268 = EDGE_CURVE ( 'NONE', #1590, #4527, #2132, .T. ) ;
#2269 = DIRECTION ( 'NONE',  ( 1.671232596756055639E-14, -1.669169295443039344E-14, 1.000000000000000000 ) ) ;
#2270 = ORIENTED_EDGE ( 'NONE', *, *, #4423, .T. ) ;
#2271 = FACE_OUTER_BOUND ( 'NONE', #4541, .T. ) ;
#2272 = CARTESIAN_POINT ( 'NONE',  ( -6.636304186747381983, 9.020491249747960794, 8.600000000000047606 ) ) ;
#2273 = CARTESIAN_POINT ( 'NONE',  ( 0.8856800935519519857, -27.98364708796608369, 6.999999999999221956 ) ) ;
#2274 = LINE ( 'NONE', #3139, #697 ) ;
#2275 = EDGE_LOOP ( 'NONE', ( #1511, #1947, #4298, #248 ) ) ;
#2276 = DIRECTION ( 'NONE',  ( -0.8501817746811739518, 0.5264892686465411087, 6.304819211771187490E-15 ) ) ;
#2277 = EDGE_CURVE ( 'NONE', #753, #4850, #4493, .T. ) ;
#2278 = CARTESIAN_POINT ( 'NONE',  ( 2.817093716051450425, 4.342535703640334255, 13.99999999999999645 ) ) ;
#2279 = DIRECTION ( 'NONE',  ( -0.8501817746811719534, 0.5264892686465441063, 6.284186198641044263E-15 ) ) ;
#2280 = VECTOR ( 'NONE', #350, 1000.000000000000114 ) ;
#2281 = VECTOR ( 'NONE', #1225, 999.9999999999998863 ) ;
#2282 = ORIENTED_EDGE ( 'NONE', *, *, #2791, .F. ) ;
#2283 = FACE_OUTER_BOUND ( 'NONE', #361, .T. ) ;
#2284 = VECTOR ( 'NONE', #343, 999.9999999999998863 ) ;
#2285 = FACE_OUTER_BOUND ( 'NONE', #1712, .T. ) ;
#2286 = CARTESIAN_POINT ( 'NONE',  ( 1.262673961550987434, 11.42638000858820924, 8.599999999999944578 ) ) ;
#2287 = EDGE_LOOP ( 'NONE', ( #1328, #2685 ) ) ;
#2288 = ORIENTED_EDGE ( 'NONE', *, *, #2268, .F. ) ;
#2289 = VECTOR ( 'NONE', #4481, 1000.000000000000114 ) ;
#2290 = EDGE_CURVE ( 'NONE', #1125, #3674, #4468, .T. ) ;
#2291 = CIRCLE ( 'NONE', #1329, 1.084839758362325046 ) ;
#2292 = DIRECTION ( 'NONE',  ( 5.348730717595157048E-15, -3.180326372624147392E-15, 1.000000000000000000 ) ) ;
#2293 = VECTOR ( 'NONE', #1737, 1000.000000000000000 ) ;
#2294 = ORIENTED_EDGE ( 'NONE', *, *, #4131, .T. ) ;
#2295 = AXIS2_PLACEMENT_3D ( 'NONE', #779, #3836, #4859 ) ;
#2296 = DIRECTION ( 'NONE',  ( -0.8501817746811739518, 0.5264892686465411087, 6.304819211771187490E-15 ) ) ;
#2297 = ORIENTED_EDGE ( 'NONE', *, *, #3189, .F. ) ;
#2298 = CARTESIAN_POINT ( 'NONE',  ( -10.91257777835311948, -20.67737877774263211, 1.499999999999990230 ) ) ;
#2299 = DIRECTION ( 'NONE',  ( 0.8501817746811738408, -0.5264892686465411087, -6.304819211771186701E-15 ) ) ;
#2300 = FACE_OUTER_BOUND ( 'NONE', #3733, .T. ) ;
#2301 = ADVANCED_FACE ( 'NONE', ( #1840 ), #3358, .T. ) ;
#2302 = DIRECTION ( 'NONE',  ( 1.129180823346041990E-14, 6.298140460044057229E-15, 1.000000000000000000 ) ) ;
#2303 = VERTEX_POINT ( 'NONE', #1435 ) ;
#2304 = DIRECTION ( 'NONE',  ( -0.8501817746811739518, 0.5264892686465409977, 6.304819211771186701E-15 ) ) ;
#2305 = FACE_BOUND ( 'NONE', #4857, .T. ) ;
#2306 = EDGE_CURVE ( 'NONE', #2735, #3633, #3734, .T. ) ;
#2307 = PLANE ( 'NONE',  #2727 ) ;
#2308 = DIRECTION ( 'NONE',  ( -0.5264892686465408866, -0.8501817746811740628, 0.000000000000000000 ) ) ;
#2309 = LINE ( 'NONE', #502, #1972 ) ;
#2310 = DIRECTION ( 'NONE',  ( 5.474406548278963833E-15, -3.135065870330692300E-15, 1.000000000000000000 ) ) ;
#2311 = ORIENTED_EDGE ( 'NONE', *, *, #3933, .F. ) ;
#2312 = ORIENTED_EDGE ( 'NONE', *, *, #2204, .T. ) ;
#2313 = ORIENTED_EDGE ( 'NONE', *, *, #2530, .F. ) ;
#2314 = DIRECTION ( 'NONE',  ( 6.938893903907227589E-15, -2.775557561562890957E-15, 1.000000000000000000 ) ) ;
#2315 = FACE_OUTER_BOUND ( 'NONE', #4318, .T. ) ;
#2316 = ADVANCED_FACE ( 'NONE', ( #2557 ), #704, .F. ) ;
#2317 = DIRECTION ( 'NONE',  ( 0.8501817746811739518, -0.5264892686465411087, -6.304819211771186701E-15 ) ) ;
#2318 = VERTEX_POINT ( 'NONE', #4022 ) ;
#2319 = CARTESIAN_POINT ( 'NONE',  ( -8.295729324813811090, -12.65290968806398730, 8.999999999999321432 ) ) ;
#2320 = CARTESIAN_POINT ( 'NONE',  ( -5.618432999563161445, -6.430202529053573812, 7.999999999999328537 ) ) ;
#2321 = CARTESIAN_POINT ( 'NONE',  ( -8.564563792774174900, -5.679468720554243788, 2.098297620505063854 ) ) ;
#2322 = EDGE_CURVE ( 'NONE', #529, #3338, #2215, .T. ) ;
#2323 = ORIENTED_EDGE ( 'NONE', *, *, #235, .F. ) ;
#2324 = CIRCLE ( 'NONE', #822, 0.5000000000000028866 ) ;
#2325 = CARTESIAN_POINT ( 'NONE',  ( -0.2443550852438287346, -24.34330629615167041, 5.249999999999241496 ) ) ;
#2326 = CARTESIAN_POINT ( 'NONE',  ( -8.295729324813818195, -12.65290968806398197, 7.499999999999320544 ) ) ;
#2327 = EDGE_CURVE ( 'NONE', #4252, #734, #3624, .T. ) ;
#2328 = EDGE_CURVE ( 'NONE', #2482, #3534, #4806, .T. ) ;
#2329 = EDGE_CURVE ( 'NONE', #1152, #2614, #2612, .T. ) ;
#2330 = LINE ( 'NONE', #2728, #4621 ) ;
#2331 = CARTESIAN_POINT ( 'NONE',  ( -10.87162726875851249, -17.76219043806990072, 3.999999999999999112 ) ) ;
#2332 = CARTESIAN_POINT ( 'NONE',  ( -10.60838263443521079, -17.33709955072933440, 9.999999999999319655 ) ) ;
#2333 = PLANE ( 'NONE',  #4629 ) ;
#2334 = ORIENTED_EDGE ( 'NONE', *, *, #3189, .T. ) ;
#2335 = ORIENTED_EDGE ( 'NONE', *, *, #3963, .F. ) ;
#2336 = ORIENTED_EDGE ( 'NONE', *, *, #492, .T. ) ;
#2337 = AXIS2_PLACEMENT_3D ( 'NONE', #1369, #2890, #1700 ) ;
#2338 = LINE ( 'NONE', #3359, #3166 ) ;
#2339 = DIRECTION ( 'NONE',  ( -0.5264892686465411087, -0.8501817746811739518, -2.210443882994788087E-14 ) ) ;
#2340 = AXIS2_PLACEMENT_3D ( 'NONE', #3477, #2754, #434 ) ;
#2341 = EDGE_LOOP ( 'NONE', ( #4839, #3416 ) ) ;
#2342 = AXIS2_PLACEMENT_3D ( 'NONE', #1096, #2629, #750 ) ;
#2343 = DIRECTION ( 'NONE',  ( -0.5264892686465409977, -0.8501817746811739518, 0.000000000000000000 ) ) ;
#2344 = ORIENTED_EDGE ( 'NONE', *, *, #3131, .F. ) ;
#2345 = CARTESIAN_POINT ( 'NONE',  ( -0.8548592206691941753, 4.616881523681330535, 2.899999999999865796 ) ) ;
#2346 = DIRECTION ( 'NONE',  ( 0.6011692981182739093, -0.3722841320819171296, 0.7071067811865444641 ) ) ;
#2347 = DIRECTION ( 'NONE',  ( 0.5264892686465409977, 0.8501817746811739518, 0.000000000000000000 ) ) ;
#2348 = FACE_BOUND ( 'NONE', #4487, .T. ) ;
#2349 = EDGE_CURVE ( 'NONE', #1263, #32, #4132, .T. ) ;
#2350 = CARTESIAN_POINT ( 'NONE',  ( -8.989654680114751883, -5.416224086230978507, 3.848297620505066963 ) ) ;
#2351 = DIRECTION ( 'NONE',  ( -1.000000000000000000, 0.000000000000000000, 1.676563950371583789E-14 ) ) ;
#2352 = CARTESIAN_POINT ( 'NONE',  ( -7.004846674799972917, 8.425364007471101147, 10.40000000000003055 ) ) ;
#2353 = CARTESIAN_POINT ( 'NONE',  ( -3.087385037636392493, -3.292720064652161494, 11.49999999999932676 ) ) ;
#2354 = EDGE_CURVE ( 'NONE', #89, #1438, #219, .T. ) ;
#2355 = FACE_OUTER_BOUND ( 'NONE', #4134, .T. ) ;
#2356 = ADVANCED_FACE ( 'NONE', ( #1154 ), #3490, .F. ) ;
#2357 = ORIENTED_EDGE ( 'NONE', *, *, #1044, .T. ) ;
#2358 = ORIENTED_EDGE ( 'NONE', *, *, #3017, .T. ) ;
#2359 = AXIS2_PLACEMENT_3D ( 'NONE', #3445, #3046, #1136 ) ;
#2360 = EDGE_LOOP ( 'NONE', ( #3486, #1612 ) ) ;
#2361 = UNCERTAINTY_MEASURE_WITH_UNIT (LENGTH_MEASURE( 1.000000000000000082E-05 ), #80, 'distance_accuracy_value', 'NONE');
#2362 = DIRECTION ( 'NONE',  ( 0.8501817746811738408, -0.5264892686465411087, -6.304819211771185913E-15 ) ) ;
#2363 = EDGE_CURVE ( 'NONE', #1520, #2109, #3866, .T. ) ;
#2364 = ORIENTED_EDGE ( 'NONE', *, *, #2328, .F. ) ;
#2365 = VECTOR ( 'NONE', #640, 999.9999999999998863 ) ;
#2366 = DIRECTION ( 'NONE',  ( 0.8501817746811739518, -0.5264892686465409977, 0.000000000000000000 ) ) ;
#2367 = EDGE_LOOP ( 'NONE', ( #2617, #2255, #4380, #730 ) ) ;
#2368 = DIRECTION ( 'NONE',  ( -0.8501817746811738408, 0.5264892686465411087, 6.304819211771185913E-15 ) ) ;
#2369 = CARTESIAN_POINT ( 'NONE',  ( -0.2033924773505347006, 4.213449858298935702, 2.899999999999982148 ) ) ;
#2370 = LINE ( 'NONE', #3889, #340 ) ;
#2371 = EDGE_CURVE ( 'NONE', #650, #4252, #3389, .T. ) ;
#2372 = VECTOR ( 'NONE', #2805, 1000.000000000000114 ) ;
#2373 = AXIS2_PLACEMENT_3D ( 'NONE', #1000, #3368, #3711 ) ;
#2374 = ORIENTED_EDGE ( 'NONE', *, *, #4381, .T. ) ;
#2375 = PLANE ( 'NONE',  #3472 ) ;
#2376 = CARTESIAN_POINT ( 'NONE',  ( 1.448221617570518926, 2.132063089469547368, 1.999999999999945377 ) ) ;
#2377 = CARTESIAN_POINT ( 'NONE',  ( -7.870638437473230553, -12.91615432238725170, 7.499999999999316991 ) ) ;
#2378 = CARTESIAN_POINT ( 'NONE',  ( -6.195627508012055529, -20.65788141562587654, 3.999999999999964473 ) ) ;
#2379 = LINE ( 'NONE', #433, #3237 ) ;
#2380 = LINE ( 'NONE', #3897, #522 ) ;
#2381 = ORIENTED_EDGE ( 'NONE', *, *, #900, .T. ) ;
#2382 = VERTEX_POINT ( 'NONE', #1179 ) ;
#2383 = ORIENTED_EDGE ( 'NONE', *, *, #4624, .T. ) ;
#2384 = EDGE_CURVE ( 'NONE', #2183, #1237, #4216, .T. ) ;
#2385 = LINE ( 'NONE', #1684, #1405 ) ;
#2386 = VERTEX_POINT ( 'NONE', #810 ) ;
#2387 = ORIENTED_EDGE ( 'NONE', *, *, #4131, .F. ) ;
#2388 = ADVANCED_FACE ( 'NONE', ( #368 ), #4890, .F. ) ;
#2389 = CARTESIAN_POINT ( 'NONE',  ( -0.8548592206691552065, 4.616881523681175992, 7.899999999999865352 ) ) ;
#2390 = CARTESIAN_POINT ( 'NONE',  ( 0.1651500107020444919, 4.808577100575758045, 2.899999999999996803 ) ) ;
#2391 = LINE ( 'NONE', #4642, #4266 ) ;
#2392 = LINE ( 'NONE', #97, #2633 ) ;
#2393 = EDGE_LOOP ( 'NONE', ( #4361, #1468, #4177, #1539 ) ) ;
#2394 = DIRECTION ( 'NONE',  ( -0.8501817746811739518, 0.5264892686465411087, 6.381590766241915839E-15 ) ) ;
#2395 = CARTESIAN_POINT ( 'NONE',  ( -4.073439134127764483, 2.522545242054127446, 3.701699887694606740E-14 ) ) ;
#2396 = DIRECTION ( 'NONE',  ( 0.5264892686465405536, 0.8501817746811741738, -0.000000000000000000 ) ) ;
#2397 = AXIS2_PLACEMENT_3D ( 'NONE', #4148, #2604, #4126 ) ;
#2398 = AXIS2_PLACEMENT_3D ( 'NONE', #1499, #420, #1151 ) ;
#2399 = DIRECTION ( 'NONE',  ( 0.8501817746811736187, -0.5264892686465416638, -7.725947721890257122E-15 ) ) ;
#2400 = CARTESIAN_POINT ( 'NONE',  ( -12.18785044037484511, -19.88764487477283893, 6.999999999999319655 ) ) ;
#2401 = ORIENTED_EDGE ( 'NONE', *, *, #4431, .T. ) ;
#2402 = ORIENTED_EDGE ( 'NONE', *, *, #3661, .T. ) ;
#2403 = EDGE_LOOP ( 'NONE', ( #1163, #2294, #2230, #4692, #3127 ) ) ;
#2404 = DIRECTION ( 'NONE',  ( 1.000000000000000000, 0.000000000000000000, -5.425512162932531729E-15 ) ) ;
#2405 = ORIENTED_EDGE ( 'NONE', *, *, #59, .F. ) ;
#2406 = ORIENTED_EDGE ( 'NONE', *, *, #4680, .T. ) ;
#2407 = LINE ( 'NONE', #558, #892 ) ;
#2408 = DIRECTION ( 'NONE',  ( -0.5264892686465415528, -0.8501817746811735077, 3.944304526105058589E-31 ) ) ;
#2409 = CARTESIAN_POINT ( 'NONE',  ( -11.06856877358605651, -8.583344429792171937, 0.1000000000000321049 ) ) ;
#2410 = ADVANCED_FACE ( 'NONE', ( #3042 ), #3843, .T. ) ;
#2411 = EDGE_CURVE ( 'NONE', #3554, #84, #2911, .T. ) ;
#2412 = CIRCLE ( 'NONE', #278, 0.4999999999999990008 ) ;
#2413 = ADVANCED_FACE ( 'NONE', ( #2668 ), #1949, .F. ) ;
#2414 = AXIS2_PLACEMENT_3D ( 'NONE', #4403, #1370, #1350 ) ;
#2415 = CARTESIAN_POINT ( 'NONE',  ( -0.2033924773505342565, 4.213449858298936590, 2.899999999999981704 ) ) ;
#2416 = DIRECTION ( 'NONE',  ( -0.8501817746811735077, 0.5264892686465416638, 6.068454779668996487E-15 ) ) ;
#2417 = DIRECTION ( 'NONE',  ( 0.5264892686465397764, 0.8501817746811747289, 0.000000000000000000 ) ) ;
#2418 = ORIENTED_EDGE ( 'NONE', *, *, #4567, .F. ) ;
#2419 = PLANE ( 'NONE',  #1128 ) ;
#2420 = EDGE_CURVE ( 'NONE', #2803, #4158, #395, .T. ) ;
#2421 = DIRECTION ( 'NONE',  ( -0.8501817746811739518, 0.5264892686465409977, 0.000000000000000000 ) ) ;
#2422 = CARTESIAN_POINT ( 'NONE',  ( -0.4863167326166022431, 5.212008765958125345, 3.599999999999984102 ) ) ;
#2423 = ORIENTED_EDGE ( 'NONE', *, *, #957, .F. ) ;
#2424 = ORIENTED_EDGE ( 'NONE', *, *, #4624, .F. ) ;
#2425 = CARTESIAN_POINT ( 'NONE',  ( -8.295729324813803984, -12.65290968806398908, 9.999999999999321432 ) ) ;
#2426 = LINE ( 'NONE', #554, #2517 ) ;
#2427 = AXIS2_PLACEMENT_3D ( 'NONE', #2594, #2224, #3637 ) ;
#2428 = ORIENTED_EDGE ( 'NONE', *, *, #1742, .F. ) ;
#2429 = ORIENTED_EDGE ( 'NONE', *, *, #771, .T. ) ;
#2430 = ADVANCED_FACE ( 'NONE', ( #4619 ), #3114, .F. ) ;
#2431 = VECTOR ( 'NONE', #2968, 999.9999999999998863 ) ;
#2432 = DIRECTION ( 'NONE',  ( -0.8501817746811741738, 0.5264892686465405536, 6.251117438503198916E-15 ) ) ;
#2433 = AXIS2_PLACEMENT_3D ( 'NONE', #1848, #2592, #4084 ) ;
#2434 = CARTESIAN_POINT ( 'NONE',  ( -8.827808427097444621, -6.104559607894829654, 2.098297620505063854 ) ) ;
#2435 = CARTESIAN_POINT ( 'NONE',  ( -9.767872263262885824, -14.08045843550015697, 2.499999999999324540 ) ) ;
#2436 = AXIS2_PLACEMENT_3D ( 'NONE', #762, #2346, #3185 ) ;
#2437 = ORIENTED_EDGE ( 'NONE', *, *, #4330, .T. ) ;
#2438 = DIRECTION ( 'NONE',  ( -6.277507446913876925E-15, -2.211221068853061198E-14, 1.000000000000000000 ) ) ;
#2439 = CARTESIAN_POINT ( 'NONE',  ( -2.034406500343355351, -1.592356515289785390, 3.000000000000006661 ) ) ;
#2440 = AXIS2_PLACEMENT_3D ( 'NONE', #1804, #4407, #1861 ) ;
#2441 = CIRCLE ( 'NONE', #3719, 1.499999999999999112 ) ;
#2442 = VECTOR ( 'NONE', #2037, 1000.000000000000000 ) ;
#2443 = CARTESIAN_POINT ( 'NONE',  ( -13.50407361199123812, -22.01309931147574517, -6.852396616591200400E-13 ) ) ;
#2444 = VECTOR ( 'NONE', #1101, 1000.000000000000114 ) ;
#2445 = DIRECTION ( 'NONE',  ( -0.8501817746811736187, 0.5264892686465417748, 6.068454779668997275E-15 ) ) ;
#2446 = SPHERICAL_SURFACE ( 'NONE', #777, 1.500000000000000000 ) ;
#2447 = ORIENTED_EDGE ( 'NONE', *, *, #1023, .F. ) ;
#2448 = VERTEX_POINT ( 'NONE', #4238 ) ;
#2449 = DIRECTION ( 'NONE',  ( -5.474406548278966988E-15, 3.135065870330687961E-15, -1.000000000000000000 ) ) ;
#2450 = EDGE_CURVE ( 'NONE', #3678, #325, #3464, .T. ) ;
#2451 = CARTESIAN_POINT ( 'NONE',  ( -9.225856333323143588, -5.607708218408076206, 3.600000000000031619 ) ) ;
#2452 = ORIENTED_EDGE ( 'NONE', *, *, #57, .F. ) ;
#2453 = ORIENTED_EDGE ( 'NONE', *, *, #4602, .T. ) ;
#2454 = DIRECTION ( 'NONE',  ( 0.8501817746811739518, -0.5264892686465409977, -6.304819211771186701E-15 ) ) ;
#2455 = EDGE_CURVE ( 'NONE', #2984, #3553, #66, .T. ) ;
#2456 = LINE ( 'NONE', #4706, #940 ) ;
#2457 = FACE_OUTER_BOUND ( 'NONE', #220, .T. ) ;
#2458 = ORIENTED_EDGE ( 'NONE', *, *, #815, .F. ) ;
#2459 = LINE ( 'NONE', #2415, #778 ) ;
#2460 = FACE_OUTER_BOUND ( 'NONE', #4125, .T. ) ;
#2461 = CARTESIAN_POINT ( 'NONE',  ( -5.537515922203890106, -19.59515419727440388, 1.999999999999286127 ) ) ;
#2462 = LINE ( 'NONE', #194, #786 ) ;
#2463 = VECTOR ( 'NONE', #3491, 1000.000000000000000 ) ;
#2464 = CARTESIAN_POINT ( 'NONE',  ( -11.06856877358602098, -8.583344429792198582, 7.100000000000031619 ) ) ;
#2465 = CARTESIAN_POINT ( 'NONE',  ( -8.923616974766277465, -14.61651787174960404, 12.49999999999932143 ) ) ;
#2466 = CARTESIAN_POINT ( 'NONE',  ( -7.870638437473223448, -12.91615432238725880, 8.999999999999317879 ) ) ;
#2467 = EDGE_CURVE ( 'NONE', #4160, #3227, #2645, .T. ) ;
#2468 = ADVANCED_FACE ( 'NONE', ( #3442 ), #1574, .T. ) ;
#2469 = ORIENTED_EDGE ( 'NONE', *, *, #1089, .F. ) ;
#2470 = ADVANCED_FACE ( 'NONE', ( #4599 ), #4164, .T. ) ;
#2471 = ORIENTED_EDGE ( 'NONE', *, *, #2873, .T. ) ;
#2472 = CIRCLE ( 'NONE', #3839, 0.5000000000000028866 ) ;
#2473 = CARTESIAN_POINT ( 'NONE',  ( 0.08483975836227319878, 6.134319756967113513, 7.899999999999972822 ) ) ;
#2474 = ORIENTED_EDGE ( 'NONE', *, *, #3426, .T. ) ;
#2475 = ORIENTED_EDGE ( 'NONE', *, *, #4614, .F. ) ;
#2476 = VECTOR ( 'NONE', #3495, 999.9999999999998863 ) ;
#2477 = DIRECTION ( 'NONE',  ( 0.8501817746811738408, -0.5264892686465411087, -6.304819211771185913E-15 ) ) ;
#2478 = PLANE ( 'NONE',  #158 ) ;
#2479 = CARTESIAN_POINT ( 'NONE',  ( 1.262673961550959678, 11.42638000858819680, 6.099999999999944578 ) ) ;
#2480 = VERTEX_POINT ( 'NONE', #2065 ) ;
#2481 = ORIENTED_EDGE ( 'NONE', *, *, #516, .F. ) ;
#2482 = VERTEX_POINT ( 'NONE', #2790 ) ;
#2483 = DIRECTION ( 'NONE',  ( 0.8501817746811719534, -0.5264892686465441063, -6.284186198641042686E-15 ) ) ;
#2484 = CARTESIAN_POINT ( 'NONE',  ( -0.4863167326166111248, 5.212008765958150214, 2.899999999999880895 ) ) ;
#2485 = LINE ( 'NONE', #2166, #1892 ) ;
#2486 = CARTESIAN_POINT ( 'NONE',  ( -8.989654680114762542, -5.416224086230973178, 2.098297620505066963 ) ) ;
#2487 = VECTOR ( 'NONE', #4000, 999.9999999999998863 ) ;
#2488 = EDGE_CURVE ( 'NONE', #1750, #2382, #3605, .T. ) ;
#2489 = ORIENTED_EDGE ( 'NONE', *, *, #3867, .T. ) ;
#2490 = EDGE_CURVE ( 'NONE', #1438, #2000, #2391, .T. ) ;
#2491 = LINE ( 'NONE', #3966, #3876 ) ;
#2492 = CARTESIAN_POINT ( 'NONE',  ( -3.087385037636405816, -3.292720064652153056, 8.999999999999326761 ) ) ;
#2493 = EDGE_LOOP ( 'NONE', ( #2057, #1018, #1198, #3593 ) ) ;
#2494 = EDGE_LOOP ( 'NONE', ( #3037, #197, #3133, #3261, #1769 ) ) ;
#2495 = CARTESIAN_POINT ( 'NONE',  ( -7.906452206965989049, -4.616741502202784453, 3.848297620505064298 ) ) ;
#2496 = EDGE_LOOP ( 'NONE', ( #1494, #4664, #1922, #2639 ) ) ;
#2497 = ORIENTED_EDGE ( 'NONE', *, *, #2933, .F. ) ;
#2498 = DIRECTION ( 'NONE',  ( 0.6011692981182680251, -0.3722841320819132438, -0.7071067811865515695 ) ) ;
#2499 = LINE ( 'NONE', #632, #4662 ) ;
#2500 = EDGE_CURVE ( 'NONE', #2448, #147, #4303, .T. ) ;
#2501 = LINE ( 'NONE', #1143, #2487 ) ;
#2502 = ORIENTED_EDGE ( 'NONE', *, *, #4046, .F. ) ;
#2503 = VECTOR ( 'NONE', #1443, 1000.000000000000000 ) ;
#2504 = ORIENTED_EDGE ( 'NONE', *, *, #572, .T. ) ;
#2505 = ORIENTED_EDGE ( 'NONE', *, *, #1115, .F. ) ;
#2506 = VECTOR ( 'NONE', #4716, 1000.000000000000000 ) ;
#2507 = CARTESIAN_POINT ( 'NONE',  ( 0.08483975836224311173, 6.134319756967143711, 6.099999999999961453 ) ) ;
#2508 = VECTOR ( 'NONE', #2038, 1000.000000000000114 ) ;
#2509 = EDGE_CURVE ( 'NONE', #4044, #3501, #899, .T. ) ;
#2510 = LINE ( 'NONE', #2484, #3310 ) ;
#2511 = LINE ( 'NONE', #2565, #2365 ) ;
#2512 = DIRECTION ( 'NONE',  ( -0.8501817746811739518, 0.5264892686465411087, 6.304819211771187490E-15 ) ) ;
#2513 = CYLINDRICAL_SURFACE ( 'NONE', #2686, 1.500000000000001110 ) ;
#2514 = VECTOR ( 'NONE', #2023, 1000.000000000000000 ) ;
#2515 = DIRECTION ( 'NONE',  ( 6.277507446913874559E-15, 2.211221068853061198E-14, -1.000000000000000000 ) ) ;
#2516 = ORIENTED_EDGE ( 'NONE', *, *, #3365, .F. ) ;
#2517 = VECTOR ( 'NONE', #3994, 1000.000000000000000 ) ;
#2518 = EDGE_CURVE ( 'NONE', #3943, #387, #1311, .T. ) ;
#2519 = AXIS2_PLACEMENT_3D ( 'NONE', #1948, #393, #3388 ) ;
#2520 = PLANE ( 'NONE',  #4244 ) ;
#2521 = LINE ( 'NONE', #571, #4648 ) ;
#2522 = EDGE_LOOP ( 'NONE', ( #3502, #801, #3539, #4401 ) ) ;
#2523 =( GEOMETRIC_REPRESENTATION_CONTEXT ( 3 ) GLOBAL_UNCERTAINTY_ASSIGNED_CONTEXT ( ( #1963 ) ) GLOBAL_UNIT_ASSIGNED_CONTEXT ( ( #569, #1604, #2092 ) ) REPRESENTATION_CONTEXT ( 'NONE', 'WORKASPACE' ) );
#2524 = VECTOR ( 'NONE', #33, 999.9999999999998863 ) ;
#2525 = VERTEX_POINT ( 'NONE', #1690 ) ;
#2526 = DIRECTION ( 'NONE',  ( -5.551115123125781913E-15, 2.775557561562890957E-15, -1.000000000000000000 ) ) ;
#2527 = DIRECTION ( 'NONE',  ( -6.938893903907222067E-15, 1.734723475976805517E-15, -1.000000000000000000 ) ) ;
#2528 = ORIENTED_EDGE ( 'NONE', *, *, #1275, .T. ) ;
#2529 = EDGE_LOOP ( 'NONE', ( #1837, #2335, #2804, #4009 ) ) ;
#2530 = EDGE_CURVE ( 'NONE', #4852, #702, #1885, .T. ) ;
#2531 = DIRECTION ( 'NONE',  ( 0.8501817746811739518, -0.5264892686465411087, -6.304819211771186701E-15 ) ) ;
#2532 = LINE ( 'NONE', #3676, #3559 ) ;
#2533 = DIRECTION ( 'NONE',  ( 0.8501817746811739518, -0.5264892686465409977, -6.304819211771186701E-15 ) ) ;
#2534 = ORIENTED_EDGE ( 'NONE', *, *, #3235, .T. ) ;
#2535 = EDGE_LOOP ( 'NONE', ( #1734, #3278, #4209, #2947 ) ) ;
#2536 = EDGE_CURVE ( 'NONE', #4758, #1826, #534, .T. ) ;
#2537 = VERTEX_POINT ( 'NONE', #3561 ) ;
#2538 = DIRECTION ( 'NONE',  ( -0.5264892686465404426, -0.8501817746811741738, 0.000000000000000000 ) ) ;
#2539 = CARTESIAN_POINT ( 'NONE',  ( -7.775095313951680964, -23.20842673966939884, 3.999999999999965361 ) ) ;
#2540 = CARTESIAN_POINT ( 'NONE',  ( -6.636304186747363332, 9.020491249748031848, 5.400000000000048317 ) ) ;
#2541 = PLANE ( 'NONE',  #2427 ) ;
#2542 = AXIS2_PLACEMENT_3D ( 'NONE', #1602, #2774, #1530 ) ;
#2543 = DIRECTION ( 'NONE',  ( 0.5264892686465411087, 0.8501817746811739518, 6.169901387816880179E-16 ) ) ;
#2544 = FACE_BOUND ( 'NONE', #2187, .T. ) ;
#2545 = ORIENTED_EDGE ( 'NONE', *, *, #1829, .T. ) ;
#2546 = PLANE ( 'NONE',  #4050 ) ;
#2547 = CARTESIAN_POINT ( 'NONE',  ( -9.485920012905618037, -7.167286826246303200, 3.348297620505063854 ) ) ;
#2548 = ORIENTED_EDGE ( 'NONE', *, *, #1250, .F. ) ;
#2549 = ORIENTED_EDGE ( 'NONE', *, *, #4801, .T. ) ;
#2550 = PLANE ( 'NONE',  #891 ) ;
#2551 = CARTESIAN_POINT ( 'NONE',  ( -3.877118940606203878, -4.567992726673921311, 11.49999999999932676 ) ) ;
#2552 = CARTESIAN_POINT ( 'NONE',  ( -8.295729324813786221, -12.65290968806398197, 11.49999999999932321 ) ) ;
#2553 = VERTEX_POINT ( 'NONE', #2812 ) ;
#2554 = VERTEX_POINT ( 'NONE', #186 ) ;
#2555 = VECTOR ( 'NONE', #1704, 1000.000000000000114 ) ;
#2556 = VECTOR ( 'NONE', #917, 1000.000000000000000 ) ;
#2557 = FACE_OUTER_BOUND ( 'NONE', #4194, .T. ) ;
#2558 = CARTESIAN_POINT ( 'NONE',  ( -1.432598474923686416, 7.074018735998593321, 2.899999999999916866 ) ) ;
#2559 = EDGE_LOOP ( 'NONE', ( #3652, #313, #3251, #1461 ) ) ;
#2560 = EDGE_LOOP ( 'NONE', ( #2893, #3228, #2489, #1882 ) ) ;
#2561 = ORIENTED_EDGE ( 'NONE', *, *, #1869, .F. ) ;
#2562 = LINE ( 'NONE', #341, #351 ) ;
#2563 = LINE ( 'NONE', #1444, #2198 ) ;
#2564 = ADVANCED_FACE ( 'NONE', ( #4707 ), #561, .F. ) ;
#2565 = CARTESIAN_POINT ( 'NONE',  ( -4.343160337541400295, -7.219936432023385642, 7.999999999999320544 ) ) ;
#2566 = ADVANCED_FACE ( 'NONE', ( #2457 ), #1666, .F. ) ;
#2567 = CARTESIAN_POINT ( 'NONE',  ( -0.4863167326165882542, 5.212008765958070278, 5.399999999999984368 ) ) ;
#2568 = EDGE_CURVE ( 'NONE', #4886, #3129, #2083, .T. ) ;
#2569 = CARTESIAN_POINT ( 'NONE',  ( -0.9814279630502649177, 0.1080070340725579475, 4.500000000000005329 ) ) ;
#2570 = FILL_AREA_STYLE ('',( #4090 ) ) ;
#2571 = ORIENTED_EDGE ( 'NONE', *, *, #1510, .T. ) ;
#2572 = VECTOR ( 'NONE', #4145, 999.9999999999998863 ) ;
#2573 = VECTOR ( 'NONE', #2007, 1000.000000000000114 ) ;
#2574 = DIRECTION ( 'NONE',  ( 0.9734534302001865980, 0.2288851660363566687, -4.415904109293845519E-15 ) ) ;
#2575 = CARTESIAN_POINT ( 'NONE',  ( -9.140838155855027125, -5.660357145272730151, 3.600000000000031175 ) ) ;
#2576 = EDGE_CURVE ( 'NONE', #1040, #237, #1460, .T. ) ;
#2577 = ORIENTED_EDGE ( 'NONE', *, *, #516, .T. ) ;
#2578 = VECTOR ( 'NONE', #689, 1000.000000000000000 ) ;
#2579 = ADVANCED_FACE ( 'NONE', ( #919 ), #4285, .F. ) ;
#2580 = ORIENTED_EDGE ( 'NONE', *, *, #465, .T. ) ;
#2581 = DIRECTION ( 'NONE',  ( 0.5264892686465411087, 0.8501817746811739518, -7.035926099099462855E-16 ) ) ;
#2582 = CARTESIAN_POINT ( 'NONE',  ( -9.911010900246205679, -6.904042191923032590, 3.348297620505066963 ) ) ;
#2583 = CARTESIAN_POINT ( 'NONE',  ( 1.448221617570518482, 2.132063089469546924, 1.999999999999945377 ) ) ;
#2584 = ORIENTED_EDGE ( 'NONE', *, *, #2101, .T. ) ;
#2585 = ORIENTED_EDGE ( 'NONE', *, *, #4651, .F. ) ;
#2586 = LINE ( 'NONE', #2980, #1799 ) ;
#2587 = LINE ( 'NONE', #4836, #3562 ) ;
#2588 = ORIENTED_EDGE ( 'NONE', *, *, #1907, .F. ) ;
#2589 = VERTEX_POINT ( 'NONE', #1244 ) ;
#2590 = ORIENTED_EDGE ( 'NONE', *, *, #3466, .T. ) ;
#2591 = DIRECTION ( 'NONE',  ( 6.277507446913876925E-15, 2.211221068853061198E-14, -1.000000000000000000 ) ) ;
#2592 = DIRECTION ( 'NONE',  ( 1.671232596756055639E-14, -1.669169295443039344E-14, 1.000000000000000000 ) ) ;
#2593 = DIRECTION ( 'NONE',  ( -5.425512162932543562E-15, 3.359839055320227785E-15, -1.000000000000000000 ) ) ;
#2594 = CARTESIAN_POINT ( 'NONE',  ( 2.817093716051537466, 4.342535703640642453, -1.320461230704683421E-16 ) ) ;
#2595 = DIRECTION ( 'NONE',  ( -0.5264892686465416638, -0.8501817746811735077, 0.000000000000000000 ) ) ;
#2596 = CIRCLE ( 'NONE', #1713, 0.4999999999999990008 ) ;
#2597 = VECTOR ( 'NONE', #2040, 999.9999999999998863 ) ;
#2598 = VERTEX_POINT ( 'NONE', #3956 ) ;
#2599 = VECTOR ( 'NONE', #3169, 999.9999999999998863 ) ;
#2600 = DIRECTION ( 'NONE',  ( 0.5264892686465411087, 0.8501817746811739518, 2.210443882994788087E-14 ) ) ;
#2601 = CARTESIAN_POINT ( 'NONE',  ( -3.087385037636392493, -3.292720064652161494, 11.49999999999932676 ) ) ;
#2602 = VECTOR ( 'NONE', #3894, 1000.000000000000000 ) ;
#2603 = VERTEX_POINT ( 'NONE', #3232 ) ;
#2604 = DIRECTION ( 'NONE',  ( -5.360242386507586624E-15, 3.319419655754072801E-15, -1.000000000000000000 ) ) ;
#2605 = LINE ( 'NONE', #724, #938 ) ;
#2606 = CYLINDRICAL_SURFACE ( 'NONE', #4554, 0.4999999999999990008 ) ;
#2607 = VECTOR ( 'NONE', #1661, 1000.000000000000114 ) ;
#2608 = CIRCLE ( 'NONE', #1330, 0.4999999999999990008 ) ;
#2609 = AXIS2_PLACEMENT_3D ( 'NONE', #3635, #684, #4816 ) ;
#2610 = ORIENTED_EDGE ( 'NONE', *, *, #1409, .F. ) ;
#2611 = EDGE_LOOP ( 'NONE', ( #1373, #1111, #3250, #505 ) ) ;
#2612 = LINE ( 'NONE', #358, #4192 ) ;
#2613 = FACE_OUTER_BOUND ( 'NONE', #1407, .T. ) ;
#2614 = VERTEX_POINT ( 'NONE', #2369 ) ;
#2615 = VERTEX_POINT ( 'NONE', #3888 ) ;
#2616 = EDGE_CURVE ( 'NONE', #755, #967, #2658, .T. ) ;
#2617 = ORIENTED_EDGE ( 'NONE', *, *, #788, .F. ) ;
#2618 = LINE ( 'NONE', #4475, #1395 ) ;
#2619 = LINE ( 'NONE', #3016, #4030 ) ;
#2620 = CARTESIAN_POINT ( 'NONE',  ( -12.71433970902140942, -20.73782664945401066, 4.000000000000000000 ) ) ;
#2621 = CARTESIAN_POINT ( 'NONE',  ( -8.564563792774164241, -5.679468720554249117, 3.848297620505064298 ) ) ;
#2622 = EDGE_LOOP ( 'NONE', ( #1079, #1845, #2095, #2312 ) ) ;
#2623 = CARTESIAN_POINT ( 'NONE',  ( -7.724390074149299679, -9.830929627778285607, 12.99999999999932854 ) ) ;
#2624 = DIRECTION ( 'NONE',  ( -0.8501817746811719534, 0.5264892686465441063, 6.284186198641044263E-15 ) ) ;
#2625 = EDGE_LOOP ( 'NONE', ( #1224, #2243, #3705, #114 ) ) ;
#2626 = DIRECTION ( 'NONE',  ( -0.8501817746811739518, 0.5264892686465411087, 0.000000000000000000 ) ) ;
#2627 = CARTESIAN_POINT ( 'NONE',  ( -7.004846674799961370, 8.425364007471140226, 8.600000000000031619 ) ) ;
#2628 = ADVANCED_FACE ( 'NONE', ( #1618 ), #878, .F. ) ;
#2629 = DIRECTION ( 'NONE',  ( -0.8501817746811739518, 0.5264892686465411087, 6.381590766241915839E-15 ) ) ;
#2630 = EDGE_CURVE ( 'NONE', #4065, #2848, #1643, .T. ) ;
#2631 = CARTESIAN_POINT ( 'NONE',  ( -8.331543094306576691, -4.353496867879513843, 3.848297620505066963 ) ) ;
#2632 = EDGE_CURVE ( 'NONE', #4678, #800, #1757, .T. ) ;
#2633 = VECTOR ( 'NONE', #2719, 999.9999999999998863 ) ;
#2634 = ORIENTED_EDGE ( 'NONE', *, *, #1473, .F. ) ;
#2635 = VERTEX_POINT ( 'NONE', #281 ) ;
#2636 = LINE ( 'NONE', #1518, #3958 ) ;
#2637 = PLANE ( 'NONE',  #3109 ) ;
#2638 = VERTEX_POINT ( 'NONE', #2479 ) ;
#2639 = ORIENTED_EDGE ( 'NONE', *, *, #457, .F. ) ;
#2640 = EDGE_CURVE ( 'NONE', #648, #2820, #2501, .T. ) ;
#2641 = ORIENTED_EDGE ( 'NONE', *, *, #373, .T. ) ;
#2642 = DIRECTION ( 'NONE',  ( 1.000000000000000000, 0.000000000000000000, -5.782411586589357244E-15 ) ) ;
#2643 = ORIENTED_EDGE ( 'NONE', *, *, #4740, .F. ) ;
#2644 = CARTESIAN_POINT ( 'NONE',  ( -13.50407361199123812, -22.01309931147574872, -6.853696498514546761E-13 ) ) ;
#2645 = LINE ( 'NONE', #422, #1172 ) ;
#2646 = DIRECTION ( 'NONE',  ( -0.8501817746811738408, 0.5264892686465409977, 6.304819211771186701E-15 ) ) ;
#2647 = DIRECTION ( 'NONE',  ( 1.671232596756055639E-14, -1.669169295443039344E-14, 1.000000000000000000 ) ) ;
#2648 = ORIENTED_EDGE ( 'NONE', *, *, #4135, .T. ) ;
#2649 = DIRECTION ( 'NONE',  ( 0.5264892686465418858, 0.8501817746811735077, 0.000000000000000000 ) ) ;
#2650 = DIRECTION ( 'NONE',  ( -0.8501817746811738408, 0.5264892686465409977, 6.381590766241915050E-15 ) ) ;
#2651 = DIRECTION ( 'NONE',  ( -5.551115123125781913E-15, 2.775557561562890957E-15, -1.000000000000000000 ) ) ;
#2652 = EDGE_CURVE ( 'NONE', #1042, #2236, #4151, .T. ) ;
#2653 = VERTEX_POINT ( 'NONE', #2286 ) ;
#2654 = FACE_OUTER_BOUND ( 'NONE', #1314, .T. ) ;
#2655 = DIRECTION ( 'NONE',  ( 0.5264892686465385552, 0.8501817746811756171, 0.000000000000000000 ) ) ;
#2656 = LINE ( 'NONE', #2233, #479 ) ;
#2657 = CARTESIAN_POINT ( 'NONE',  ( -1.432598474923684417, 7.074018735998569340, 5.400000000000002132 ) ) ;
#2658 = CIRCLE ( 'NONE', #3852, 0.5000000000000028866 ) ;
#2659 = ORIENTED_EDGE ( 'NONE', *, *, #4378, .T. ) ;
#2660 = ORIENTED_EDGE ( 'NONE', *, *, #4431, .F. ) ;
#2661 = CARTESIAN_POINT ( 'NONE',  ( -1.432598474923671983, 7.074018735998530261, 10.40000000000000036 ) ) ;
#2662 = EDGE_LOOP ( 'NONE', ( #1102, #4701 ) ) ;
#2663 = EDGE_CURVE ( 'NONE', #746, #4172, #4516, .T. ) ;
#2664 = CARTESIAN_POINT ( 'NONE',  ( -2.309361650235385532, -24.82884505520362950, 8.749999999999252154 ) ) ;
#2665 = ORIENTED_EDGE ( 'NONE', *, *, #927, .F. ) ;
#2666 = ADVANCED_FACE ( 'NONE', ( #972 ), #605, .F. ) ;
#2667 = CARTESIAN_POINT ( 'NONE',  ( -12.22880094996956224, -22.80283321444587230, 13.99999999999930900 ) ) ;
#2668 = FACE_OUTER_BOUND ( 'NONE', #4837, .T. ) ;
#2669 = LINE ( 'NONE', #4189, #3504 ) ;
#2670 = PRODUCT_RELATED_PRODUCT_CATEGORY ( 'part', '', ( #1668 ) ) ;
#2671 = FACE_OUTER_BOUND ( 'NONE', #1760, .T. ) ;
#2672 = ORIENTED_EDGE ( 'NONE', *, *, #457, .T. ) ;
#2673 = CARTESIAN_POINT ( 'NONE',  ( -8.331543094306576691, -4.353496867879513843, 3.848297620505066963 ) ) ;
#2674 = DIRECTION ( 'NONE',  ( -0.8501817746811738408, 0.5264892686465411087, 6.304819211771185913E-15 ) ) ;
#2675 = VECTOR ( 'NONE', #403, 1000.000000000000114 ) ;
#2676 = CIRCLE ( 'NONE', #4106, 1.084839758362199591 ) ;
#2677 = EDGE_CURVE ( 'NONE', #3992, #4344, #774, .T. ) ;
#2678 = AXIS2_PLACEMENT_3D ( 'NONE', #4424, #978, #4059 ) ;
#2679 = AXIS2_PLACEMENT_3D ( 'NONE', #2696, #1523, #1222 ) ;
#2680 = DIRECTION ( 'NONE',  ( -0.5264892686465411087, -0.8501817746811739518, -2.210443882994788087E-14 ) ) ;
#2681 = DIRECTION ( 'NONE',  ( -0.8501817746811739518, 0.5264892686465411087, 6.381590766241915839E-15 ) ) ;
#2682 = PLANE ( 'NONE',  #2340 ) ;
#2683 = VERTEX_POINT ( 'NONE', #3808 ) ;
#2684 = VERTEX_POINT ( 'NONE', #255 ) ;
#2685 = ORIENTED_EDGE ( 'NONE', *, *, #4681, .F. ) ;
#2686 = AXIS2_PLACEMENT_3D ( 'NONE', #2816, #565, #4328 ) ;
#2687 = AXIS2_PLACEMENT_3D ( 'NONE', #3342, #2738, #2713 ) ;
#2688 = CARTESIAN_POINT ( 'NONE',  ( 8.169178421281150904, -5.058900226456079174, -5.925568186275140421E-14 ) ) ;
#2689 = AXIS2_PLACEMENT_3D ( 'NONE', #94, #4598, #2695 ) ;
#2690 = EDGE_LOOP ( 'NONE', ( #4757, #376 ) ) ;
#2691 = EDGE_CURVE ( 'NONE', #1353, #2806, #3998, .T. ) ;
#2692 = VECTOR ( 'NONE', #934, 1000.000000000000000 ) ;
#2693 = VECTOR ( 'NONE', #2292, 1000.000000000000000 ) ;
#2694 = DIRECTION ( 'NONE',  ( 6.213031107150536298E-15, 2.200809344962494397E-14, -1.000000000000000000 ) ) ;
#2695 = DIRECTION ( 'NONE',  ( 0.5264892686465409977, 0.8501817746811739518, 0.000000000000000000 ) ) ;
#2696 = CARTESIAN_POINT ( 'NONE',  ( 0.08483975836227319878, 6.134319756967113513, 7.899999999999963052 ) ) ;
#2697 = ADVANCED_FACE ( 'NONE', ( #3626 ), #6, .F. ) ;
#2698 = EDGE_CURVE ( 'NONE', #1062, #4703, #412, .T. ) ;
#2699 = ADVANCED_FACE ( 'NONE', ( #1384 ), #1732, .F. ) ;
#2700 = DIRECTION ( 'NONE',  ( -5.782411586589355667E-15, 3.469446951953613400E-15, -1.000000000000000000 ) ) ;
#2701 = VERTEX_POINT ( 'NONE', #4538 ) ;
#2702 = CARTESIAN_POINT ( 'NONE',  ( -9.252899314438032263, -5.841314973571559932, 2.098297620505066963 ) ) ;
#2703 = CARTESIAN_POINT ( 'NONE',  ( -3.132235019654400432, -5.264518350256662593, 0.09999999999999975575 ) ) ;
#2704 = FACE_OUTER_BOUND ( 'NONE', #3082, .T. ) ;
#2705 =( NAMED_UNIT ( * ) SI_UNIT ( $, .STERADIAN. ) SOLID_ANGLE_UNIT ( ) );
#2706 = LINE ( 'NONE', #3544, #2833 ) ;
#2707 = LINE ( 'NONE', #3126, #1620 ) ;
#2708 = AXIS2_PLACEMENT_3D ( 'NONE', #103, #1227, #4647 ) ;
#2709 = ORIENTED_EDGE ( 'NONE', *, *, #169, .F. ) ;
#2710 = ORIENTED_EDGE ( 'NONE', *, *, #4181, .T. ) ;
#2711 = EDGE_LOOP ( 'NONE', ( #1663, #1962, #1171, #4382 ) ) ;
#2712 = FACE_OUTER_BOUND ( 'NONE', #4013, .T. ) ;
#2713 = DIRECTION ( 'NONE',  ( 6.288372600415927295E-15, 2.211772431870429676E-14, -1.000000000000000000 ) ) ;
#2714 = ORIENTED_EDGE ( 'NONE', *, *, #1264, .F. ) ;
#2715 = DIRECTION ( 'NONE',  ( 0.5264892686465397764, 0.8501817746811747289, 0.000000000000000000 ) ) ;
#2716 = VERTEX_POINT ( 'NONE', #2657 ) ;
#2717 = DIRECTION ( 'NONE',  ( 0.5264892686465411087, 0.8501817746811739518, 2.227791117754556158E-14 ) ) ;
#2718 = DIRECTION ( 'NONE',  ( -0.5264892686465441063, -0.8501817746811719534, 1.129958009204315258E-14 ) ) ;
#2719 = DIRECTION ( 'NONE',  ( -0.8501817746811739518, 0.5264892686465411087, 6.381590766241915839E-15 ) ) ;
#2720 = DIRECTION ( 'NONE',  ( 0.5264892686465415528, 0.8501817746811735077, 0.000000000000000000 ) ) ;
#2721 = ADVANCED_FACE ( 'NONE', ( #1515 ), #2134, .F. ) ;
#2722 = VECTOR ( 'NONE', #62, 1000.000000000000000 ) ;
#2723 = LINE ( 'NONE', #451, #3944 ) ;
#2724 = EDGE_CURVE ( 'NONE', #4449, #4409, #3651, .T. ) ;
#2725 = CARTESIAN_POINT ( 'NONE',  ( -10.60838263443519125, -17.33709955072933795, 12.49999999999932143 ) ) ;
#2726 = DIRECTION ( 'NONE',  ( 7.913465691516900999E-15, -3.090020790458122770E-14, 1.000000000000000000 ) ) ;
#2727 = AXIS2_PLACEMENT_3D ( 'NONE', #4290, #2024, #1934 ) ;
#2728 = CARTESIAN_POINT ( 'NONE',  ( -8.714893725969798055, -12.38009488613781350, 3.999999999999322764 ) ) ;
#2729 = EDGE_CURVE ( 'NONE', #4159, #4229, #4777, .T. ) ;
#2730 = CARTESIAN_POINT ( 'NONE',  ( -0.9814279630502382723, 0.1080070340725413081, 9.499999999999326761 ) ) ;
#2731 = DIRECTION ( 'NONE',  ( 0.5264892686465404426, 0.8501817746811741738, -4.336808689942016257E-16 ) ) ;
#2732 = PLANE ( 'NONE',  #1698 ) ;
#2733 = ADVANCED_FACE ( 'NONE', ( #4176 ), #2856, .F. ) ;
#2734 = ORIENTED_EDGE ( 'NONE', *, *, #2943, .T. ) ;
#2735 = VERTEX_POINT ( 'NONE', #4366 ) ;
#2736 = ORIENTED_EDGE ( 'NONE', *, *, #1903, .F. ) ;
#2737 = AXIS2_PLACEMENT_3D ( 'NONE', #691, #1424, #3348 ) ;
#2738 = DIRECTION ( 'NONE',  ( 0.8501817746811738408, -0.5264892686465411087, -6.304819211771185913E-15 ) ) ;
#2739 = VECTOR ( 'NONE', #3780, 1000.000000000000000 ) ;
#2740 = ORIENTED_EDGE ( 'NONE', *, *, #3882, .F. ) ;
#2741 = LINE ( 'NONE', #443, #116 ) ;
#2742 = EDGE_LOOP ( 'NONE', ( #1844, #1721, #1572, #2150 ) ) ;
#2743 = CARTESIAN_POINT ( 'NONE',  ( 0.08483975836228489775, 6.134319756967101966, 8.599999999999962341 ) ) ;
#2744 = DIRECTION ( 'NONE',  ( -0.5264892686465409977, -0.8501817746811739518, 0.000000000000000000 ) ) ;
#2745 = ORIENTED_EDGE ( 'NONE', *, *, #3723, .T. ) ;
#2746 = CARTESIAN_POINT ( 'NONE',  ( -0.3326393255306090979, 0.2059924600093490932, 2.472642540231972653E-15 ) ) ;
#2747 = CARTESIAN_POINT ( 'NONE',  ( 0.4069414975474763829, -2.398470622097506944, 5.499999999999837463 ) ) ;
#2748 = CARTESIAN_POINT ( 'NONE',  ( 0.08483975836228489775, 6.134319756967101966, 8.599999999205435230 ) ) ;
#2749 = DIRECTION ( 'NONE',  ( 0.5264892686465409977, 0.8501817746811738408, 0.000000000000000000 ) ) ;
#2750 = EDGE_CURVE ( 'NONE', #3754, #3859, #2160, .T. ) ;
#2751 = DIRECTION ( 'NONE',  ( -1.671232596756055639E-14, 1.669169295443039344E-14, -1.000000000000000000 ) ) ;
#2752 = CYLINDRICAL_SURFACE ( 'NONE', #3165, 0.5000000000000028866 ) ;
#2753 = CYLINDRICAL_SURFACE ( 'NONE', #4503, 1.784839758362199325 ) ;
#2754 = DIRECTION ( 'NONE',  ( 5.588570710050344197E-15, -2.950712084907305883E-15, 1.000000000000000000 ) ) ;
#2755 = CIRCLE ( 'NONE', #3546, 0.5000000000000028866 ) ;
#2756 = ADVANCED_FACE ( 'NONE', ( #2355 ), #2682, .F. ) ;
#2757 = ORIENTED_EDGE ( 'NONE', *, *, #1841, .F. ) ;
#2758 = ORIENTED_EDGE ( 'NONE', *, *, #4388, .F. ) ;
#2759 = CIRCLE ( 'NONE', #616, 1.500000000000001110 ) ;
#2760 = ORIENTED_EDGE ( 'NONE', *, *, #3933, .T. ) ;
#2761 = AXIS2_PLACEMENT_3D ( 'NONE', #277, #3279, #1755 ) ;
#2762 = FACE_OUTER_BOUND ( 'NONE', #3328, .T. ) ;
#2763 = ORIENTED_EDGE ( 'NONE', *, *, #2059, .F. ) ;
#2764 = EDGE_LOOP ( 'NONE', ( #4512, #915, #4017, #413 ) ) ;
#2765 = CIRCLE ( 'NONE', #790, 1.499999999999999112 ) ;
#2766 = CARTESIAN_POINT ( 'NONE',  ( -10.91257777835310705, -20.67737877774264277, 3.999999999999990674 ) ) ;
#2767 = FACE_OUTER_BOUND ( 'NONE', #4250, .T. ) ;
#2768 = CARTESIAN_POINT ( 'NONE',  ( -10.87162726875852314, -17.76219043806988651, 1.499999999999999778 ) ) ;
#2769 = AXIS2_PLACEMENT_3D ( 'NONE', #4174, #455, #4558 ) ;
#2770 = VECTOR ( 'NONE', #732, 999.9999999999998863 ) ;
#2771 = VERTEX_POINT ( 'NONE', #1559 ) ;
#2772 = CARTESIAN_POINT ( 'NONE',  ( -9.140838155855027125, -5.660357145272730151, 3.600000000000031175 ) ) ;
#2773 = CARTESIAN_POINT ( 'NONE',  ( -8.827808427097439292, -6.104559607894836759, 3.848297620505064298 ) ) ;
#2774 = DIRECTION ( 'NONE',  ( -1.671232596756055639E-14, 1.669169295443039344E-14, -1.000000000000000000 ) ) ;
#2775 = DIRECTION ( 'NONE',  ( 0.5264892686465411087, 0.8501817746811739518, 2.210443882994788087E-14 ) ) ;
#2776 = CARTESIAN_POINT ( 'NONE',  ( -8.295729324813811090, -12.65290968806398730, 8.999999999999321432 ) ) ;
#2777 = DIRECTION ( 'NONE',  ( -1.671232596756055639E-14, 1.669169295443039344E-14, -1.000000000000000000 ) ) ;
#2778 = PLANE ( 'NONE',  #3924 ) ;
#2779 = ORIENTED_EDGE ( 'NONE', *, *, #430, .F. ) ;
#2780 = VERTEX_POINT ( 'NONE', #1938 ) ;
#2781 = ORIENTED_EDGE ( 'NONE', *, *, #966, .F. ) ;
#2782 = EDGE_CURVE ( 'NONE', #227, #2638, #1536, .T. ) ;
#2783 = ADVANCED_FACE ( 'NONE', ( #1606 ), #2333, .F. ) ;
#2784 = EDGE_CURVE ( 'NONE', #4129, #2013, #1150, .T. ) ;
#2785 = CARTESIAN_POINT ( 'NONE',  ( -9.140838155855028901, -5.660357145272729262, 3.348297620505066963 ) ) ;
#2786 = ORIENTED_EDGE ( 'NONE', *, *, #1683, .F. ) ;
#2787 = ORIENTED_EDGE ( 'NONE', *, *, #3178, .F. ) ;
#2788 = CARTESIAN_POINT ( 'NONE',  ( -7.864711951288639646, -12.90658415478434229, 0.9999999999993169908 ) ) ;
#2789 = CARTESIAN_POINT ( 'NONE',  ( -9.140838155855027125, -5.660357145272730151, 3.600000000000031175 ) ) ;
#2790 = CARTESIAN_POINT ( 'NONE',  ( -8.295729324813780892, -12.65290968806398553, 12.49999999999932498 ) ) ;
#2791 = EDGE_CURVE ( 'NONE', #4281, #4449, #2707, .T. ) ;
#2792 = DIRECTION ( 'NONE',  ( -0.8501817746811736187, 0.5264892686465417748, 6.068454779668997275E-15 ) ) ;
#2793 = CARTESIAN_POINT ( 'NONE',  ( -7.864711951288630765, -12.90658415478434939, 2.499999999999317435 ) ) ;
#2794 = DIRECTION ( 'NONE',  ( -0.5264892686465413307, -0.8501817746811738408, 0.000000000000000000 ) ) ;
#2795 = DIRECTION ( 'NONE',  ( 0.8501817746811739518, -0.5264892686465409977, -6.304819211771186701E-15 ) ) ;
#2796 = EDGE_LOOP ( 'NONE', ( #4254, #3380 ) ) ;
#2797 = VECTOR ( 'NONE', #1043, 999.9999999999998863 ) ;
#2798 = VECTOR ( 'NONE', #4184, 1000.000000000000114 ) ;
#2799 = DIRECTION ( 'NONE',  ( 0.8501817746811719534, -0.5264892686465441063, -6.284186198641042686E-15 ) ) ;
#2800 = DIRECTION ( 'NONE',  ( 0.000000000000000000, 0.000000000000000000, 1.000000000000000000 ) ) ;
#2801 = CARTESIAN_POINT ( 'NONE',  ( -9.767872263262878718, -14.08045843550016230, 3.999999999999323652 ) ) ;
#2802 = ADVANCED_FACE ( 'NONE', ( #3499 ), #4560, .T. ) ;
#2803 = VERTEX_POINT ( 'NONE', #3453 ) ;
#2804 = ORIENTED_EDGE ( 'NONE', *, *, #1440, .T. ) ;
#2805 = DIRECTION ( 'NONE',  ( 0.5264892686465415528, 0.8501817746811735077, -0.000000000000000000 ) ) ;
#2806 = VERTEX_POINT ( 'NONE', #109 ) ;
#2807 = ORIENTED_EDGE ( 'NONE', *, *, #1874, .T. ) ;
#2808 = AXIS2_PLACEMENT_3D ( 'NONE', #1770, #2445, #570 ) ;
#2809 = LINE ( 'NONE', #2389, #3192 ) ;
#2810 = DIRECTION ( 'NONE',  ( 0.8501817746811739518, -0.5264892686465411087, 0.000000000000000000 ) ) ;
#2811 = EDGE_CURVE ( 'NONE', #562, #256, #82, .T. ) ;
#2812 = CARTESIAN_POINT ( 'NONE',  ( -0.2033924773505509653, 4.213449858298881523, 5.399999999999980815 ) ) ;
#2813 = EDGE_LOOP ( 'NONE', ( #247, #869, #2834, #2297 ) ) ;
#2814 = LINE ( 'NONE', #4370, #471 ) ;
#2815 = DIRECTION ( 'NONE',  ( -0.5264892686465411087, -0.8501817746811739518, -2.179466678066630682E-14 ) ) ;
#2816 = CARTESIAN_POINT ( 'NONE',  ( -1.034088988213624383, -25.61857895817344399, 8.749999999999243272 ) ) ;
#2817 = PLANE ( 'NONE',  #1998 ) ;
#2818 = DIRECTION ( 'NONE',  ( -1.155517078406525291E-14, -6.135048800370661667E-15, -1.000000000000000000 ) ) ;
#2819 = CARTESIAN_POINT ( 'NONE',  ( -3.026937165925043249, -5.094481995320454537, 8.999999999999319655 ) ) ;
#2820 = VERTEX_POINT ( 'NONE', #821 ) ;
#2821 = EDGE_CURVE ( 'NONE', #3176, #1924, #1162, .T. ) ;
#2822 = ORIENTED_EDGE ( 'NONE', *, *, #492, .F. ) ;
#2823 = CARTESIAN_POINT ( 'NONE',  ( 2.201903265168335011, -25.85819265126317035, 12.49999999999922373 ) ) ;
#2824 = AXIS2_PLACEMENT_3D ( 'NONE', #984, #2847, #2074 ) ;
#2825 = ORIENTED_EDGE ( 'NONE', *, *, #1992, .F. ) ;
#2826 = ORIENTED_EDGE ( 'NONE', *, *, #417, .F. ) ;
#2827 = AXIS2_PLACEMENT_3D ( 'NONE', #4788, #1794, #3371 ) ;
#2828 = CARTESIAN_POINT ( 'NONE',  ( -3.099095553205217346, -26.10411771722537821, 5.249999999999250377 ) ) ;
#2829 = VECTOR ( 'NONE', #319, 1000.000000000000000 ) ;
#2830 = LINE ( 'NONE', #918, #1577 ) ;
#2831 = CARTESIAN_POINT ( 'NONE',  ( -13.50407361199123812, -22.01309931147574872, -6.853696498514546761E-13 ) ) ;
#2832 = VECTOR ( 'NONE', #896, 999.9999999999998863 ) ;
#2833 = VECTOR ( 'NONE', #4631, 1000.000000000000114 ) ;
#2834 = ORIENTED_EDGE ( 'NONE', *, *, #3144, .F. ) ;
#2835 = FACE_OUTER_BOUND ( 'NONE', #1029, .T. ) ;
#2836 = DIRECTION ( 'NONE',  ( 0.8501817746811739518, -0.5264892686465409977, 0.000000000000000000 ) ) ;
#2837 = ADVANCED_FACE ( 'NONE', ( #458 ), #2732, .F. ) ;
#2838 = CARTESIAN_POINT ( 'NONE',  ( -0.8374712326468629620, 6.705476247945988177, 5.399999999999913314 ) ) ;
#2839 = EDGE_CURVE ( 'NONE', #1348, #2096, #4555, .T. ) ;
#2840 = VECTOR ( 'NONE', #1404, 1000.000000000000000 ) ;
#2841 = AXIS2_PLACEMENT_3D ( 'NONE', #1084, #3289, #2595 ) ;
#2842 = EDGE_CURVE ( 'NONE', #2995, #2029, #4653, .T. ) ;
#2843 = AXIS2_PLACEMENT_3D ( 'NONE', #3335, #4365, #1383 ) ;
#2844 = FACE_OUTER_BOUND ( 'NONE', #1396, .T. ) ;
#2845 = CARTESIAN_POINT ( 'NONE',  ( -9.348707862106905964, -14.35327323742632899, 6.499999999999320544 ) ) ;
#2846 = PLANE ( 'NONE',  #4472 ) ;
#2847 = DIRECTION ( 'NONE',  ( 1.671232596756055639E-14, -1.669169295443039344E-14, 1.000000000000000000 ) ) ;
#2848 = VERTEX_POINT ( 'NONE', #4609 ) ;
#2849 = ORIENTED_EDGE ( 'NONE', *, *, #4196, .T. ) ;
#2850 = CARTESIAN_POINT ( 'NONE',  ( -0.4863167326166072391, 5.212008765958147549, 2.899999999999985256 ) ) ;
#2851 = DIRECTION ( 'NONE',  ( -1.000000000000000000, 0.000000000000000000, 1.599059642315851367E-14 ) ) ;
#2852 = VERTEX_POINT ( 'NONE', #844 ) ;
#2853 = EDGE_LOOP ( 'NONE', ( #2577, #3212, #2894, #4404 ) ) ;
#2854 = CARTESIAN_POINT ( 'NONE',  ( -6.817659900180152555, -11.21579077302490468, 7.099999999999999645 ) ) ;
#2855 = FACE_OUTER_BOUND ( 'NONE', #3386, .T. ) ;
#2856 = PLANE ( 'NONE',  #2260 ) ;
#2857 = EDGE_LOOP ( 'NONE', ( #2418, #766 ) ) ;
#2858 = EDGE_CURVE ( 'NONE', #3309, #1062, #799, .T. ) ;
#2859 = ORIENTED_EDGE ( 'NONE', *, *, #725, .F. ) ;
#2860 = ORIENTED_EDGE ( 'NONE', *, *, #2411, .T. ) ;
#2861 = CARTESIAN_POINT ( 'NONE',  ( -10.91257777835308751, -20.67737877774264632, 6.999999999999309885 ) ) ;
#2862 = DIRECTION ( 'NONE',  ( 5.377642775528101204E-15, -3.122502256758252376E-15, 1.000000000000000000 ) ) ;
#2863 = LINE ( 'NONE', #3314, #3881 ) ;
#2864 = CARTESIAN_POINT ( 'NONE',  ( -7.383143893060232443, -2.632072007023980031, 7.100000000000029843 ) ) ;
#2865 = VECTOR ( 'NONE', #2989, 999.9999999999998863 ) ;
#2866 = EDGE_CURVE ( 'NONE', #4065, #4136, #2380, .T. ) ;
#2867 = ADVANCED_FACE ( 'NONE', ( #1629 ), #2778, .F. ) ;
#2868 = DIRECTION ( 'NONE',  ( -0.5264892686465412197, -0.8501817746811738408, 0.000000000000000000 ) ) ;
#2869 = PLANE ( 'NONE',  #2414 ) ;
#2870 = EDGE_LOOP ( 'NONE', ( #4075, #3763, #1816, #998 ) ) ;
#2871 = VERTEX_POINT ( 'NONE', #2400 ) ;
#2872 = LINE ( 'NONE', #2126, #27 ) ;
#2873 = EDGE_CURVE ( 'NONE', #3222, #4566, #1774, .T. ) ;
#2874 = CARTESIAN_POINT ( 'NONE',  ( -8.714893725969805161, -12.38009488613780817, 2.499999999999324096 ) ) ;
#2875 = VERTEX_POINT ( 'NONE', #2026 ) ;
#2876 = ORIENTED_EDGE ( 'NONE', *, *, #3529, .T. ) ;
#2877 = ADVANCED_FACE ( 'NONE', ( #1720 ), #2869, .F. ) ;
#2878 = PLANE ( 'NONE',  #2761 ) ;
#2879 = DIRECTION ( 'NONE',  ( -0.5264892686465441063, -0.8501817746811719534, 1.129958009204315258E-14 ) ) ;
#2880 = CARTESIAN_POINT ( 'NONE',  ( -8.917690488581712316, -14.60694770414669819, 2.499999999999317879 ) ) ;
#2881 = ORIENTED_EDGE ( 'NONE', *, *, #3511, .T. ) ;
#2882 = VERTEX_POINT ( 'NONE', #592 ) ;
#2883 = ORIENTED_EDGE ( 'NONE', *, *, #4245, .T. ) ;
#2884 = CARTESIAN_POINT ( 'NONE',  ( -8.714893725969789173, -12.38009488613781883, 5.499999999999323208 ) ) ;
#2885 = CARTESIAN_POINT ( 'NONE',  ( -1.519627747265573703, -23.55357239318186657, 8.749999999999252154 ) ) ;
#2886 = LINE ( 'NONE', #4034, #3410 ) ;
#2887 = DIRECTION ( 'NONE',  ( 1.129180823346041990E-14, 6.298140460044057229E-15, 1.000000000000000000 ) ) ;
#2888 = DIRECTION ( 'NONE',  ( -5.551115123125781913E-15, 2.775557561562890957E-15, -1.000000000000000000 ) ) ;
#2889 = AXIS2_PLACEMENT_3D ( 'NONE', #4877, #1914, #2259 ) ;
#2890 = DIRECTION ( 'NONE',  ( 0.8501817746811739518, -0.5264892686465411087, -6.304819211771187490E-15 ) ) ;
#2891 = LINE ( 'NONE', #3614, #1242 ) ;
#2892 = EDGE_CURVE ( 'NONE', #2982, #1520, #4377, .T. ) ;
#2893 = ORIENTED_EDGE ( 'NONE', *, *, #1800, .F. ) ;
#2894 = ORIENTED_EDGE ( 'NONE', *, *, #3058, .T. ) ;
#2895 = DIRECTION ( 'NONE',  ( 0.5264892686465441063, 0.8501817746811719534, -0.000000000000000000 ) ) ;
#2896 = EDGE_CURVE ( 'NONE', #3633, #3678, #2094, .T. ) ;
#2897 = CARTESIAN_POINT ( 'NONE',  ( 0.6389903524839367632, 5.573740697788834630, 2.000000000000016431 ) ) ;
#2898 = EDGE_CURVE ( 'NONE', #4850, #112, #1303, .T. ) ;
#2899 = ORIENTED_EDGE ( 'NONE', *, *, #1633, .F. ) ;
#2900 = ORIENTED_EDGE ( 'NONE', *, *, #898, .T. ) ;
#2901 = DIRECTION ( 'NONE',  ( 0.8501817746811739518, -0.5264892686465409977, -6.304819211771186701E-15 ) ) ;
#2902 = DIRECTION ( 'NONE',  ( -0.5264892686465411087, -0.8501817746811739518, -2.210443882994788087E-14 ) ) ;
#2903 = DIRECTION ( 'NONE',  ( 1.000000000000000000, 0.000000000000000000, -5.360242386507590568E-15 ) ) ;
#2904 = AXIS2_PLACEMENT_3D ( 'NONE', #45, #4578, #1185 ) ;
#2905 = ORIENTED_EDGE ( 'NONE', *, *, #1423, .T. ) ;
#2906 = AXIS2_PLACEMENT_3D ( 'NONE', #2939, #1080, #2591 ) ;
#2907 = ORIENTED_EDGE ( 'NONE', *, *, #598, .F. ) ;
#2908 = ORIENTED_EDGE ( 'NONE', *, *, #3144, .T. ) ;
#2909 = AXIS2_PLACEMENT_3D ( 'NONE', #767, #2276, #3799 ) ;
#2910 = LINE ( 'NONE', #1388, #1607 ) ;
#2911 = CIRCLE ( 'NONE', #146, 0.5000000000000024425 ) ;
#2912 = CYLINDRICAL_SURFACE ( 'NONE', #1979, 0.5000000000000028866 ) ;
#2913 = DIRECTION ( 'NONE',  ( 2.503811017409750534E-15, -7.892832678386689141E-15, 1.000000000000000000 ) ) ;
#2914 = LINE ( 'NONE', #4453, #4796 ) ;
#2915 = CYLINDRICAL_SURFACE ( 'NONE', #4810, 1.084839758362283302 ) ;
#2916 = VECTOR ( 'NONE', #4742, 999.9999999999998863 ) ;
#2917 = CARTESIAN_POINT ( 'NONE',  ( -0.6772328191324153979, 3.448286261085899973, 1.999999999999961364 ) ) ;
#2918 = ORIENTED_EDGE ( 'NONE', *, *, #2062, .F. ) ;
#2919 = VECTOR ( 'NONE', #3861, 1000.000000000000000 ) ;
#2920 = VECTOR ( 'NONE', #2879, 1000.000000000000000 ) ;
#2921 = DIRECTION ( 'NONE',  ( 0.8501817746811739518, -0.5264892686465409977, 0.000000000000000000 ) ) ;
#2922 = CARTESIAN_POINT ( 'NONE',  ( -9.333109972413495825, -18.12683345369910626, 1.499999999999990230 ) ) ;
#2923 = EDGE_LOOP ( 'NONE', ( #4357, #1877, #202, #1466 ) ) ;
#2924 = AXIS2_PLACEMENT_3D ( 'NONE', #2627, #49, #2680 ) ;
#2925 = VECTOR ( 'NONE', #4157, 999.9999999999998863 ) ;
#2926 = EDGE_LOOP ( 'NONE', ( #1368, #2929, #1669, #462 ) ) ;
#2927 = LINE ( 'NONE', #2975, #1180 ) ;
#2928 = VERTEX_POINT ( 'NONE', #196 ) ;
#2929 = ORIENTED_EDGE ( 'NONE', *, *, #1776, .F. ) ;
#2930 = EDGE_CURVE ( 'NONE', #460, #2806, #2521, .T. ) ;
#2931 = EDGE_CURVE ( 'NONE', #3781, #3009, #2891, .T. ) ;
#2932 = DIRECTION ( 'NONE',  ( -5.348730717595157048E-15, 3.288746589872697835E-15, -1.000000000000000000 ) ) ;
#2933 = EDGE_CURVE ( 'NONE', #4158, #3885, #851, .T. ) ;
#2934 = DIRECTION ( 'NONE',  ( -0.8501817746811739518, 0.5264892686465411087, 6.381590766241915839E-15 ) ) ;
#2935 = CARTESIAN_POINT ( 'NONE',  ( -0.2033924773505654815, 4.213449858298826456, 7.899999999999981704 ) ) ;
#2936 = ORIENTED_EDGE ( 'NONE', *, *, #3692, .T. ) ;
#2937 = ORIENTED_EDGE ( 'NONE', *, *, #4224, .F. ) ;
#2938 = ORIENTED_EDGE ( 'NONE', *, *, #4682, .T. ) ;
#2939 = CARTESIAN_POINT ( 'NONE',  ( 4.092366378073298172, 3.552801800670830179, -9.589274940727247334E-15 ) ) ;
#2940 = DIRECTION ( 'NONE',  ( 0.8501817746811738408, -0.5264892686465411087, -6.304819211771186701E-15 ) ) ;
#2941 = CARTESIAN_POINT ( 'NONE',  ( -10.87162726875852314, -17.76219043806988651, 1.499999999999999778 ) ) ;
#2942 = VECTOR ( 'NONE', #883, 1000.000000000000000 ) ;
#2943 = EDGE_CURVE ( 'NONE', #179, #227, #4333, .T. ) ;
#2944 = LINE ( 'NONE', #345, #1809 ) ;
#2945 = SURFACE_STYLE_FILL_AREA ( #2570 ) ;
#2946 = ADVANCED_BREP_SHAPE_REPRESENTATION ( 'TCRT5000mod', ( #1452, #4807, #3809 ), #2523 ) ;
#2947 = ORIENTED_EDGE ( 'NONE', *, *, #1640, .T. ) ;
#2948 = FACE_OUTER_BOUND ( 'NONE', #2162, .T. ) ;
#2949 = CYLINDRICAL_SURFACE ( 'NONE', #64, 1.499999999999999112 ) ;
#2950 = ORIENTED_EDGE ( 'NONE', *, *, #4895, .F. ) ;
#2951 = EDGE_LOOP ( 'NONE', ( #2251, #4049, #4733, #4569 ) ) ;
#2952 = CARTESIAN_POINT ( 'NONE',  ( -5.932382873688783143, -20.23279052828528890, 3.999999999999964473 ) ) ;
#2953 = LINE ( 'NONE', #2232, #3718 ) ;
#2954 = CARTESIAN_POINT ( 'NONE',  ( -8.351104252885216184, -4.385084483250969889, 3.600000000000031175 ) ) ;
#2955 = ORIENTED_EDGE ( 'NONE', *, *, #4800, .T. ) ;
#2956 = EDGE_LOOP ( 'NONE', ( #2311, #1415, #4445, #3412 ) ) ;
#2957 = AXIS2_PLACEMENT_3D ( 'NONE', #3093, #2296, #1521 ) ;
#2958 = CARTESIAN_POINT ( 'NONE',  ( 8.169178421281166891, -5.058900226456089833, 2.999999999999268585 ) ) ;
#2959 = FACE_OUTER_BOUND ( 'NONE', #4492, .T. ) ;
#2960 = ORIENTED_EDGE ( 'NONE', *, *, #1999, .F. ) ;
#2961 = ORIENTED_EDGE ( 'NONE', *, *, #572, .F. ) ;
#2962 = ORIENTED_EDGE ( 'NONE', *, *, #3575, .F. ) ;
#2963 = CARTESIAN_POINT ( 'NONE',  ( 2.764444789186871532, 4.257517526172481581, 2.000000000000001776 ) ) ;
#2964 = DIRECTION ( 'NONE',  ( 5.223765993914779840E-15, -3.090859079856868748E-15, 1.000000000000000000 ) ) ;
#2965 = CARTESIAN_POINT ( 'NONE',  ( -9.485920012905618037, -7.167286826246303200, 3.348297620505063854 ) ) ;
#2966 = DIRECTION ( 'NONE',  ( -0.8501817746811719534, 0.5264892686465441063, 6.284186198641042686E-15 ) ) ;
#2967 = DIRECTION ( 'NONE',  ( -1.000000000000000000, 0.000000000000000000, 5.425512162932543562E-15 ) ) ;
#2968 = DIRECTION ( 'NONE',  ( 0.5264892686465411087, 0.8501817746811739518, -0.000000000000000000 ) ) ;
#2969 = ORIENTED_EDGE ( 'NONE', *, *, #83, .F. ) ;
#2970 = AXIS2_PLACEMENT_3D ( 'NONE', #721, #4432, #1879 ) ;
#2971 = DIRECTION ( 'NONE',  ( 0.5264892686465411087, 0.8501817746811739518, 2.210443882994788087E-14 ) ) ;
#2972 = DIRECTION ( 'NONE',  ( 6.440599106587272487E-15, 2.237557323913544340E-14, -1.000000000000000000 ) ) ;
#2973 = ORIENTED_EDGE ( 'NONE', *, *, #3765, .T. ) ;
#2974 = LINE ( 'NONE', #4533, #3038 ) ;
#2975 = CARTESIAN_POINT ( 'NONE',  ( -3.087385037636405816, -3.292720064652153056, 8.999999999999326761 ) ) ;
#2976 = CARTESIAN_POINT ( 'NONE',  ( -8.923616974766284571, -14.61651787174959871, 11.49999999999931966 ) ) ;
#2977 = ADVANCED_FACE ( 'NONE', ( #546 ), #2446, .T. ) ;
#2978 = ORIENTED_EDGE ( 'NONE', *, *, #3512, .T. ) ;
#2979 = ORIENTED_EDGE ( 'NONE', *, *, #31, .F. ) ;
#2980 = CARTESIAN_POINT ( 'NONE',  ( 0.6389903524838748128, 5.573740697788615250, 12.00000000000001599 ) ) ;
#2981 = CARTESIAN_POINT ( 'NONE',  ( -1.432598474923688192, 7.074018735998582663, 3.600000000000002309 ) ) ;
#2982 = VERTEX_POINT ( 'NONE', #4042 ) ;
#2983 = ORIENTED_EDGE ( 'NONE', *, *, #1810, .T. ) ;
#2984 = VERTEX_POINT ( 'NONE', #1656 ) ;
#2985 = CARTESIAN_POINT ( 'NONE',  ( -1.184224725662181399, -2.118845783936326388, 3.000000000000000000 ) ) ;
#2986 = DIRECTION ( 'NONE',  ( 0.8501817746811736187, -0.5264892686465416638, -7.725947721890257122E-15 ) ) ;
#2987 = DIRECTION ( 'NONE',  ( -0.8501817746811739518, 0.5264892686465409977, 0.000000000000000000 ) ) ;
#2988 = FACE_OUTER_BOUND ( 'NONE', #4635, .T. ) ;
#2989 = DIRECTION ( 'NONE',  ( -0.5264892686465411087, -0.8501817746811739518, 2.168404344971008621E-16 ) ) ;
#2990 = AXIS2_PLACEMENT_3D ( 'NONE', #1281, #3571, #246 ) ;
#2991 = AXIS2_PLACEMENT_3D ( 'NONE', #96, #1975, #3791 ) ;
#2992 = DIRECTION ( 'NONE',  ( 0.5264892686465414418, 0.8501817746811736187, 0.000000000000000000 ) ) ;
#2993 = EDGE_CURVE ( 'NONE', #1677, #4745, #154, .T. ) ;
#2994 = EDGE_CURVE ( 'NONE', #3857, #941, #1701, .T. ) ;
#2995 = VERTEX_POINT ( 'NONE', #4744 ) ;
#2996 = EDGE_CURVE ( 'NONE', #4703, #3427, #4356, .T. ) ;
#2997 = CARTESIAN_POINT ( 'NONE',  ( -5.537515922203890106, -19.59515419727440388, 1.999999999999286127 ) ) ;
#2998 = FACE_OUTER_BOUND ( 'NONE', #4548, .T. ) ;
#2999 = VECTOR ( 'NONE', #2731, 1000.000000000000114 ) ;
#3000 = AXIS2_PLACEMENT_3D ( 'NONE', #1160, #4202, #4149 ) ;
#3001 = ORIENTED_EDGE ( 'NONE', *, *, #4835, .T. ) ;
#3002 = DIRECTION ( 'NONE',  ( 0.5264892686465409977, 0.8501817746811739518, -1.121938041510248222E-16 ) ) ;
#3003 = CYLINDRICAL_SURFACE ( 'NONE', #2123, 0.5000000000000018874 ) ;
#3004 = DIRECTION ( 'NONE',  ( -6.288372600415924140E-15, -2.197316402903954917E-14, 1.000000000000000000 ) ) ;
#3005 = CARTESIAN_POINT ( 'NONE',  ( -8.295729324813823524, -12.65290968806397842, 6.499999999999320544 ) ) ;
#3006 = STYLED_ITEM ( 'NONE', ( #1583 ), #4807 ) ;
#3007 = CIRCLE ( 'NONE', #2519, 0.5000000000000037748 ) ;
#3008 = ORIENTED_EDGE ( 'NONE', *, *, #2167, .T. ) ;
#3009 = VERTEX_POINT ( 'NONE', #2466 ) ;
#3010 = CYLINDRICAL_SURFACE ( 'NONE', #2295, 1.084839758362241779 ) ;
#3011 = ORIENTED_EDGE ( 'NONE', *, *, #872, .F. ) ;
#3012 = ORIENTED_EDGE ( 'NONE', *, *, #2677, .F. ) ;
#3013 = ORIENTED_EDGE ( 'NONE', *, *, #872, .T. ) ;
#3014 = DIRECTION ( 'NONE',  ( -0.5264892686465411087, -0.8501817746811739518, 0.000000000000000000 ) ) ;
#3015 = ORIENTED_EDGE ( 'NONE', *, *, #4135, .F. ) ;
#3016 = CARTESIAN_POINT ( 'NONE',  ( -8.923616974766304111, -14.61651787174960759, 8.999999999999317879 ) ) ;
#3017 = EDGE_CURVE ( 'NONE', #4672, #2735, #909, .T. ) ;
#3018 = CARTESIAN_POINT ( 'NONE',  ( 1.262673961550923707, 11.42638000858817549, 2.899999999999944844 ) ) ;
#3019 = DIRECTION ( 'NONE',  ( -0.5264892686465405536, -0.8501817746811741738, 0.000000000000000000 ) ) ;
#3020 = ADVANCED_FACE ( 'NONE', ( #3989 ), #3642, .T. ) ;
#3021 = FACE_BOUND ( 'NONE', #3900, .T. ) ;
#3022 = ORIENTED_EDGE ( 'NONE', *, *, #812, .T. ) ;
#3023 = DIRECTION ( 'NONE',  ( -5.551115123125781913E-15, 4.163336342344336238E-15, -1.000000000000000000 ) ) ;
#3024 = LINE ( 'NONE', #743, #448 ) ;
#3025 = DIRECTION ( 'NONE',  ( 4.715993757368635780E-15, -4.505578680293003036E-15, 1.000000000000000000 ) ) ;
#3026 = ORIENTED_EDGE ( 'NONE', *, *, #2576, .F. ) ;
#3027 = LINE ( 'NONE', #2256, #1058 ) ;
#3028 = EDGE_CURVE ( 'NONE', #3186, #4758, #177, .T. ) ;
#3029 =( NAMED_UNIT ( * ) PLANE_ANGLE_UNIT ( ) SI_UNIT ( $, .RADIAN. ) );
#3030 = DIRECTION ( 'NONE',  ( -0.5264892686465409977, -0.8501817746811739518, 2.178422893297000251E-15 ) ) ;
#3031 = CARTESIAN_POINT ( 'NONE',  ( -8.295729324813818195, -12.65290968806398197, 7.499999999999320544 ) ) ;
#3032 = VERTEX_POINT ( 'NONE', #4766 ) ;
#3033 = VERTEX_POINT ( 'NONE', #2422 ) ;
#3034 = ADVANCED_FACE ( 'NONE', ( #3941 ), #4698, .F. ) ;
#3035 = PLANE ( 'NONE',  #4901 ) ;
#3036 = ORIENTED_EDGE ( 'NONE', *, *, #2329, .T. ) ;
#3037 = ORIENTED_EDGE ( 'NONE', *, *, #3293, .T. ) ;
#3038 = VECTOR ( 'NONE', #1140, 999.9999999999998863 ) ;
#3039 = VECTOR ( 'NONE', #4283, 1000.000000000000000 ) ;
#3040 = DIRECTION ( 'NONE',  ( 5.204170427930421283E-15, -3.717264591378872796E-15, 1.000000000000000000 ) ) ;
#3041 = DIRECTION ( 'NONE',  ( 0.8501817746811739518, -0.5264892686465409977, -6.304819211771186701E-15 ) ) ;
#3042 = FACE_OUTER_BOUND ( 'NONE', #997, .T. ) ;
#3043 = EDGE_CURVE ( 'NONE', #4105, #2161, #4186, .T. ) ;
#3044 = FACE_BOUND ( 'NONE', #2926, .T. ) ;
#3045 = VERTEX_POINT ( 'NONE', #2200 ) ;
#3046 = DIRECTION ( 'NONE',  ( -0.8501817746811739518, 0.5264892686465411087, 6.304819211771187490E-15 ) ) ;
#3047 = FACE_BOUND ( 'NONE', #1728, .T. ) ;
#3048 = FACE_OUTER_BOUND ( 'NONE', #4735, .T. ) ;
#3049 = DIRECTION ( 'NONE',  ( -5.490715714246305124E-15, 3.108729615270208526E-15, -1.000000000000000000 ) ) ;
#3050 = DIRECTION ( 'NONE',  ( -0.5264892686465416638, -0.8501817746811735077, 0.000000000000000000 ) ) ;
#3051 = EDGE_CURVE ( 'NONE', #1569, #2303, #1425, .T. ) ;
#3052 = AXIS2_PLACEMENT_3D ( 'NONE', #2145, #2515, #4482 ) ;
#3053 = VECTOR ( 'NONE', #4677, 1000.000000000000000 ) ;
#3054 = EDGE_LOOP ( 'NONE', ( #1910, #708, #2264, #4782, #1813, #3771, #3906, #4282, #3128 ) ) ;
#3055 = VERTEX_POINT ( 'NONE', #2922 ) ;
#3056 = ORIENTED_EDGE ( 'NONE', *, *, #149, .T. ) ;
#3057 = EDGE_CURVE ( 'NONE', #4768, #1028, #1454, .T. ) ;
#3058 = EDGE_CURVE ( 'NONE', #868, #4281, #3292, .T. ) ;
#3059 = CARTESIAN_POINT ( 'NONE',  ( 0.1651500107020249519, 4.808577100575686991, 6.099999999999997868 ) ) ;
#3060 = ADVANCED_FACE ( 'NONE', ( #1479 ), #1880, .F. ) ;
#3061 = CARTESIAN_POINT ( 'NONE',  ( -7.383143893060269747, -2.632072007023956495, 0.1000000000000312861 ) ) ;
#3062 = DIRECTION ( 'NONE',  ( -6.440599106587273276E-15, -2.237557323913544656E-14, 1.000000000000000000 ) ) ;
#3063 = ORIENTED_EDGE ( 'NONE', *, *, #4092, .F. ) ;
#3064 = LINE ( 'NONE', #1176, #265 ) ;
#3065 = ORIENTED_EDGE ( 'NONE', *, *, #2455, .T. ) ;
#3066 = CARTESIAN_POINT ( 'NONE',  ( -7.864711951288617442, -12.90658415478436005, 5.499999999999323208 ) ) ;
#3067 = CARTESIAN_POINT ( 'NONE',  ( -6.195627508012055529, -20.65788141562587654, 3.999999999999964473 ) ) ;
#3068 = LINE ( 'NONE', #2321, #2281 ) ;
#3069 = EDGE_LOOP ( 'NONE', ( #2067, #2218, #3422, #3644 ) ) ;
#3070 = CARTESIAN_POINT ( 'NONE',  ( -0.2033924773505861872, 4.213449858298754513, 11.09999999999998188 ) ) ;
#3071 = LINE ( 'NONE', #3516, #2942 ) ;
#3072 = VECTOR ( 'NONE', #722, 1000.000000000000114 ) ;
#3073 = PLANE ( 'NONE',  #2235 ) ;
#3074 = VECTOR ( 'NONE', #1156, 999.9999999999998863 ) ;
#3075 = CYLINDRICAL_SURFACE ( 'NONE', #1855, 1.084839758362199147 ) ;
#3076 = AXIS2_PLACEMENT_3D ( 'NONE', #3609, #1715, #2836 ) ;
#3077 = AXIS2_PLACEMENT_3D ( 'NONE', #2958, #2498, #2103 ) ;
#3078 = DIRECTION ( 'NONE',  ( 0.8501817746811738408, -0.5264892686465411087, -6.304819211771186701E-15 ) ) ;
#3079 = DIRECTION ( 'NONE',  ( 6.938893903907227589E-15, -2.775557561562890957E-15, 1.000000000000000000 ) ) ;
#3080 = DIRECTION ( 'NONE',  ( 1.102844568285558847E-14, 6.461232119717453579E-15, 1.000000000000000000 ) ) ;
#3081 = ORIENTED_EDGE ( 'NONE', *, *, #926, .F. ) ;
#3082 = EDGE_LOOP ( 'NONE', ( #694, #525, #137, #1702, #2033, #3835, #1971, #2220 ) ) ;
#3083 = ORIENTED_EDGE ( 'NONE', *, *, #2450, .F. ) ;
#3084 = AXIS2_PLACEMENT_3D ( 'NONE', #60, #1566, #320 ) ;
#3085 = DIRECTION ( 'NONE',  ( 0.5264892686465411087, 0.8501817746811739518, 2.210443882994788087E-14 ) ) ;
#3086 = VECTOR ( 'NONE', #1875, 1000.000000000000000 ) ;
#3087 = DIRECTION ( 'NONE',  ( 0.8501817746811739518, -0.5264892686465411087, -6.304819211771187490E-15 ) ) ;
#3088 = VECTOR ( 'NONE', #4687, 999.9999999999998863 ) ;
#3089 = ORIENTED_EDGE ( 'NONE', *, *, #1785, .F. ) ;
#3090 = ADVANCED_FACE ( 'NONE', ( #2998 ), #3665, .F. ) ;
#3091 = EDGE_CURVE ( 'NONE', #4108, #1040, #1798, .T. ) ;
#3092 = VECTOR ( 'NONE', #2141, 1000.000000000000000 ) ;
#3093 = CARTESIAN_POINT ( 'NONE',  ( -12.45109507469811838, -20.31273576211343013, 6.999999999999319655 ) ) ;
#3094 = ORIENTED_EDGE ( 'NONE', *, *, #1439, .F. ) ;
#3095 = DIRECTION ( 'NONE',  ( 5.204170427930425228E-15, -3.469446951953616950E-15, 1.000000000000000000 ) ) ;
#3096 = DIRECTION ( 'NONE',  ( -0.8501817746811719534, 0.5264892686465441063, 6.593958247922617522E-15 ) ) ;
#3097 = EDGE_CURVE ( 'NONE', #3620, #147, #744, .T. ) ;
#3098 = FACE_BOUND ( 'NONE', #2367, .T. ) ;
#3099 = LINE ( 'NONE', #4605, #1641 ) ;
#3100 = EDGE_CURVE ( 'NONE', #3905, #1078, #3470, .T. ) ;
#3101 = CARTESIAN_POINT ( 'NONE',  ( -0.9814279630502382723, 0.1080070340725413081, 9.499999999999326761 ) ) ;
#3102 = DIRECTION ( 'NONE',  ( 0.8501817746811739518, -0.5264892686465411087, -6.304819211771186701E-15 ) ) ;
#3103 = EDGE_CURVE ( 'NONE', #3337, #4678, #4791, .T. ) ;
#3104 = CARTESIAN_POINT ( 'NONE',  ( -9.140838155855027125, -5.660357145272730151, 3.600000000000031175 ) ) ;
#3105 = CARTESIAN_POINT ( 'NONE',  ( -7.775095313951649878, -23.20842673966942371, 9.999999999999285905 ) ) ;
#3106 = ORIENTED_EDGE ( 'NONE', *, *, #589, .F. ) ;
#3107 = ORIENTED_EDGE ( 'NONE', *, *, #373, .F. ) ;
#3108 = DIRECTION ( 'NONE',  ( -0.5264892686465408866, -0.8501817746811740628, 0.000000000000000000 ) ) ;
#3109 = AXIS2_PLACEMENT_3D ( 'NONE', #3336, #4778, #282 ) ;
#3110 = ORIENTED_EDGE ( 'NONE', *, *, #4243, .T. ) ;
#3111 = LINE ( 'NONE', #807, #1754 ) ;
#3112 = ORIENTED_EDGE ( 'NONE', *, *, #990, .F. ) ;
#3113 = PLANE ( 'NONE',  #1017 ) ;
#3114 = PLANE ( 'NONE',  #3622 ) ;
#3115 = EDGE_CURVE ( 'NONE', #4532, #3152, #4510, .T. ) ;
#3116 = ORIENTED_EDGE ( 'NONE', *, *, #1935, .T. ) ;
#3117 = DIRECTION ( 'NONE',  ( 6.277507446913876925E-15, 2.211221068853061198E-14, -1.000000000000000000 ) ) ;
#3118 = CIRCLE ( 'NONE', #4690, 0.5000000000000024425 ) ;
#3119 = CYLINDRICAL_SURFACE ( 'NONE', #2359, 0.4999999999999990008 ) ;
#3120 = ADVANCED_FACE ( 'NONE', ( #2254 ), #3747, .T. ) ;
#3121 = CARTESIAN_POINT ( 'NONE',  ( -1.034088988213625271, -25.61857895817344399, 8.749999999999243272 ) ) ;
#3122 = CARTESIAN_POINT ( 'NONE',  ( -2.034406500343312718, -1.592356515289811814, 10.99999999999932676 ) ) ;
#3123 = VECTOR ( 'NONE', #105, 999.9999999999998863 ) ;
#3124 = PRODUCT_CONTEXT ( 'NONE', #1003, 'mechanical' ) ;
#3125 = DIRECTION ( 'NONE',  ( -6.985683126548266313E-15, -1.000000000000000000, -1.676563950371584105E-14 ) ) ;
#3126 = CARTESIAN_POINT ( 'NONE',  ( -5.618432999563134800, -6.430202529053590688, 12.99999999999933031 ) ) ;
#3127 = ORIENTED_EDGE ( 'NONE', *, *, #2866, .T. ) ;
#3128 = ORIENTED_EDGE ( 'NONE', *, *, #4567, .T. ) ;
#3129 = VERTEX_POINT ( 'NONE', #3349 ) ;
#3130 = CARTESIAN_POINT ( 'NONE',  ( -9.596354606736754889, -18.55192434103971166, 3.999999999999989786 ) ) ;
#3131 = EDGE_CURVE ( 'NONE', #4160, #4367, #3375, .T. ) ;
#3132 = AXIS2_PLACEMENT_3D ( 'NONE', #3831, #3855, #1984 ) ;
#3133 = ORIENTED_EDGE ( 'NONE', *, *, #2858, .F. ) ;
#3134 = EDGE_LOOP ( 'NONE', ( #2374, #1838, #2481, #733 ) ) ;
#3135 = CARTESIAN_POINT ( 'NONE',  ( -12.45109507469811838, -20.31273576211343013, 6.999999999999319655 ) ) ;
#3136 = FACE_OUTER_BOUND ( 'NONE', #3254, .T. ) ;
#3137 = DIRECTION ( 'NONE',  ( -0.8501817746811739518, 0.5264892686465409977, 0.000000000000000000 ) ) ;
#3138 = EDGE_LOOP ( 'NONE', ( #3260, #4634, #1832, #3919 ) ) ;
#3139 = CARTESIAN_POINT ( 'NONE',  ( -8.564563792774164241, -5.679468720554249117, 3.848297620505064298 ) ) ;
#3140 = DIRECTION ( 'NONE',  ( 5.425512162932541985E-15, -3.359839055320229362E-15, 1.000000000000000000 ) ) ;
#3141 = FACE_BOUND ( 'NONE', #1994, .T. ) ;
#3142 = DIRECTION ( 'NONE',  ( 6.189122289413454562E-15, 2.196948517723509108E-14, -1.000000000000000000 ) ) ;
#3143 = EDGE_CURVE ( 'NONE', #4417, #1263, #375, .T. ) ;
#3144 = EDGE_CURVE ( 'NONE', #2598, #3857, #271, .T. ) ;
#3145 = EDGE_CURVE ( 'NONE', #1990, #800, #2148, .T. ) ;
#3146 = DIRECTION ( 'NONE',  ( 0.5264892686465405536, 0.8501817746811741738, 8.673617379884023639E-16 ) ) ;
#3147 = DIRECTION ( 'NONE',  ( 1.000000000000000000, 0.000000000000000000, -5.474406548278963833E-15 ) ) ;
#3148 = VECTOR ( 'NONE', #3395, 999.9999999999998863 ) ;
#3149 = VERTEX_POINT ( 'NONE', #2176 ) ;
#3150 = ORIENTED_EDGE ( 'NONE', *, *, #1291, .T. ) ;
#3151 = AXIS2_PLACEMENT_3D ( 'NONE', #1391, #1420, #3315 ) ;
#3152 = VERTEX_POINT ( 'NONE', #1091 ) ;
#3153 = AXIS2_PLACEMENT_3D ( 'NONE', #230, #993, #652 ) ;
#3154 = DIRECTION ( 'NONE',  ( 1.129180823346042148E-14, 6.298140460044058017E-15, 1.000000000000000000 ) ) ;
#3155 = ADVANCED_FACE ( 'NONE', ( #3325 ), #2949, .F. ) ;
#3156 = ORIENTED_EDGE ( 'NONE', *, *, #2784, .T. ) ;
#3157 = ORIENTED_EDGE ( 'NONE', *, *, #3426, .F. ) ;
#3158 = VECTOR ( 'NONE', #3640, 1000.000000000000114 ) ;
#3159 = AXIS2_PLACEMENT_3D ( 'NONE', #1238, #4593, #2339 ) ;
#3160 = DIRECTION ( 'NONE',  ( -0.5264892686465409977, -0.8501817746811739518, 0.000000000000000000 ) ) ;
#3161 = CIRCLE ( 'NONE', #4508, 1.084839758362241557 ) ;
#3162 = DIRECTION ( 'NONE',  ( 0.5264892686465385552, 0.8501817746811756171, 0.000000000000000000 ) ) ;
#3163 = CARTESIAN_POINT ( 'NONE',  ( -8.827808427097430410, -6.104559607894840312, 5.098297620505063854 ) ) ;
#3164 = CARTESIAN_POINT ( 'NONE',  ( -10.87162726875848229, -17.76219043806992559, 9.999999999999319655 ) ) ;
#3165 = AXIS2_PLACEMENT_3D ( 'NONE', #3916, #958, #2072 ) ;
#3166 = VECTOR ( 'NONE', #1124, 1000.000000000000114 ) ;
#3167 = CARTESIAN_POINT ( 'NONE',  ( 0.6224354592286509558, -28.40873797530665001, 1.499999999999902967 ) ) ;
#3168 = ADVANCED_FACE ( 'NONE', ( #3425 ), #769, .F. ) ;
#3169 = DIRECTION ( 'NONE',  ( 0.8501817746811739518, -0.5264892686465411087, -6.304819211771187490E-15 ) ) ;
#3170 = DIRECTION ( 'NONE',  ( 2.767173568014580384E-15, -8.055924338060089436E-15, 1.000000000000000000 ) ) ;
#3171 = EDGE_CURVE ( 'NONE', #2480, #4639, #1002, .T. ) ;
#3172 = ORIENTED_EDGE ( 'NONE', *, *, #399, .F. ) ;
#3173 = CARTESIAN_POINT ( 'NONE',  ( 0.000000000000000000, 0.000000000000000000, 0.000000000000000000 ) ) ;
#3174 = LINE ( 'NONE', #1233, #933 ) ;
#3175 = CARTESIAN_POINT ( 'NONE',  ( -8.331543094306576691, -4.353496867879513843, 3.848297620505066963 ) ) ;
#3176 = VERTEX_POINT ( 'NONE', #4087 ) ;
#3177 = ORIENTED_EDGE ( 'NONE', *, *, #3178, .T. ) ;
#3178 = EDGE_CURVE ( 'NONE', #620, #2386, #344, .T. ) ;
#3179 = CARTESIAN_POINT ( 'NONE',  ( -1.184224725662138766, -2.118845783936352589, 10.99999999999931966 ) ) ;
#3180 = EDGE_CURVE ( 'NONE', #4726, #2615, #2759, .T. ) ;
#3181 = EDGE_LOOP ( 'NONE', ( #627, #1072 ) ) ;
#3182 = VERTEX_POINT ( 'NONE', #4818 ) ;
#3183 = DIRECTION ( 'NONE',  ( 0.5264892686465409977, 0.8501817746811739518, 0.000000000000000000 ) ) ;
#3184 = DIRECTION ( 'NONE',  ( 1.671232596756055639E-14, -1.669169295443039344E-14, 1.000000000000000000 ) ) ;
#3185 = DIRECTION ( 'NONE',  ( 0.5264892686465415528, 0.8501817746811735077, -3.944304526105058589E-31 ) ) ;
#3186 = VERTEX_POINT ( 'NONE', #4479 ) ;
#3187 = CARTESIAN_POINT ( 'NONE',  ( -2.986970598160369139, -21.17462200321402932, 1.999999999999267031 ) ) ;
#3188 = DIRECTION ( 'NONE',  ( 5.425512162932546718E-15, -3.359839055320221079E-15, 1.000000000000000000 ) ) ;
#3189 = EDGE_CURVE ( 'NONE', #3479, #2598, #3713, .T. ) ;
#3190 = CARTESIAN_POINT ( 'NONE',  ( -8.295729324813823524, -12.65290968806397842, 6.499999999999320544 ) ) ;
#3191 = AXIS2_PLACEMENT_3D ( 'NONE', #299, #2581, #2626 ) ;
#3192 = VECTOR ( 'NONE', #4728, 1000.000000000000000 ) ;
#3193 = CARTESIAN_POINT ( 'NONE',  ( -6.449117412127564286, -10.62066353074807878, 7.999999999999320544 ) ) ;
#3194 = CARTESIAN_POINT ( 'NONE',  ( -3.877118940606251840, -4.567992726673892001, 2.500000000000006217 ) ) ;
#3195 = DIRECTION ( 'NONE',  ( 0.8501817746811719534, -0.5264892686465441063, -6.284186198641044263E-15 ) ) ;
#3196 = ORIENTED_EDGE ( 'NONE', *, *, #1535, .T. ) ;
#3197 = VERTEX_POINT ( 'NONE', #2567 ) ;
#3198 = CARTESIAN_POINT ( 'NONE',  ( 0.08483975836228489775, 6.134319756967101966, 8.599999999999972999 ) ) ;
#3199 = ADVANCED_FACE ( 'NONE', ( #3343 ), #3660, .F. ) ;
#3200 = CARTESIAN_POINT ( 'NONE',  ( -2.986970598160317625, -21.17462200321405774, 11.99999999999926636 ) ) ;
#3201 = ORIENTED_EDGE ( 'NONE', *, *, #4423, .F. ) ;
#3202 = ORIENTED_EDGE ( 'NONE', *, *, #4603, .F. ) ;
#3203 = ADVANCED_FACE ( 'NONE', ( #1083 ), #2541, .F. ) ;
#3204 = EDGE_CURVE ( 'NONE', #237, #1040, #2596, .T. ) ;
#3205 = VECTOR ( 'NONE', #2093, 1000.000000000000114 ) ;
#3206 = LINE ( 'NONE', #4301, #2832 ) ;
#3207 = ADVANCED_FACE ( 'NONE', ( #263 ), #1766, .F. ) ;
#3208 = VECTOR ( 'NONE', #3408, 999.9999999999998863 ) ;
#3209 = DIRECTION ( 'NONE',  ( -1.000000000000000000, 0.000000000000000000, 1.652265922105251350E-14 ) ) ;
#3210 = DIRECTION ( 'NONE',  ( -0.8501817746811739518, 0.5264892686465411087, 6.304819211771187490E-15 ) ) ;
#3211 = AXIS2_PLACEMENT_3D ( 'NONE', #2197, #1768, #324 ) ;
#3212 = ORIENTED_EDGE ( 'NONE', *, *, #4269, .T. ) ;
#3213 = DIRECTION ( 'NONE',  ( -0.8501817746811738408, 0.5264892686465409977, 6.304819211771186701E-15 ) ) ;
#3214 = CARTESIAN_POINT ( 'NONE',  ( -3.584634312257162669, -24.03911115223380790, 5.249999999999259259 ) ) ;
#3215 = DIRECTION ( 'NONE',  ( 0.8501817746811719534, -0.5264892686465441063, -6.284186198641042686E-15 ) ) ;
#3216 = CARTESIAN_POINT ( 'NONE',  ( -7.724390074149326324, -9.830929627778269619, 7.999999999999328537 ) ) ;
#3217 = LINE ( 'NONE', #4310, #3904 ) ;
#3218 = DIRECTION ( 'NONE',  ( 1.000000000000000000, 0.000000000000000000, 0.000000000000000000 ) ) ;
#3219 = DIRECTION ( 'NONE',  ( -6.231841782205326515E-15, -2.203846917436125488E-14, 1.000000000000000000 ) ) ;
#3220 = CARTESIAN_POINT ( 'NONE',  ( -0.4863167326165721005, 5.212008765957994783, 7.899999999999881339 ) ) ;
#3221 = ORIENTED_EDGE ( 'NONE', *, *, #4511, .F. ) ;
#3222 = VERTEX_POINT ( 'NONE', #4114 ) ;
#3223 = CARTESIAN_POINT ( 'NONE',  ( -2.237203262955253624, -3.819209333298681841, 5.000000000000000000 ) ) ;
#3224 = EDGE_CURVE ( 'NONE', #2554, #2603, #2914, .T. ) ;
#3225 = PLANE ( 'NONE',  #2118 ) ;
#3226 = VECTOR ( 'NONE', #3592, 1000.000000000000000 ) ;
#3227 = VERTEX_POINT ( 'NONE', #641 ) ;
#3228 = ORIENTED_EDGE ( 'NONE', *, *, #3604, .F. ) ;
#3229 = DIRECTION ( 'NONE',  ( -0.8501817746811738408, 0.5264892686465411087, 6.304819211771185913E-15 ) ) ;
#3230 = AXIS2_PLACEMENT_3D ( 'NONE', #1623, #4351, #3564 ) ;
#3231 = LINE ( 'NONE', #653, #712 ) ;
#3232 = CARTESIAN_POINT ( 'NONE',  ( -1.184224725662173405, -2.118845783936331273, 4.500000000000000000 ) ) ;
#3233 = ORIENTED_EDGE ( 'NONE', *, *, #2943, .F. ) ;
#3234 = ADVANCED_FACE ( 'NONE', ( #663 ), #321, .T. ) ;
#3235 = EDGE_CURVE ( 'NONE', #2701, #3599, #3702, .T. ) ;
#3236 = VERTEX_POINT ( 'NONE', #1366 ) ;
#3237 = VECTOR ( 'NONE', #3079, 1000.000000000000000 ) ;
#3238 = VERTEX_POINT ( 'NONE', #4426 ) ;
#3239 = DIRECTION ( 'NONE',  ( -0.5264892686465416638, -0.8501817746811735077, 0.000000000000000000 ) ) ;
#3240 = DIRECTION ( 'NONE',  ( 0.8501817746811736187, -0.5264892686465417748, -6.068454779668997275E-15 ) ) ;
#3241 = CARTESIAN_POINT ( 'NONE',  ( -8.564563792774167794, -5.679468720554247341, 3.348297620505063854 ) ) ;
#3242 = AXIS2_PLACEMENT_3D ( 'NONE', #1287, #914, #2404 ) ;
#3243 = VECTOR ( 'NONE', #1913, 1000.000000000000000 ) ;
#3244 = CIRCLE ( 'NONE', #2689, 0.5000000000000028866 ) ;
#3245 = DIRECTION ( 'NONE',  ( -0.8501817746811738408, 0.5264892686465413307, 6.398600466841907577E-15 ) ) ;
#3246 = EDGE_CURVE ( 'NONE', #2984, #2803, #3685, .T. ) ;
#3247 = LINE ( 'NONE', #2465, #198 ) ;
#3248 = CARTESIAN_POINT ( 'NONE',  ( 4.092366378073212019, 3.552801800670522425, 13.99999999999998757 ) ) ;
#3249 = ADVANCED_FACE ( 'NONE', ( #3369 ), #4844, .F. ) ;
#3250 = ORIENTED_EDGE ( 'NONE', *, *, #2993, .F. ) ;
#3251 = ORIENTED_EDGE ( 'NONE', *, *, #3204, .T. ) ;
#3252 = FACE_OUTER_BOUND ( 'NONE', #4880, .T. ) ;
#3253 = DIRECTION ( 'NONE',  ( -0.5264892686465441063, -0.8501817746811719534, 1.129958009204315258E-14 ) ) ;
#3254 = EDGE_LOOP ( 'NONE', ( #2428, #3738, #4080, #3156 ) ) ;
#3255 = ORIENTED_EDGE ( 'NONE', *, *, #2632, .F. ) ;
#3256 = DIRECTION ( 'NONE',  ( 0.8501817746811738408, -0.5264892686465411087, -6.304819211771185913E-15 ) ) ;
#3257 = CARTESIAN_POINT ( 'NONE',  ( -5.618432999563161445, -6.430202529053573812, 7.999999999999328537 ) ) ;
#3258 = DIRECTION ( 'NONE',  ( 6.938893903907227589E-15, -2.775557561562890957E-15, 1.000000000000000000 ) ) ;
#3259 = ORIENTED_EDGE ( 'NONE', *, *, #2724, .T. ) ;
#3260 = ORIENTED_EDGE ( 'NONE', *, *, #1510, .F. ) ;
#3261 = ORIENTED_EDGE ( 'NONE', *, *, #1582, .F. ) ;
#3262 = FACE_BOUND ( 'NONE', #2360, .T. ) ;
#3263 = FACE_OUTER_BOUND ( 'NONE', #444, .T. ) ;
#3264 = PLANE ( 'NONE',  #4199 ) ;
#3265 = ADVANCED_FACE ( 'NONE', ( #4501 ), #1446, .T. ) ;
#3266 = CARTESIAN_POINT ( 'NONE',  ( -9.348707862106891753, -14.35327323742633787, 8.999999999999321432 ) ) ;
#3267 = CARTESIAN_POINT ( 'NONE',  ( -8.989654680114751883, -5.416224086230978507, 3.848297620505066963 ) ) ;
#3268 = AXIS2_PLACEMENT_3D ( 'NONE', #1246, #1204, #1976 ) ;
#3269 = EDGE_CURVE ( 'NONE', #967, #755, #1008, .T. ) ;
#3270 = EDGE_CURVE ( 'NONE', #1362, #4349, #795, .T. ) ;
#3271 = ORIENTED_EDGE ( 'NONE', *, *, #1230, .T. ) ;
#3272 = CARTESIAN_POINT ( 'NONE',  ( -9.252899314438032263, -5.841314973571559932, 2.098297620505066963 ) ) ;
#3273 = DIRECTION ( 'NONE',  ( 6.201160163729268875E-15, 2.198892409452872662E-14, -1.000000000000000000 ) ) ;
#3274 = ORIENTED_EDGE ( 'NONE', *, *, #1434, .T. ) ;
#3275 = ORIENTED_EDGE ( 'NONE', *, *, #1147, .F. ) ;
#3276 = DIRECTION ( 'NONE',  ( 0.5264892686465415528, 0.8501817746811735077, 0.000000000000000000 ) ) ;
#3277 = ORIENTED_EDGE ( 'NONE', *, *, #3832, .F. ) ;
#3278 = ORIENTED_EDGE ( 'NONE', *, *, #2328, .T. ) ;
#3279 = DIRECTION ( 'NONE',  ( 0.5264892686465409977, 0.8501817746811739518, -8.524537241634196633E-17 ) ) ;
#3280 = DIRECTION ( 'NONE',  ( -2.503811017409750534E-15, 7.892832678386689141E-15, -1.000000000000000000 ) ) ;
#3281 = CARTESIAN_POINT ( 'NONE',  ( -9.911010900246202127, -6.904042191923034366, 3.848297620505066963 ) ) ;
#3282 = ORIENTED_EDGE ( 'NONE', *, *, #1439, .T. ) ;
#3283 = ORIENTED_EDGE ( 'NONE', *, *, #2455, .F. ) ;
#3284 = ORIENTED_EDGE ( 'NONE', *, *, #2239, .T. ) ;
#3285 = DIRECTION ( 'NONE',  ( -0.8501817746811739518, 0.5264892686465411087, 6.304819211771187490E-15 ) ) ;
#3286 = LINE ( 'NONE', #4784, #2829 ) ;
#3287 = DIRECTION ( 'NONE',  ( -1.671232596756055639E-14, 1.669169295443039344E-14, -1.000000000000000000 ) ) ;
#3288 = CARTESIAN_POINT ( 'NONE',  ( 2.707982978508880922, 10.53134825188903356, -6.904828307605881911E-14 ) ) ;
#3289 = DIRECTION ( 'NONE',  ( -0.8501817746811736187, 0.5264892686465417748, 6.068454779668997275E-15 ) ) ;
#3290 = VECTOR ( 'NONE', #1359, 1000.000000000000000 ) ;
#3291 = LINE ( 'NONE', #1137, #675 ) ;
#3292 = LINE ( 'NONE', #3722, #696 ) ;
#3293 = EDGE_CURVE ( 'NONE', #677, #3182, #4168, .T. ) ;
#3294 = EDGE_CURVE ( 'NONE', #2096, #1348, #1961, .T. ) ;
#3295 = ORIENTED_EDGE ( 'NONE', *, *, #348, .T. ) ;
#3296 = EDGE_CURVE ( 'NONE', #1237, #2386, #142, .T. ) ;
#3297 = ORIENTED_EDGE ( 'NONE', *, *, #4900, .F. ) ;
#3298 = CARTESIAN_POINT ( 'NONE',  ( -8.361999057007452052, -4.402677555807339438, 3.848297620505066963 ) ) ;
#3299 = ORIENTED_EDGE ( 'NONE', *, *, #16, .T. ) ;
#3300 = VERTEX_POINT ( 'NONE', #4528 ) ;
#3301 = CARTESIAN_POINT ( 'NONE',  ( -2.986970598160315848, -21.17462200321405774, 11.99999999999926636 ) ) ;
#3302 = ADVANCED_FACE ( 'NONE', ( #1906 ), #3119, .F. ) ;
#3303 = LINE ( 'NONE', #2133, #4588 ) ;
#3304 = DIRECTION ( 'NONE',  ( 5.204170427930421283E-15, -3.469446951953614189E-15, 1.000000000000000000 ) ) ;
#3305 = VECTOR ( 'NONE', #4458, 1000.000000000000000 ) ;
#3306 = VERTEX_POINT ( 'NONE', #3070 ) ;
#3307 = VECTOR ( 'NONE', #122, 999.9999999999998863 ) ;
#3308 = ORIENTED_EDGE ( 'NONE', *, *, #4152, .T. ) ;
#3309 = VERTEX_POINT ( 'NONE', #814 ) ;
#3310 = VECTOR ( 'NONE', #2165, 1000.000000000000000 ) ;
#3311 = FACE_BOUND ( 'NONE', #2341, .T. ) ;
#3312 = AXIS2_PLACEMENT_3D ( 'NONE', #739, #2299, #3419 ) ;
#3313 = CARTESIAN_POINT ( 'NONE',  ( 0.08483975836223141276, 6.134319756967155257, 5.399999999999973710 ) ) ;
#3314 = CARTESIAN_POINT ( 'NONE',  ( -3.026937165925077888, -5.094481995320433221, 2.499999999999999556 ) ) ;
#3315 = DIRECTION ( 'NONE',  ( -1.000000000000000000, 0.000000000000000000, 5.360242386507585046E-15 ) ) ;
#3316 = CARTESIAN_POINT ( 'NONE',  ( -8.827808427097444621, -6.104559607894829654, 2.098297620505063854 ) ) ;
#3317 = VECTOR ( 'NONE', #1448, 1000.000000000000000 ) ;
#3318 = ADVANCED_FACE ( 'NONE', ( #4625 ), #3493, .F. ) ;
#3319 = SPHERICAL_SURFACE ( 'NONE', #2108, 1.500000000000000000 ) ;
#3320 = EDGE_LOOP ( 'NONE', ( #3580, #3089, #3083, #780 ) ) ;
#3321 = VECTOR ( 'NONE', #3253, 1000.000000000000000 ) ;
#3322 = VECTOR ( 'NONE', #3392, 999.9999999999998863 ) ;
#3323 = AXIS2_PLACEMENT_3D ( 'NONE', #2743, #3184, #3209 ) ;
#3324 = LINE ( 'NONE', #292, #2088 ) ;
#3325 = FACE_OUTER_BOUND ( 'NONE', #4622, .T. ) ;
#3326 = EDGE_LOOP ( 'NONE', ( #296, #2046, #2740, #3698 ) ) ;
#3327 = VECTOR ( 'NONE', #3280, 1000.000000000000000 ) ;
#3328 = EDGE_LOOP ( 'NONE', ( #4107, #2009, #4314, #210 ) ) ;
#3329 = CARTESIAN_POINT ( 'NONE',  ( -9.767872263262885824, -14.08045843550015697, 2.499999999999324540 ) ) ;
#3330 = CARTESIAN_POINT ( 'NONE',  ( -13.50407361199132161, -22.01309931147605425, 13.99999999999931966 ) ) ;
#3331 = LINE ( 'NONE', #4175, #4729 ) ;
#3332 = ORIENTED_EDGE ( 'NONE', *, *, #4738, .T. ) ;
#3333 = VERTEX_POINT ( 'NONE', #1226 ) ;
#3334 = LINE ( 'NONE', #2185, #854 ) ;
#3335 = CARTESIAN_POINT ( 'NONE',  ( -6.636304186747394418, 9.020491249747921714, 10.40000000000004654 ) ) ;
#3336 = CARTESIAN_POINT ( 'NONE',  ( -8.295729324813818195, -12.65290968806398197, 7.499999999999320544 ) ) ;
#3337 = VERTEX_POINT ( 'NONE', #4899 ) ;
#3338 = VERTEX_POINT ( 'NONE', #1528 ) ;
#3339 = ORIENTED_EDGE ( 'NONE', *, *, #1738, .F. ) ;
#3340 = CARTESIAN_POINT ( 'NONE',  ( -0.1312461883690642372, -0.4184822345739998006, 9.499999999999319655 ) ) ;
#3341 = CARTESIAN_POINT ( 'NONE',  ( -0.1312461883690990705, -0.4184822345739781513, 2.999999999999999556 ) ) ;
#3342 = CARTESIAN_POINT ( 'NONE',  ( -0.8683311644742943702, -1.608736719127728199, 6.999999999999846345 ) ) ;
#3343 = FACE_OUTER_BOUND ( 'NONE', #4082, .T. ) ;
#3344 = VECTOR ( 'NONE', #862, 1000.000000000000000 ) ;
#3345 = LINE ( 'NONE', #3687, #1978 ) ;
#3346 = DIRECTION ( 'NONE',  ( -5.159289654151437636E-15, 3.194976318762540299E-15, -1.000000000000000000 ) ) ;
#3347 = EDGE_CURVE ( 'NONE', #1288, #682, #3869, .T. ) ;
#3348 = DIRECTION ( 'NONE',  ( 0.5264892686465385552, 0.8501817746811756171, 0.000000000000000000 ) ) ;
#3349 = CARTESIAN_POINT ( 'NONE',  ( -8.714893725969798055, -12.38009488613781350, 3.999999999999322764 ) ) ;
#3350 = ORIENTED_EDGE ( 'NONE', *, *, #4448, .T. ) ;
#3351 = EDGE_LOOP ( 'NONE', ( #2179, #4498, #2027, #1636 ) ) ;
#3352 = CARTESIAN_POINT ( 'NONE',  ( 2.764444789186810247, 4.257517526172261313, 12.00000000000000178 ) ) ;
#3353 = CARTESIAN_POINT ( 'NONE',  ( -8.295729324813811090, -12.65290968806398730, 8.999999999999321432 ) ) ;
#3354 = DIRECTION ( 'NONE',  ( -0.8501817746811738408, 0.5264892686465411087, 6.304819211771185913E-15 ) ) ;
#3355 = EDGE_LOOP ( 'NONE', ( #1986, #4491, #258, #3308 ) ) ;
#3356 = ORIENTED_EDGE ( 'NONE', *, *, #900, .F. ) ;
#3357 = AXIS2_PLACEMENT_3D ( 'NONE', #1571, #1200, #2715 ) ;
#3358 = PLANE ( 'NONE',  #3077 ) ;
#3359 = CARTESIAN_POINT ( 'NONE',  ( -7.383143893060232443, -2.632072007023980031, 7.100000000000029843 ) ) ;
#3360 = ORIENTED_EDGE ( 'NONE', *, *, #2047, .T. ) ;
#3361 = ORIENTED_EDGE ( 'NONE', *, *, #4741, .T. ) ;
#3362 = EDGE_CURVE ( 'NONE', #4105, #4726, #4221, .T. ) ;
#3363 = ADVANCED_FACE ( 'NONE', ( #839 ), #1952, .T. ) ;
#3364 = CIRCLE ( 'NONE', #3990, 1.084839758362283080 ) ;
#3365 = EDGE_CURVE ( 'NONE', #3457, #2554, #2723, .T. ) ;
#3366 = ORIENTED_EDGE ( 'NONE', *, *, #407, .T. ) ;
#3367 = LINE ( 'NONE', #3764, #974 ) ;
#3368 = DIRECTION ( 'NONE',  ( -0.8501817746811738408, 0.5264892686465411087, 6.304819211771185913E-15 ) ) ;
#3369 = FACE_OUTER_BOUND ( 'NONE', #1859, .T. ) ;
#3370 = CARTESIAN_POINT ( 'NONE',  ( -8.989654680114762542, -5.416224086230973178, 2.098297620505066963 ) ) ;
#3371 = DIRECTION ( 'NONE',  ( 0.5264892686465409977, 0.8501817746811739518, 0.000000000000000000 ) ) ;
#3372 = ORIENTED_EDGE ( 'NONE', *, *, #3723, .F. ) ;
#3373 = AXIS2_PLACEMENT_3D ( 'NONE', #2435, #512, #3137 ) ;
#3374 = LINE ( 'NONE', #4871, #3972 ) ;
#3375 = LINE ( 'NONE', #3775, #3619 ) ;
#3376 = ORIENTED_EDGE ( 'NONE', *, *, #3296, .F. ) ;
#3377 = CARTESIAN_POINT ( 'NONE',  ( -9.140838155855027125, -5.660357145272730151, 3.600000000000031175 ) ) ;
#3378 = PLANE ( 'NONE',  #226 ) ;
#3379 = DIRECTION ( 'NONE',  ( -0.8501817746811739518, 0.5264892686465411087, 6.304819211771187490E-15 ) ) ;
#3380 = ORIENTED_EDGE ( 'NONE', *, *, #3629, .T. ) ;
#3381 = ORIENTED_EDGE ( 'NONE', *, *, #4093, .T. ) ;
#3382 = EDGE_CURVE ( 'NONE', #2537, #867, #4720, .T. ) ;
#3383 = CARTESIAN_POINT ( 'NONE',  ( -0.6772328191324777924, 3.448286261085679705, 11.99999999999996092 ) ) ;
#3384 = VERTEX_POINT ( 'NONE', #2747 ) ;
#3385 = ORIENTED_EDGE ( 'NONE', *, *, #2640, .F. ) ;
#3386 = EDGE_LOOP ( 'NONE', ( #3527, #4100, #2641, #4003 ) ) ;
#3387 = PLANE ( 'NONE',  #2398 ) ;
#3388 = DIRECTION ( 'NONE',  ( 0.5264892686465434402, 0.8501817746811723975, 0.000000000000000000 ) ) ;
#3389 = LINE ( 'NONE', #1132, #703 ) ;
#3390 = AXIS2_PLACEMENT_3D ( 'NONE', #4142, #3346, #2226 ) ;
#3391 = EDGE_CURVE ( 'NONE', #2525, #2771, #3099, .T. ) ;
#3392 = DIRECTION ( 'NONE',  ( 0.8501817746811739518, -0.5264892686465409977, -6.304819211771186701E-15 ) ) ;
#3393 = AXIS2_PLACEMENT_3D ( 'NONE', #613, #1849, #1822 ) ;
#3394 = VECTOR ( 'NONE', #167, 999.9999999999998863 ) ;
#3395 = DIRECTION ( 'NONE',  ( -0.5264892686465411087, -0.8501817746811739518, -2.227791117754556158E-14 ) ) ;
#3396 = ORIENTED_EDGE ( 'NONE', *, *, #2048, .T. ) ;
#3397 = CYLINDRICAL_SURFACE ( 'NONE', #2909, 0.5000000000000024425 ) ;
#3398 = CARTESIAN_POINT ( 'NONE',  ( -2.663278092125747953, -22.55129304654173694, -5.562263640902579227E-14 ) ) ;
#3399 = DIRECTION ( 'NONE',  ( 0.5264892686465411087, 0.8501817746811739518, 2.241421087922945176E-14 ) ) ;
#3400 = ADVANCED_FACE ( 'NONE', ( #1601 ), #4262, .F. ) ;
#3401 = AXIS2_PLACEMENT_3D ( 'NONE', #2169, #718, #2967 ) ;
#3402 = CIRCLE ( 'NONE', #2043, 1.499999999999999112 ) ;
#3403 = ORIENTED_EDGE ( 'NONE', *, *, #920, .T. ) ;
#3404 = DIRECTION ( 'NONE',  ( -0.8501817746811739518, 0.5264892686465409977, 0.000000000000000000 ) ) ;
#3405 = CIRCLE ( 'NONE', #4120, 1.500000000000000000 ) ;
#3406 = CARTESIAN_POINT ( 'NONE',  ( -9.596354606736706927, -18.55192434103973653, 12.49999999999931077 ) ) ;
#3407 = DIRECTION ( 'NONE',  ( 5.377642775528101204E-15, -3.469446951953613794E-15, 1.000000000000000000 ) ) ;
#3408 = DIRECTION ( 'NONE',  ( 0.8501817746811739518, -0.5264892686465409977, -6.304819211771186701E-15 ) ) ;
#3409 = VECTOR ( 'NONE', #590, 999.9999999999998863 ) ;
#3410 = VECTOR ( 'NONE', #1765, 1000.000000000000000 ) ;
#3411 = ORIENTED_EDGE ( 'NONE', *, *, #102, .T. ) ;
#3412 = ORIENTED_EDGE ( 'NONE', *, *, #4334, .F. ) ;
#3413 = PLANE ( 'NONE',  #4206 ) ;
#3414 = CARTESIAN_POINT ( 'NONE',  ( -9.128299995249006926, -5.640110359117604943, 5.098297620505066519 ) ) ;
#3415 = ORIENTED_EDGE ( 'NONE', *, *, #1617, .F. ) ;
#3416 = ORIENTED_EDGE ( 'NONE', *, *, #597, .T. ) ;
#3417 = CARTESIAN_POINT ( 'NONE',  ( -6.195627508012026219, -20.65788141562590141, 9.999999999999285905 ) ) ;
#3418 = LINE ( 'NONE', #15, #1104 ) ;
#3419 = DIRECTION ( 'NONE',  ( 0.5264892686465409977, 0.8501817746811739518, 0.000000000000000000 ) ) ;
#3420 = PLANE ( 'NONE',  #4406 ) ;
#3421 = ADVANCED_FACE ( 'NONE', ( #1878 ), #3397, .F. ) ;
#3422 = ORIENTED_EDGE ( 'NONE', *, *, #879, .F. ) ;
#3423 = LINE ( 'NONE', #20, #1796 ) ;
#3424 = LINE ( 'NONE', #453, #3344 ) ;
#3425 = FACE_OUTER_BOUND ( 'NONE', #4563, .T. ) ;
#3426 = EDGE_CURVE ( 'NONE', #4159, #1042, #3423, .T. ) ;
#3427 = VERTEX_POINT ( 'NONE', #2673 ) ;
#3428 = CARTESIAN_POINT ( 'NONE',  ( -13.50407361199131984, -22.01309931147605425, 13.99999999999931610 ) ) ;
#3429 = SURFACE_STYLE_USAGE ( .BOTH. , #1912 ) ;
#3430 = CARTESIAN_POINT ( 'NONE',  ( -9.930572058824838066, -6.935629807294490412, 3.600000000000031175 ) ) ;
#3431 = DIRECTION ( 'NONE',  ( 5.360242386507590568E-15, -3.319419655754070040E-15, 1.000000000000000000 ) ) ;
#3432 = ORIENTED_EDGE ( 'NONE', *, *, #4681, .T. ) ;
#3433 = VERTEX_POINT ( 'NONE', #2021 ) ;
#3434 = ORIENTED_EDGE ( 'NONE', *, *, #57, .T. ) ;
#3435 = CARTESIAN_POINT ( 'NONE',  ( -0.7577302128711876916, 0.4692370943326143462, 5.628877694817871433E-15 ) ) ;
#3436 = DIRECTION ( 'NONE',  ( 1.671232596756055639E-14, -1.669169295443039344E-14, 1.000000000000000000 ) ) ;
#3437 = ORIENTED_EDGE ( 'NONE', *, *, #4156, .F. ) ;
#3438 = VECTOR ( 'NONE', #831, 1000.000000000000000 ) ;
#3439 = LINE ( 'NONE', #4888, #4070 ) ;
#3440 = ORIENTED_EDGE ( 'NONE', *, *, #926, .T. ) ;
#3441 = PLANE ( 'NONE',  #551 ) ;
#3442 = FACE_OUTER_BOUND ( 'NONE', #1630, .T. ) ;
#3443 = LINE ( 'NONE', #4623, #3792 ) ;
#3444 = ORIENTED_EDGE ( 'NONE', *, *, #4388, .T. ) ;
#3445 = CARTESIAN_POINT ( 'NONE',  ( 2.201903265168275947, -25.85819265126312771, 1.499999999999902967 ) ) ;
#3446 = DIRECTION ( 'NONE',  ( 0.5264892686465415528, 0.8501817746811735077, 0.000000000000000000 ) ) ;
#3447 = VECTOR ( 'NONE', #2650, 1000.000000000000114 ) ;
#3448 = LINE ( 'NONE', #1556, #3762 ) ;
#3449 = PLANE ( 'NONE',  #3000 ) ;
#3450 = ADVANCED_FACE ( 'NONE', ( #2460 ), #3536, .F. ) ;
#3451 = PLANE ( 'NONE',  #225 ) ;
#3452 = EDGE_CURVE ( 'NONE', #2615, #4726, #930, .T. ) ;
#3453 = CARTESIAN_POINT ( 'NONE',  ( 1.262673961550931034, 11.42638000858817904, 3.599999999999945022 ) ) ;
#3454 = ADVANCED_FACE ( 'NONE', ( #3983 ), #144, .F. ) ;
#3455 = ORIENTED_EDGE ( 'NONE', *, *, #4021, .F. ) ;
#3456 = ORIENTED_EDGE ( 'NONE', *, *, #2290, .F. ) ;
#3457 = VERTEX_POINT ( 'NONE', #2439 ) ;
#3458 = LINE ( 'NONE', #3383, #631 ) ;
#3459 = FACE_OUTER_BOUND ( 'NONE', #2393, .T. ) ;
#3460 = EDGE_CURVE ( 'NONE', #2265, #3152, #4694, .T. ) ;
#3461 = DIRECTION ( 'NONE',  ( -0.5264892686465409977, -0.8501817746811739518, 2.909367349473797201E-17 ) ) ;
#3462 = ORIENTED_EDGE ( 'NONE', *, *, #3246, .F. ) ;
#3463 = LINE ( 'NONE', #2345, #3954 ) ;
#3464 = LINE ( 'NONE', #3767, #4805 ) ;
#3465 = CARTESIAN_POINT ( 'NONE',  ( 1.857801203827778469, 11.05783752053561209, 6.099999999999941025 ) ) ;
#3466 = EDGE_CURVE ( 'NONE', #2161, #2615, #1298, .T. ) ;
#3467 = CARTESIAN_POINT ( 'NONE',  ( -5.882661575716294777, -25.85062176396051115, 11.99999999999926636 ) ) ;
#3468 = DIRECTION ( 'NONE',  ( 5.493291007259890447E-15, -2.891205793294679411E-15, 1.000000000000000000 ) ) ;
#3469 = LINE ( 'NONE', #2703, #419 ) ;
#3470 = CIRCLE ( 'NONE', #386, 1.784839758362324780 ) ;
#3471 = CARTESIAN_POINT ( 'NONE',  ( 1.448221617570456976, 2.132063089469327100, 11.99999999999994493 ) ) ;
#3472 = AXIS2_PLACEMENT_3D ( 'NONE', #858, #4218, #3117 ) ;
#3473 = DIRECTION ( 'NONE',  ( -0.5264892686465404426, -0.8501817746811741738, 0.000000000000000000 ) ) ;
#3474 = AXIS2_PLACEMENT_3D ( 'NONE', #3214, #3240, #213 ) ;
#3475 = CARTESIAN_POINT ( 'NONE',  ( -6.636304186747345568, 9.020491249748086915, 2.900000000000046985 ) ) ;
#3476 = DIRECTION ( 'NONE',  ( -6.288372600415924140E-15, -2.197316402903954917E-14, 1.000000000000000000 ) ) ;
#3477 = CARTESIAN_POINT ( 'NONE',  ( -8.714893725969798055, -12.38009488613781350, 3.999999999999322764 ) ) ;
#3478 = VECTOR ( 'NONE', #885, 1000.000000000000000 ) ;
#3479 = VERTEX_POINT ( 'NONE', #538 ) ;
#3480 = ORIENTED_EDGE ( 'NONE', *, *, #1680, .T. ) ;
#3481 = VECTOR ( 'NONE', #4612, 1000.000000000000114 ) ;
#3482 = DIRECTION ( 'NONE',  ( 5.782411586589355667E-15, -3.469446951953613400E-15, 1.000000000000000000 ) ) ;
#3483 = AXIS2_PLACEMENT_3D ( 'NONE', #726, #2258, #4128 ) ;
#3484 = DIRECTION ( 'NONE',  ( -1.000000000000000000, 0.000000000000000000, 1.599059642315789520E-14 ) ) ;
#3485 = VECTOR ( 'NONE', #994, 999.9999999999998863 ) ;
#3486 = ORIENTED_EDGE ( 'NONE', *, *, #348, .F. ) ;
#3487 = PLANE ( 'NONE',  #3589 ) ;
#3488 = ORIENTED_EDGE ( 'NONE', *, *, #383, .T. ) ;
#3489 = DIRECTION ( 'NONE',  ( -0.5264892686465403315, -0.8501817746811742849, 0.000000000000000000 ) ) ;
#3490 = PLANE ( 'NONE',  #2991 ) ;
#3491 = DIRECTION ( 'NONE',  ( -0.5264892686465441063, -0.8501817746811719534, 1.129958009204315258E-14 ) ) ;
#3492 = FACE_OUTER_BOUND ( 'NONE', #4393, .T. ) ;
#3493 = PLANE ( 'NONE',  #2904 ) ;
#3494 = CARTESIAN_POINT ( 'NONE',  ( 4.092366378073212019, 3.552801800670521981, 13.99999999999998934 ) ) ;
#3495 = DIRECTION ( 'NONE',  ( 0.8501817746811739518, -0.5264892686465409977, -6.304819211771186701E-15 ) ) ;
#3496 = EDGE_CURVE ( 'NONE', #1355, #2219, #2002, .T. ) ;
#3497 = FACE_OUTER_BOUND ( 'NONE', #4309, .T. ) ;
#3498 = DIRECTION ( 'NONE',  ( 0.8501817746811739518, -0.5264892686465411087, -6.304819211771186701E-15 ) ) ;
#3499 = FACE_OUTER_BOUND ( 'NONE', #3788, .T. ) ;
#3500 = EDGE_LOOP ( 'NONE', ( #8, #2960, #1707, #4771 ) ) ;
#3501 = VERTEX_POINT ( 'NONE', #1274 ) ;
#3502 = ORIENTED_EDGE ( 'NONE', *, *, #1186, .F. ) ;
#3503 = DIRECTION ( 'NONE',  ( -1.000000000000000000, 0.000000000000000000, 5.425512162932543562E-15 ) ) ;
#3504 = VECTOR ( 'NONE', #3819, 1000.000000000000114 ) ;
#3505 = ORIENTED_EDGE ( 'NONE', *, *, #236, .T. ) ;
#3506 = FACE_OUTER_BOUND ( 'NONE', #676, .T. ) ;
#3507 = VERTEX_POINT ( 'NONE', #4737 ) ;
#3508 = DIRECTION ( 'NONE',  ( -0.5264892686465411087, -0.8501817746811739518, -6.520668215098377659E-18 ) ) ;
#3509 = CARTESIAN_POINT ( 'NONE',  ( -8.714893725969789173, -12.38009488613781883, 5.499999999999323208 ) ) ;
#3510 = EDGE_CURVE ( 'NONE', #3707, #460, #472, .T. ) ;
#3511 = EDGE_CURVE ( 'NONE', #4825, #2188, #564, .T. ) ;
#3512 = EDGE_CURVE ( 'NONE', #701, #1778, #1648, .T. ) ;
#3513 = VERTEX_POINT ( 'NONE', #3892 ) ;
#3514 = FACE_OUTER_BOUND ( 'NONE', #1282, .T. ) ;
#3515 = CARTESIAN_POINT ( 'NONE',  ( -3.132235019654400432, -5.264518350256662593, 0.09999999999999975575 ) ) ;
#3516 = CARTESIAN_POINT ( 'NONE',  ( 1.857801203827827097, 11.05783752053564051, 10.39999999999993818 ) ) ;
#3517 = CARTESIAN_POINT ( 'NONE',  ( -3.087385037636440455, -3.292720064652131740, 2.500000000000006217 ) ) ;
#3518 = CARTESIAN_POINT ( 'NONE',  ( 1.262673961550951462, 11.42638000858819147, 5.399999999999944400 ) ) ;
#3519 = ADVANCED_FACE ( 'NONE', ( #902 ), #4307, .F. ) ;
#3520 = CARTESIAN_POINT ( 'NONE',  ( -4.073439134127764483, 2.522545242054127446, 3.701699887694606740E-14 ) ) ;
#3521 = CARTESIAN_POINT ( 'NONE',  ( -0.7577302128711981277, 0.4692370943326209520, 5.571592847896754594E-15 ) ) ;
#3522 = ORIENTED_EDGE ( 'NONE', *, *, #2858, .T. ) ;
#3523 = ORIENTED_EDGE ( 'NONE', *, *, #4626, .T. ) ;
#3524 = ORIENTED_EDGE ( 'NONE', *, *, #1742, .T. ) ;
#3525 = LINE ( 'NONE', #2785, #2607 ) ;
#3526 = AXIS2_PLACEMENT_3D ( 'NONE', #3105, #1234, #4204 ) ;
#3527 = ORIENTED_EDGE ( 'NONE', *, *, #1950, .F. ) ;
#3528 = ORIENTED_EDGE ( 'NONE', *, *, #150, .T. ) ;
#3529 = EDGE_CURVE ( 'NONE', #2780, #2553, #1343, .T. ) ;
#3530 = DIRECTION ( 'NONE',  ( -0.5264892686465405536, -0.8501817746811741738, 0.000000000000000000 ) ) ;
#3531 = CARTESIAN_POINT ( 'NONE',  ( -9.348707862106905964, -14.35327323742632899, 6.499999999999320544 ) ) ;
#3532 = EDGE_CURVE ( 'NONE', #497, #84, #123, .T. ) ;
#3533 = DIRECTION ( 'NONE',  ( 5.194185423931037598E-15, -3.587570616369904219E-15, 1.000000000000000000 ) ) ;
#3534 = VERTEX_POINT ( 'NONE', #3932 ) ;
#3535 = CYLINDRICAL_SURFACE ( 'NONE', #615, 0.4999999999999990008 ) ;
#3536 = PLANE ( 'NONE',  #2036 ) ;
#3537 = CARTESIAN_POINT ( 'NONE',  ( 2.817093716051537466, 4.342535703640642453, -1.320461230704683421E-16 ) ) ;
#3538 = ADVANCED_FACE ( 'NONE', ( #191 ), #499, .F. ) ;
#3539 = ORIENTED_EDGE ( 'NONE', *, *, #2174, .T. ) ;
#3540 = DIRECTION ( 'NONE',  ( 0.8501817746811739518, -0.5264892686465409977, -6.304819211771186701E-15 ) ) ;
#3541 = ADVANCED_FACE ( 'NONE', ( #170 ), #1671, .F. ) ;
#3542 = VECTOR ( 'NONE', #475, 1000.000000000000114 ) ;
#3543 = CARTESIAN_POINT ( 'NONE',  ( -8.714893725969789173, -12.38009488613781883, 5.499999999999323208 ) ) ;
#3544 = CARTESIAN_POINT ( 'NONE',  ( -2.136788823479191191, -21.70111127186057587, 2.999999999999261480 ) ) ;
#3545 = DIRECTION ( 'NONE',  ( 0.5264892686465414418, 0.8501817746811736187, 0.000000000000000000 ) ) ;
#3546 = AXIS2_PLACEMENT_3D ( 'NONE', #4287, #518, #2020 ) ;
#3547 = ORIENTED_EDGE ( 'NONE', *, *, #3028, .T. ) ;
#3548 = ORIENTED_EDGE ( 'NONE', *, *, #1070, .T. ) ;
#3549 = VECTOR ( 'NONE', #4327, 1000.000000000000000 ) ;
#3550 = ORIENTED_EDGE ( 'NONE', *, *, #2239, .F. ) ;
#3551 = AXIS2_PLACEMENT_3D ( 'NONE', #2831, #4348, #949 ) ;
#3552 = CARTESIAN_POINT ( 'NONE',  ( -4.505990532388621794, -25.52692925792584688, 2.999999999999260147 ) ) ;
#3553 = VERTEX_POINT ( 'NONE', #4646 ) ;
#3554 = VERTEX_POINT ( 'NONE', #3914 ) ;
#3555 = CIRCLE ( 'NONE', #2041, 0.5000000000000024425 ) ;
#3556 = VECTOR ( 'NONE', #2208, 999.9999999999998863 ) ;
#3557 = CARTESIAN_POINT ( 'NONE',  ( 0.1651500107020082708, 4.808577100575631924, 8.599999999999996092 ) ) ;
#3558 = ADVANCED_FACE ( 'NONE', ( #1251 ), #882, .T. ) ;
#3559 = VECTOR ( 'NONE', #1358, 999.9999999999998863 ) ;
#3560 = LINE ( 'NONE', #4618, #3720 ) ;
#3561 = CARTESIAN_POINT ( 'NONE',  ( -2.794900409287332188, -22.76383849021205563, 8.749999999999259259 ) ) ;
#3562 = VECTOR ( 'NONE', #4776, 999.9999999999998863 ) ;
#3563 = CARTESIAN_POINT ( 'NONE',  ( -2.136788823479140564, -21.70111127186060074, 11.99999999999925926 ) ) ;
#3564 = DIRECTION ( 'NONE',  ( 0.8501817746811739518, -0.5264892686465409977, 0.000000000000000000 ) ) ;
#3565 = FACE_OUTER_BOUND ( 'NONE', #4577, .T. ) ;
#3566 = ORIENTED_EDGE ( 'NONE', *, *, #1272, .T. ) ;
#3567 = ADVANCED_FACE ( 'NONE', ( #3263 ), #2191, .F. ) ;
#3568 = CARTESIAN_POINT ( 'NONE',  ( -9.859599241060026387, -18.97701522838029931, 3.999999999999989786 ) ) ;
#3569 = FACE_OUTER_BOUND ( 'NONE', #656, .T. ) ;
#3570 = LINE ( 'NONE', #1302, #3600 ) ;
#3571 = DIRECTION ( 'NONE',  ( -0.8501817746811739518, 0.5264892686465411087, 6.381590766241914262E-15 ) ) ;
#3572 = EDGE_CURVE ( 'NONE', #19, #3033, #2510, .T. ) ;
#3573 = EDGE_CURVE ( 'NONE', #4137, #4410, #1031, .T. ) ;
#3574 = ORIENTED_EDGE ( 'NONE', *, *, #1434, .F. ) ;
#3575 = EDGE_CURVE ( 'NONE', #4178, #4160, #2563, .T. ) ;
#3576 = ORIENTED_EDGE ( 'NONE', *, *, #3879, .F. ) ;
#3577 = AXIS2_PLACEMENT_3D ( 'NONE', #4222, #2674, #3446 ) ;
#3578 = LINE ( 'NONE', #4748, #3803 ) ;
#3579 = ORIENTED_EDGE ( 'NONE', *, *, #1633, .T. ) ;
#3580 = ORIENTED_EDGE ( 'NONE', *, *, #1070, .F. ) ;
#3581 = PLANE ( 'NONE',  #1682 ) ;
#3582 = DIRECTION ( 'NONE',  ( 0.8501817746811739518, -0.5264892686465409977, -6.304819211771186701E-15 ) ) ;
#3583 = DIRECTION ( 'NONE',  ( 0.8501817746811739518, -0.5264892686465411087, -6.304819211771186701E-15 ) ) ;
#3584 = ORIENTED_EDGE ( 'NONE', *, *, #2306, .T. ) ;
#3585 = PLANE ( 'NONE',  #4573 ) ;
#3586 = CARTESIAN_POINT ( 'NONE',  ( -7.004846674799941830, 8.425364007471211281, 5.400000000000032330 ) ) ;
#3587 = DIRECTION ( 'NONE',  ( -1.000000000000000000, 0.000000000000000000, 1.652265922105290162E-14 ) ) ;
#3588 = DIRECTION ( 'NONE',  ( -0.8501817746811739518, 0.5264892686465409977, 0.000000000000000000 ) ) ;
#3589 = AXIS2_PLACEMENT_3D ( 'NONE', #850, #3461, #2366 ) ;
#3590 = LINE ( 'NONE', #4354, #1352 ) ;
#3591 = PLANE ( 'NONE',  #41 ) ;
#3592 = DIRECTION ( 'NONE',  ( -1.129180823346041990E-14, -6.298140460044057229E-15, -1.000000000000000000 ) ) ;
#3593 = ORIENTED_EDGE ( 'NONE', *, *, #1680, .F. ) ;
#3594 = EDGE_LOOP ( 'NONE', ( #3295, #3177, #3376, #1135 ) ) ;
#3595 = ADVANCED_FACE ( 'NONE', ( #2114 ), #639, .T. ) ;
#3596 = EDGE_CURVE ( 'NONE', #3943, #3754, #240, .T. ) ;
#3597 = DIRECTION ( 'NONE',  ( 0.8501817746811739518, -0.5264892686465409977, 0.000000000000000000 ) ) ;
#3598 = ORIENTED_EDGE ( 'NONE', *, *, #748, .F. ) ;
#3599 = VERTEX_POINT ( 'NONE', #2885 ) ;
#3600 = VECTOR ( 'NONE', #2818, 1000.000000000000000 ) ;
#3601 = FACE_OUTER_BOUND ( 'NONE', #4299, .T. ) ;
#3602 = VECTOR ( 'NONE', #3909, 1000.000000000000000 ) ;
#3603 = DIRECTION ( 'NONE',  ( -0.5264892686465403315, -0.8501817746811742849, 0.000000000000000000 ) ) ;
#3604 = EDGE_CURVE ( 'NONE', #3949, #4101, #1170, .T. ) ;
#3605 = LINE ( 'NONE', #4257, #1484 ) ;
#3606 = EDGE_CURVE ( 'NONE', #4708, #1007, #3286, .T. ) ;
#3607 = ORIENTED_EDGE ( 'NONE', *, *, #2059, .T. ) ;
#3608 = CARTESIAN_POINT ( 'NONE',  ( 0.8856800935519212326, -27.98364708796606593, 1.499999999999902967 ) ) ;
#3609 = CARTESIAN_POINT ( 'NONE',  ( -0.9814279630502732443, 0.1080070340725629435, 3.000000000000006217 ) ) ;
#3610 = DIRECTION ( 'NONE',  ( 0.5264892686465403315, 0.8501817746811742849, -0.000000000000000000 ) ) ;
#3611 = CARTESIAN_POINT ( 'NONE',  ( -1.182821100211772114, 0.7324817286558833462, 8.761423962536829512E-15 ) ) ;
#3612 = LINE ( 'NONE', #3987, #3409 ) ;
#3613 = FACE_OUTER_BOUND ( 'NONE', #1376, .T. ) ;
#3614 = CARTESIAN_POINT ( 'NONE',  ( -8.295729324813811090, -12.65290968806398730, 8.999999999999321432 ) ) ;
#3615 = ORIENTED_EDGE ( 'NONE', *, *, #3880, .T. ) ;
#3616 = EDGE_LOOP ( 'NONE', ( #2008, #2137, #3011, #1538 ) ) ;
#3617 = CARTESIAN_POINT ( 'NONE',  ( -0.6772328191324150648, 3.448286261085899529, 1.999999999999960920 ) ) ;
#3618 = LINE ( 'NONE', #873, #3321 ) ;
#3619 = VECTOR ( 'NONE', #2651, 1000.000000000000000 ) ;
#3620 = VERTEX_POINT ( 'NONE', #659 ) ;
#3621 = ORIENTED_EDGE ( 'NONE', *, *, #1691, .F. ) ;
#3622 = AXIS2_PLACEMENT_3D ( 'NONE', #4188, #1502, #3818 ) ;
#3623 = EDGE_CURVE ( 'NONE', #2771, #2852, #4396, .T. ) ;
#3624 = LINE ( 'NONE', #4387, #781 ) ;
#3625 = CARTESIAN_POINT ( 'NONE',  ( 1.857801203827799785, 11.05783752053562630, 7.899999999999941735 ) ) ;
#3626 = FACE_OUTER_BOUND ( 'NONE', #4466, .T. ) ;
#3627 = ORIENTED_EDGE ( 'NONE', *, *, #429, .T. ) ;
#3628 = ORIENTED_EDGE ( 'NONE', *, *, #2327, .F. ) ;
#3629 = EDGE_CURVE ( 'NONE', #3055, #4108, #4584, .T. ) ;
#3630 = AXIS2_PLACEMENT_3D ( 'NONE', #2352, #1625, #4649 ) ;
#3631 = AXIS2_PLACEMENT_3D ( 'NONE', #1197, #1921, #1217 ) ;
#3632 = VECTOR ( 'NONE', #3928, 1000.000000000000000 ) ;
#3633 = VERTEX_POINT ( 'NONE', #3683 ) ;
#3634 = CARTESIAN_POINT ( 'NONE',  ( -0.8374712326468720658, 6.705476247946005053, 2.899999999999999023 ) ) ;
#3635 = CARTESIAN_POINT ( 'NONE',  ( -2.309361650235385532, -24.82884505520362950, 8.749999999999252154 ) ) ;
#3636 = LINE ( 'NONE', #4739, #4037 ) ;
#3637 = DIRECTION ( 'NONE',  ( -6.213031107150535509E-15, -2.200809344962494082E-14, 1.000000000000000000 ) ) ;
#3638 = COLOUR_RGB ( '',0.7921568627450980005, 0.8196078431372548767, 0.9333333333333333481 ) ;
#3639 = AXIS2_PLACEMENT_3D ( 'NONE', #1548, #4215, #809 ) ;
#3640 = DIRECTION ( 'NONE',  ( 0.5264892686465409977, 0.8501817746811738408, -2.478176394252581141E-16 ) ) ;
#3641 = DIRECTION ( 'NONE',  ( 5.204170427930421283E-15, -3.122502256758252376E-15, 1.000000000000000000 ) ) ;
#3642 = PLANE ( 'NONE',  #2990 ) ;
#3643 = EDGE_LOOP ( 'NONE', ( #333, #4368, #1775 ) ) ;
#3644 = ORIENTED_EDGE ( 'NONE', *, *, #2349, .F. ) ;
#3645 = CARTESIAN_POINT ( 'NONE',  ( -8.989654680114744778, -5.416224086230983836, 5.098297620505067407 ) ) ;
#3646 = DIRECTION ( 'NONE',  ( 0.5264892686465434402, 0.8501817746811723975, 0.000000000000000000 ) ) ;
#3647 = ORIENTED_EDGE ( 'NONE', *, *, #1471, .T. ) ;
#3648 = EDGE_LOOP ( 'NONE', ( #273, #3, #2590, #1340 ) ) ;
#3649 = CARTESIAN_POINT ( 'NONE',  ( -8.989654680114762542, -5.416224086230973178, 2.127742343831789729 ) ) ;
#3650 = LINE ( 'NONE', #2558, #3327 ) ;
#3651 = LINE ( 'NONE', #1338, #2739 ) ;
#3652 = ORIENTED_EDGE ( 'NONE', *, *, #3629, .F. ) ;
#3653 = EDGE_LOOP ( 'NONE', ( #2584, #1122, #2907, #2648 ) ) ;
#3654 = ORIENTED_EDGE ( 'NONE', *, *, #207, .F. ) ;
#3655 = CARTESIAN_POINT ( 'NONE',  ( -12.45109507469808818, -20.31273576211344789, 12.49999999999932143 ) ) ;
#3656 = DIRECTION ( 'NONE',  ( 1.671232596756055639E-14, -1.669169295443039344E-14, 1.000000000000000000 ) ) ;
#3657 = EDGE_CURVE ( 'NONE', #2554, #1569, #287, .T. ) ;
#3658 = CARTESIAN_POINT ( 'NONE',  ( -5.618432999563134800, -6.430202529053590688, 12.99999999999933031 ) ) ;
#3659 = EDGE_CURVE ( 'NONE', #3901, #3197, #3161, .T. ) ;
#3660 = PLANE ( 'NONE',  #3871 ) ;
#3661 = EDGE_CURVE ( 'NONE', #3599, #894, #4201, .T. ) ;
#3662 = LINE ( 'NONE', #4428, #1249 ) ;
#3663 = FACE_OUTER_BOUND ( 'NONE', #3823, .T. ) ;
#3664 = DIRECTION ( 'NONE',  ( 0.8501817746811739518, -0.5264892686465411087, 0.000000000000000000 ) ) ;
#3665 = PLANE ( 'NONE',  #3789 ) ;
#3666 = VECTOR ( 'NONE', #3946, 999.9999999999998863 ) ;
#3667 = ORIENTED_EDGE ( 'NONE', *, *, #3532, .F. ) ;
#3668 = CIRCLE ( 'NONE', #4305, 0.5000000000000028866 ) ;
#3669 = ADVANCED_FACE ( 'NONE', ( #1470 ), #2912, .T. ) ;
#3670 = ORIENTED_EDGE ( 'NONE', *, *, #2204, .F. ) ;
#3671 = LINE ( 'NONE', #913, #2555 ) ;
#3672 = FACE_OUTER_BOUND ( 'NONE', #238, .T. ) ;
#3673 = ORIENTED_EDGE ( 'NONE', *, *, #1851, .T. ) ;
#3674 = VERTEX_POINT ( 'NONE', #1820 ) ;
#3675 = CARTESIAN_POINT ( 'NONE',  ( -9.859599241059981978, -18.97701522838032417, 12.49999999999931077 ) ) ;
#3676 = CARTESIAN_POINT ( 'NONE',  ( -7.906452206965989049, -4.616741502202784453, 3.848297620505064298 ) ) ;
#3677 = DIRECTION ( 'NONE',  ( 0.8501817746811739518, -0.5264892686465411087, 0.000000000000000000 ) ) ;
#3678 = VERTEX_POINT ( 'NONE', #260 ) ;
#3679 = EDGE_CURVE ( 'NONE', #234, #4317, #4451, .T. ) ;
#3680 = EDGE_LOOP ( 'NONE', ( #509, #742, #2402 ) ) ;
#3681 = ORIENTED_EDGE ( 'NONE', *, *, #2144, .F. ) ;
#3682 = CARTESIAN_POINT ( 'NONE',  ( -0.2033924773505654815, 4.213449858298826456, 7.899999999999981704 ) ) ;
#3683 = CARTESIAN_POINT ( 'NONE',  ( -3.026937165925042805, -5.094481995320453649, 8.999999999999319655 ) ) ;
#3684 = CARTESIAN_POINT ( 'NONE',  ( 1.262673961550980106, 11.42638000858820568, 7.899999999999945288 ) ) ;
#3685 = LINE ( 'NONE', #1472, #4016 ) ;
#3686 = AXIS2_PLACEMENT_3D ( 'NONE', #699, #3354, #3004 ) ;
#3687 = CARTESIAN_POINT ( 'NONE',  ( -3.877118940606203878, -4.567992726673921311, 11.49999999999932676 ) ) ;
#3688 = CARTESIAN_POINT ( 'NONE',  ( -1.432598474923673981, 7.074018735998555130, 7.899999999999917755 ) ) ;
#3689 = ORIENTED_EDGE ( 'NONE', *, *, #3730, .T. ) ;
#3690 = DIRECTION ( 'NONE',  ( -1.129180823346041990E-14, -6.298140460044057229E-15, -1.000000000000000000 ) ) ;
#3691 = CARTESIAN_POINT ( 'NONE',  ( 1.938658630845005781, -26.28328353860371536, 1.499999999999902967 ) ) ;
#3692 = EDGE_CURVE ( 'NONE', #2161, #1940, #3405, .T. ) ;
#3693 = ORIENTED_EDGE ( 'NONE', *, *, #2839, .T. ) ;
#3694 = ORIENTED_EDGE ( 'NONE', *, *, #3097, .F. ) ;
#3695 = PLANE ( 'NONE',  #1930 ) ;
#3696 = DIRECTION ( 'NONE',  ( 6.277507446913874559E-15, 2.211221068853061198E-14, -1.000000000000000000 ) ) ;
#3697 = CARTESIAN_POINT ( 'NONE',  ( -4.158457311595882722, 2.575194168918778725, 3.083014089451181532E-14 ) ) ;
#3698 = ORIENTED_EDGE ( 'NONE', *, *, #4296, .T. ) ;
#3699 = ORIENTED_EDGE ( 'NONE', *, *, #2267, .T. ) ;
#3700 = DIRECTION ( 'NONE',  ( -0.5264892686465411087, -0.8501817746811739518, 7.035926099099462855E-16 ) ) ;
#3701 = CARTESIAN_POINT ( 'NONE',  ( -1.519627747265591244, -23.55357239318185592, 5.249999999999250377 ) ) ;
#3702 = CIRCLE ( 'NONE', #3393, 1.500000000000001110 ) ;
#3703 = ORIENTED_EDGE ( 'NONE', *, *, #2993, .T. ) ;
#3704 = VECTOR ( 'NONE', #2700, 1000.000000000000000 ) ;
#3705 = ORIENTED_EDGE ( 'NONE', *, *, #3180, .T. ) ;
#3706 = EDGE_CURVE ( 'NONE', #2100, #3513, #715, .T. ) ;
#3707 = VERTEX_POINT ( 'NONE', #2298 ) ;
#3708 = AXIS2_PLACEMENT_3D ( 'NONE', #1981, #1507, #3847 ) ;
#3709 = CARTESIAN_POINT ( 'NONE',  ( -7.870638437473218119, -12.91615432238726058, 9.999999999999321432 ) ) ;
#3710 = VECTOR ( 'NONE', #2238, 1000.000000000000000 ) ;
#3711 = DIRECTION ( 'NONE',  ( 0.5264892686465415528, 0.8501817746811735077, 0.000000000000000000 ) ) ;
#3712 = DIRECTION ( 'NONE',  ( 1.000000000000000000, 0.000000000000000000, -5.303160305621901569E-15 ) ) ;
#3713 = LINE ( 'NONE', #1741, #4104 ) ;
#3714 = CARTESIAN_POINT ( 'NONE',  ( -0.2033924773505542127, 4.213449858298865536, 6.099999999999981881 ) ) ;
#3715 = VECTOR ( 'NONE', #3146, 1000.000000000000000 ) ;
#3716 = CARTESIAN_POINT ( 'NONE',  ( -0.8548592206691484341, 4.616881523681172439, 7.899999999999969269 ) ) ;
#3717 = VERTEX_POINT ( 'NONE', #1593 ) ;
#3718 = VECTOR ( 'NONE', #4015, 1000.000000000000114 ) ;
#3719 = AXIS2_PLACEMENT_3D ( 'NONE', #290, #1791, #1421 ) ;
#3720 = VECTOR ( 'NONE', #1995, 999.9999999999998863 ) ;
#3721 = CARTESIAN_POINT ( 'NONE',  ( 1.857801203827779801, 11.05783752053561564, 6.099999999999940137 ) ) ;
#3722 = CARTESIAN_POINT ( 'NONE',  ( -5.618432999563134800, -6.430202529053590688, 12.99999999999933031 ) ) ;
#3723 = EDGE_CURVE ( 'NONE', #1778, #1540, #469, .T. ) ;
#3724 = ORIENTED_EDGE ( 'NONE', *, *, #966, .T. ) ;
#3725 = EDGE_LOOP ( 'NONE', ( #621, #1426, #4358, #4611 ) ) ;
#3726 = CARTESIAN_POINT ( 'NONE',  ( -5.618432999563161445, -6.430202529053573812, 7.999999999999328537 ) ) ;
#3727 = DIRECTION ( 'NONE',  ( -0.8501817746811735077, 0.5264892686465416638, 6.068454779668996487E-15 ) ) ;
#3728 = EDGE_CURVE ( 'NONE', #3599, #2701, #1724, .T. ) ;
#3729 = DIRECTION ( 'NONE',  ( -1.000000000000000000, 0.000000000000000000, 5.490715714246305124E-15 ) ) ;
#3730 = EDGE_CURVE ( 'NONE', #3427, #3238, #3766, .T. ) ;
#3731 = ADVANCED_FACE ( 'NONE', ( #2271 ), #2246, .F. ) ;
#3732 = ORIENTED_EDGE ( 'NONE', *, *, #1020, .T. ) ;
#3733 = EDGE_LOOP ( 'NONE', ( #1795, #4633, #1608, #3106 ) ) ;
#3734 = LINE ( 'NONE', #1099, #2039 ) ;
#3735 = CARTESIAN_POINT ( 'NONE',  ( -0.2033924773505706995, 4.213449858298809581, 8.599999999999981881 ) ) ;
#3736 = ORIENTED_EDGE ( 'NONE', *, *, #2354, .F. ) ;
#3737 = ORIENTED_EDGE ( 'NONE', *, *, #1114, .T. ) ;
#3738 = ORIENTED_EDGE ( 'NONE', *, *, #3100, .F. ) ;
#3739 = CARTESIAN_POINT ( 'NONE',  ( -2.237203262955231864, -3.819209333298694276, 8.999999999999319655 ) ) ;
#3740 = CARTESIAN_POINT ( 'NONE',  ( -8.714893725969805161, -12.38009488613780817, 2.499999999999324096 ) ) ;
#3741 = DIRECTION ( 'NONE',  ( -0.8501817746811735077, 0.5264892686465416638, 6.068454779668996487E-15 ) ) ;
#3742 = DIRECTION ( 'NONE',  ( 0.8501817746811739518, -0.5264892686465409977, -6.304819211771186701E-15 ) ) ;
#3743 = CARTESIAN_POINT ( 'NONE',  ( -8.433206899759813524, -24.27115395802088926, 11.99999999999928590 ) ) ;
#3744 = DIRECTION ( 'NONE',  ( -0.5264892686465415528, -0.8501817746811735077, 0.000000000000000000 ) ) ;
#3745 = ORIENTED_EDGE ( 'NONE', *, *, #1291, .F. ) ;
#3746 = PLANE ( 'NONE',  #1069 ) ;
#3747 = PLANE ( 'NONE',  #1094 ) ;
#3748 = ADVANCED_FACE ( 'NONE', ( #65 ), #4889, .F. ) ;
#3749 = ORIENTED_EDGE ( 'NONE', *, *, #4232, .F. ) ;
#3750 = DIRECTION ( 'NONE',  ( 1.129180823346041990E-14, 6.298140460044057229E-15, 1.000000000000000000 ) ) ;
#3751 = CARTESIAN_POINT ( 'NONE',  ( -11.17582241267634657, -21.10246966508325883, 9.999999999999310774 ) ) ;
#3752 = CARTESIAN_POINT ( 'NONE',  ( -11.17582241267638743, -21.10246966508321620, 1.499999999999990230 ) ) ;
#3753 = ORIENTED_EDGE ( 'NONE', *, *, #541, .F. ) ;
#3754 = VERTEX_POINT ( 'NONE', #1501 ) ;
#3755 = EDGE_CURVE ( 'NONE', #1747, #529, #3244, .T. ) ;
#3756 = VECTOR ( 'NONE', #4083, 999.9999999999998863 ) ;
#3757 = DIRECTION ( 'NONE',  ( 0.8501817746811739518, -0.5264892686465411087, -6.304819211771186701E-15 ) ) ;
#3758 = EDGE_CURVE ( 'NONE', #2303, #4317, #3418, .T. ) ;
#3759 = CARTESIAN_POINT ( 'NONE',  ( -8.564563792774167794, -5.679468720554247341, 3.348297620505063854 ) ) ;
#3760 = ORIENTED_EDGE ( 'NONE', *, *, #4058, .F. ) ;
#3761 = VERTEX_POINT ( 'NONE', #1202 ) ;
#3762 = VECTOR ( 'NONE', #3540, 999.9999999999998863 ) ;
#3763 = ORIENTED_EDGE ( 'NONE', *, *, #294, .T. ) ;
#3764 = CARTESIAN_POINT ( 'NONE',  ( -8.351104252885216184, -4.385084483250969889, 3.600000000000031175 ) ) ;
#3765 = EDGE_CURVE ( 'NONE', #3761, #4506, #1872, .T. ) ;
#3766 = LINE ( 'NONE', #1107, #4730 ) ;
#3767 = CARTESIAN_POINT ( 'NONE',  ( -2.237203262955218541, -3.819209333298702713, 11.49999999999931966 ) ) ;
#3768 = FACE_OUTER_BOUND ( 'NONE', #3877, .T. ) ;
#3769 = EDGE_CURVE ( 'NONE', #874, #2684, #2619, .T. ) ;
#3770 = LINE ( 'NONE', #4504, #1167 ) ;
#3771 = ORIENTED_EDGE ( 'NONE', *, *, #1759, .F. ) ;
#3772 = DIRECTION ( 'NONE',  ( 0.5264892686465409977, 0.8501817746811739518, 2.097206842610691670E-16 ) ) ;
#3773 = AXIS2_PLACEMENT_3D ( 'NONE', #484, #1958, #3050 ) ;
#3774 = DIRECTION ( 'NONE',  ( 0.5264892686465414418, 0.8501817746811737297, 3.154042683594197093E-16 ) ) ;
#3775 = CARTESIAN_POINT ( 'NONE',  ( -8.564563792774174900, -5.679468720554243788, 2.098297620505063854 ) ) ;
#3776 = ORIENTED_EDGE ( 'NONE', *, *, #3832, .T. ) ;
#3777 = CARTESIAN_POINT ( 'NONE',  ( -7.864711951288639646, -12.90658415478434407, 0.9999999999993169908 ) ) ;
#3778 = PLANE ( 'NONE',  #2924 ) ;
#3779 = DIRECTION ( 'NONE',  ( -0.5264892686465411087, -0.8501817746811739518, 0.000000000000000000 ) ) ;
#3780 = DIRECTION ( 'NONE',  ( -5.377642775528101204E-15, 3.295974604355933085E-15, -1.000000000000000000 ) ) ;
#3781 = VERTEX_POINT ( 'NONE', #2319 ) ;
#3782 = VERTEX_POINT ( 'NONE', #4139 ) ;
#3783 = FACE_BOUND ( 'NONE', #2662, .T. ) ;
#3784 = ORIENTED_EDGE ( 'NONE', *, *, #3930, .T. ) ;
#3785 = ORIENTED_EDGE ( 'NONE', *, *, #1256, .T. ) ;
#3786 = ADVANCED_FACE ( 'NONE', ( #738 ), #3790, .F. ) ;
#3787 = DIRECTION ( 'NONE',  ( -1.000000000000000000, 0.000000000000000000, 1.679012624431773198E-14 ) ) ;
#3788 = EDGE_LOOP ( 'NONE', ( #2585, #784, #3350, #3566 ) ) ;
#3789 = AXIS2_PLACEMENT_3D ( 'NONE', #327, #3399, #2972 ) ;
#3790 = PLANE ( 'NONE',  #1811 ) ;
#3791 = DIRECTION ( 'NONE',  ( -1.000000000000000000, 0.000000000000000000, 5.360242386507585835E-15 ) ) ;
#3792 = VECTOR ( 'NONE', #1551, 999.9999999999998863 ) ;
#3793 = ADVANCED_FACE ( 'NONE', ( #1178 ), #3441, .F. ) ;
#3794 = DIRECTION ( 'NONE',  ( 0.5264892686465411087, 0.8501817746811739518, 2.210443882994788087E-14 ) ) ;
#3795 = VECTOR ( 'NONE', #3023, 1000.000000000000000 ) ;
#3796 = VECTOR ( 'NONE', #2932, 1000.000000000000000 ) ;
#3797 = FACE_BOUND ( 'NONE', #272, .T. ) ;
#3798 = EDGE_LOOP ( 'NONE', ( #3950, #1149, #3462, #3065 ) ) ;
#3799 = DIRECTION ( 'NONE',  ( -0.5264892686465397764, -0.8501817746811747289, 0.000000000000000000 ) ) ;
#3800 = CARTESIAN_POINT ( 'NONE',  ( -9.930572058824838066, -6.935629807294490412, 3.600000000000031175 ) ) ;
#3801 = DIRECTION ( 'NONE',  ( 1.129180823346041990E-14, 6.298140460044057229E-15, 1.000000000000000000 ) ) ;
#3802 = AXIS2_PLACEMENT_3D ( 'NONE', #3611, #3245, #2794 ) ;
#3803 = VECTOR ( 'NONE', #181, 1000.000000000000000 ) ;
#3804 = ORIENTED_EDGE ( 'NONE', *, *, #4330, .F. ) ;
#3805 = DIRECTION ( 'NONE',  ( -0.8501817746811739518, 0.5264892686465411087, 6.381590766241914262E-15 ) ) ;
#3806 = VECTOR ( 'NONE', #118, 1000.000000000000114 ) ;
#3807 = DIRECTION ( 'NONE',  ( -0.8501817746811738408, 0.5264892686465411087, 6.304819211771185913E-15 ) ) ;
#3808 = CARTESIAN_POINT ( 'NONE',  ( -9.348707862106886424, -14.35327323742633965, 9.999999999999319655 ) ) ;
#3809 = AXIS2_PLACEMENT_3D ( 'NONE', #3173, #2800, #3218 ) ;
#3810 = CIRCLE ( 'NONE', #4820, 1.784839758362241513 ) ;
#3811 = ORIENTED_EDGE ( 'NONE', *, *, #180, .F. ) ;
#3812 = ORIENTED_EDGE ( 'NONE', *, *, #1054, .T. ) ;
#3813 = DIRECTION ( 'NONE',  ( -0.5264892686465408866, -0.8501817746811740628, 0.000000000000000000 ) ) ;
#3814 = ORIENTED_EDGE ( 'NONE', *, *, #2139, .T. ) ;
#3815 = CARTESIAN_POINT ( 'NONE',  ( -0.2033924773505659256, 4.213449858298825568, 7.899999999999983480 ) ) ;
#3816 = ORIENTED_EDGE ( 'NONE', *, *, #1345, .F. ) ;
#3817 = CARTESIAN_POINT ( 'NONE',  ( -2.309361650235386421, -24.82884505520362950, 8.749999999999252154 ) ) ;
#3818 = DIRECTION ( 'NONE',  ( 1.000000000000000000, 0.000000000000000000, -5.360242386507589779E-15 ) ) ;
#3819 = DIRECTION ( 'NONE',  ( 0.1868839554937630210, -0.7948213974508204771, 0.5773502691896228445 ) ) ;
#3820 = FACE_BOUND ( 'NONE', #4325, .T. ) ;
#3821 = EDGE_CURVE ( 'NONE', #2318, #1631, #3007, .T. ) ;
#3822 = EDGE_CURVE ( 'NONE', #3885, #1152, #3463, .T. ) ;
#3823 = EDGE_LOOP ( 'NONE', ( #1939, #3277, #2173, #390, #2383, #2807, #593, #381 ) ) ;
#3824 = VECTOR ( 'NONE', #3774, 1000.000000000000000 ) ;
#3825 = DIRECTION ( 'NONE',  ( 0.5264892686465422189, 0.8501817746811731746, 0.000000000000000000 ) ) ;
#3826 = EDGE_CURVE ( 'NONE', #1097, #2598, #38, .T. ) ;
#3827 = LINE ( 'NONE', #2377, #4441 ) ;
#3828 = PLANE ( 'NONE',  #736 ) ;
#3829 = CARTESIAN_POINT ( 'NONE',  ( -12.18785044037481669, -19.88764487477286025, 12.49999999999932143 ) ) ;
#3830 = DIRECTION ( 'NONE',  ( 0.5264892686465415528, 0.8501817746811735077, 0.000000000000000000 ) ) ;
#3831 = CARTESIAN_POINT ( 'NONE',  ( 0.08483975836231498480, 6.134319756967071768, 10.39999999999995772 ) ) ;
#3832 = EDGE_CURVE ( 'NONE', #937, #3333, #4659, .T. ) ;
#3833 = ORIENTED_EDGE ( 'NONE', *, *, #4063, .F. ) ;
#3834 = VERTEX_POINT ( 'NONE', #3066 ) ;
#3835 = ORIENTED_EDGE ( 'NONE', *, *, #3604, .T. ) ;
#3836 = DIRECTION ( 'NONE',  ( -1.671232596756055639E-14, 1.669169295443039344E-14, -1.000000000000000000 ) ) ;
#3837 = DIRECTION ( 'NONE',  ( -0.5264892686465415528, -0.8501817746811735077, -3.154042683594181315E-16 ) ) ;
#3838 = CIRCLE ( 'NONE', #264, 0.5000000000000018874 ) ;
#3839 = AXIS2_PLACEMENT_3D ( 'NONE', #4362, #2477, #3183 ) ;
#3840 = LINE ( 'NONE', #1946, #2722 ) ;
#3841 = ORIENTED_EDGE ( 'NONE', *, *, #2691, .T. ) ;
#3842 = DIRECTION ( 'NONE',  ( 0.8501817746811739518, -0.5264892686465409977, -6.304819211771186701E-15 ) ) ;
#3843 = CYLINDRICAL_SURFACE ( 'NONE', #3312, 0.5000000000000028866 ) ;
#3844 = CARTESIAN_POINT ( 'NONE',  ( -11.17582241267637855, -21.10246966508323396, 3.999999999999990674 ) ) ;
#3845 = FACE_OUTER_BOUND ( 'NONE', #3069, .T. ) ;
#3846 = VERTEX_POINT ( 'NONE', #4237 ) ;
#3847 = DIRECTION ( 'NONE',  ( 0.5264892686465409977, 0.8501817746811739518, 0.000000000000000000 ) ) ;
#3848 = CARTESIAN_POINT ( 'NONE',  ( -8.295729324813803984, -12.65290968806398908, 9.999999999999321432 ) ) ;
#3849 = LINE ( 'NONE', #3122, #1598 ) ;
#3850 = CIRCLE ( 'NONE', #2970, 0.5000000000000028866 ) ;
#3851 = CARTESIAN_POINT ( 'NONE',  ( -0.1312461883690910769, -0.4184822345739832028, 4.500000000000005329 ) ) ;
#3852 = AXIS2_PLACEMENT_3D ( 'NONE', #496, #1996, #119 ) ;
#3853 = DIRECTION ( 'NONE',  ( 0.8501817746811738408, -0.5264892686465411087, -6.304819211771186701E-15 ) ) ;
#3854 = DIRECTION ( 'NONE',  ( 0.8501817746811739518, -0.5264892686465411087, -6.304819211771187490E-15 ) ) ;
#3855 = DIRECTION ( 'NONE',  ( 1.671232596756055639E-14, -1.669169295443039344E-14, 1.000000000000000000 ) ) ;
#3856 = AXIS2_PLACEMENT_3D ( 'NONE', #3697, #303, #1862 ) ;
#3857 = VERTEX_POINT ( 'NONE', #2667 ) ;
#3858 = VERTEX_POINT ( 'NONE', #4187 ) ;
#3859 = VERTEX_POINT ( 'NONE', #785 ) ;
#3860 = LINE ( 'NONE', #4425, #162 ) ;
#3861 = DIRECTION ( 'NONE',  ( -0.7948213974508223645, -0.1868839554937613279, -0.5773502691896208461 ) ) ;
#3862 = ORIENTED_EDGE ( 'NONE', *, *, #3977, .T. ) ;
#3863 = CARTESIAN_POINT ( 'NONE',  ( -9.485920012905614485, -7.167286826246304976, 3.848297620505064298 ) ) ;
#3864 = EDGE_LOOP ( 'NONE', ( #426, #1500, #2758, #1783 ) ) ;
#3865 = DIRECTION ( 'NONE',  ( -6.938893903907228378E-15, 3.469446951953614189E-15, -1.000000000000000000 ) ) ;
#3866 = LINE ( 'NONE', #2272, #1011 ) ;
#3867 = EDGE_CURVE ( 'NONE', #3949, #2635, #2456, .T. ) ;
#3868 = CARTESIAN_POINT ( 'NONE',  ( -11.43906704699961807, -21.52756055242384647, 9.999999999999310774 ) ) ;
#3869 = LINE ( 'NONE', #2702, #3542 ) ;
#3870 = PLANE ( 'NONE',  #2708 ) ;
#3871 = AXIS2_PLACEMENT_3D ( 'NONE', #3266, #1790, #4786 ) ;
#3872 = CARTESIAN_POINT ( 'NONE',  ( -6.636304186747378431, 9.020491249747978557, 7.900000000000047429 ) ) ;
#3873 = DIRECTION ( 'NONE',  ( -5.360242386507587413E-15, 3.319419655754073195E-15, -1.000000000000000000 ) ) ;
#3874 = CARTESIAN_POINT ( 'NONE',  ( -0.9814279630502732443, 0.1080070340725629435, 3.000000000000006217 ) ) ;
#3875 = ORIENTED_EDGE ( 'NONE', *, *, #465, .F. ) ;
#3876 = VECTOR ( 'NONE', #1675, 999.9999999999998863 ) ;
#3877 = EDGE_LOOP ( 'NONE', ( #2149, #4001, #1586, #13 ) ) ;
#3878 = EDGE_LOOP ( 'NONE', ( #3274, #115, #1941, #2962, #504 ) ) ;
#3879 = EDGE_CURVE ( 'NONE', #4410, #2553, #1270, .T. ) ;
#3880 = EDGE_CURVE ( 'NONE', #2995, #2188, #4641, .T. ) ;
#3881 = VECTOR ( 'NONE', #4352, 1000.000000000000000 ) ;
#3882 = EDGE_CURVE ( 'NONE', #4344, #2653, #1243, .T. ) ;
#3883 = CARTESIAN_POINT ( 'NONE',  ( 0.1651500107020288655, 4.808577100575702978, 5.399999999999997691 ) ) ;
#3884 = AXIS2_PLACEMENT_3D ( 'NONE', #3817, #4500, #367 ) ;
#3885 = VERTEX_POINT ( 'NONE', #4666 ) ;
#3886 = CARTESIAN_POINT ( 'NONE',  ( -6.636304186747394418, 9.020491249747921714, 10.40000000000004654 ) ) ;
#3887 = CARTESIAN_POINT ( 'NONE',  ( -0.8374712326468652934, 6.705476247945984625, 5.399999999999998579 ) ) ;
#3888 = CARTESIAN_POINT ( 'NONE',  ( -4.374368215226976275, -25.31438381425556727, 5.249999999999259259 ) ) ;
#3889 = CARTESIAN_POINT ( 'NONE',  ( -6.636304186747397971, 9.020491249747905727, 11.10000000000004583 ) ) ;
#3890 = ORIENTED_EDGE ( 'NONE', *, *, #1992, .T. ) ;
#3891 = CARTESIAN_POINT ( 'NONE',  ( 0.08483975836220132571, 6.134319756967185455, 3.599999999999972999 ) ) ;
#3892 = CARTESIAN_POINT ( 'NONE',  ( -8.714893725969805161, -12.38009488613780817, 2.499999999999324096 ) ) ;
#3893 = LINE ( 'NONE', #3101, #1199 ) ;
#3894 = DIRECTION ( 'NONE',  ( -0.5264892686465441063, -0.8501817746811719534, 1.129958009204315258E-14 ) ) ;
#3895 = LINE ( 'NONE', #454, #2476 ) ;
#3896 = CARTESIAN_POINT ( 'NONE',  ( -11.43906704699963228, -21.52756055242382516, 6.999999999999309885 ) ) ;
#3897 = CARTESIAN_POINT ( 'NONE',  ( -8.827808427097439292, -6.104559607894836759, 3.848297620505064298 ) ) ;
#3898 = EDGE_CURVE ( 'NONE', #2013, #2852, #897, .T. ) ;
#3899 = ORIENTED_EDGE ( 'NONE', *, *, #3930, .F. ) ;
#3900 = EDGE_LOOP ( 'NONE', ( #4814, #4251 ) ) ;
#3901 = VERTEX_POINT ( 'NONE', #3887 ) ;
#3902 = ADVANCED_FACE ( 'NONE', ( #2767 ), #2082, .F. ) ;
#3903 = CARTESIAN_POINT ( 'NONE',  ( -0.6772328191324777924, 3.448286261085679705, 11.99999999999996092 ) ) ;
#3904 = VECTOR ( 'NONE', #1278, 1000.000000000000000 ) ;
#3905 = VERTEX_POINT ( 'NONE', #1310 ) ;
#3906 = ORIENTED_EDGE ( 'NONE', *, *, #1020, .F. ) ;
#3907 = DIRECTION ( 'NONE',  ( 5.377642775528102782E-15, -3.122502256758253164E-15, 1.000000000000000000 ) ) ;
#3908 = CARTESIAN_POINT ( 'NONE',  ( -7.383143893060269747, -2.632072007023956495, 0.1000000000000312861 ) ) ;
#3909 = DIRECTION ( 'NONE',  ( -5.782411586589355667E-15, 3.469446951953613400E-15, -1.000000000000000000 ) ) ;
#3910 = CARTESIAN_POINT ( 'NONE',  ( -2.237203262955218541, -3.819209333298702713, 11.49999999999932676 ) ) ;
#3911 = EDGE_CURVE ( 'NONE', #4745, #1750, #1688, .T. ) ;
#3912 = ORIENTED_EDGE ( 'NONE', *, *, #1829, .F. ) ;
#3913 = DIRECTION ( 'NONE',  ( 0.5264892686465411087, 0.8501817746811739518, 2.210443882994788087E-14 ) ) ;
#3914 = CARTESIAN_POINT ( 'NONE',  ( -6.458872142335327027, -21.08297230296646774, 3.999999999999964473 ) ) ;
#3915 = LINE ( 'NONE', #1982, #1667 ) ;
#3916 = CARTESIAN_POINT ( 'NONE',  ( -10.87162726875848229, -17.76219043806992559, 9.999999999999319655 ) ) ;
#3917 = LINE ( 'NONE', #1655, #4724 ) ;
#3918 = CARTESIAN_POINT ( 'NONE',  ( -9.225856333323143588, -5.607708218408076206, 3.600000000000031619 ) ) ;
#3919 = ORIENTED_EDGE ( 'NONE', *, *, #4280, .T. ) ;
#3920 = ORIENTED_EDGE ( 'NONE', *, *, #1108, .T. ) ;
#3921 = EDGE_CURVE ( 'NONE', #256, #1066, #533, .T. ) ;
#3922 = ORIENTED_EDGE ( 'NONE', *, *, #7, .T. ) ;
#3923 = CARTESIAN_POINT ( 'NONE',  ( -7.383143893060269747, -2.632072007023956495, 0.1000000000000312861 ) ) ;
#3924 = AXIS2_PLACEMENT_3D ( 'NONE', #3874, #2310, #3147 ) ;
#3925 = ORIENTED_EDGE ( 'NONE', *, *, #3964, .T. ) ;
#3926 = VERTEX_POINT ( 'NONE', #2015 ) ;
#3927 = DIRECTION ( 'NONE',  ( -0.8501817746811739518, 0.5264892686465411087, 6.304819211771187490E-15 ) ) ;
#3928 = DIRECTION ( 'NONE',  ( 6.277507446913876925E-15, 2.211221068853061198E-14, -1.000000000000000000 ) ) ;
#3929 = DIRECTION ( 'NONE',  ( 5.204170427930421283E-15, -3.469446951953614189E-15, 1.000000000000000000 ) ) ;
#3930 = EDGE_CURVE ( 'NONE', #1240, #3926, #1253, .T. ) ;
#3931 = PLANE ( 'NONE',  #3942 ) ;
#3932 = CARTESIAN_POINT ( 'NONE',  ( -8.295729324813786221, -12.65290968806398197, 11.49999999999932321 ) ) ;
#3933 = EDGE_CURVE ( 'NONE', #3858, #752, #3560, .T. ) ;
#3934 = ADVANCED_FACE ( 'NONE', ( #208 ), #3113, .F. ) ;
#3935 = EDGE_CURVE ( 'NONE', #3197, #4410, #185, .T. ) ;
#3936 = LINE ( 'NONE', #2486, #1647 ) ;
#3937 = ORIENTED_EDGE ( 'NONE', *, *, #789, .F. ) ;
#3938 = CARTESIAN_POINT ( 'NONE',  ( -3.087385037636440455, -3.292720064652131740, 2.500000000000006217 ) ) ;
#3939 = VECTOR ( 'NONE', #3025, 1000.000000000000000 ) ;
#3940 = DIRECTION ( 'NONE',  ( 0.2288851660363601104, -0.9734534302001857098, -4.230767945127510975E-15 ) ) ;
#3941 = FACE_OUTER_BOUND ( 'NONE', #3798, .T. ) ;
#3942 = AXIS2_PLACEMENT_3D ( 'NONE', #3563, #977, #4693 ) ;
#3943 = VERTEX_POINT ( 'NONE', #3531 ) ;
#3944 = VECTOR ( 'NONE', #3468, 1000.000000000000000 ) ;
#3945 = ORIENTED_EDGE ( 'NONE', *, *, #3657, .T. ) ;
#3946 = DIRECTION ( 'NONE',  ( 0.8501817746811739518, -0.5264892686465409977, -6.304819211771186701E-15 ) ) ;
#3947 = VECTOR ( 'NONE', #1410, 999.9999999999998863 ) ;
#3948 = PLANE ( 'NONE',  #4507 ) ;
#3949 = VERTEX_POINT ( 'NONE', #1665 ) ;
#3950 = ORIENTED_EDGE ( 'NONE', *, *, #4091, .F. ) ;
#3951 = AXIS2_PLACEMENT_3D ( 'NONE', #4854, #1067, #989 ) ;
#3952 = LINE ( 'NONE', #1292, #1212 ) ;
#3953 = AXIS2_PLACEMENT_3D ( 'NONE', #4846, #642, #1852 ) ;
#3954 = VECTOR ( 'NONE', #4524, 1000.000000000000000 ) ;
#3955 = DIRECTION ( 'NONE',  ( 0.8501817746811739518, -0.5264892686465411087, -6.304819211771186701E-15 ) ) ;
#3956 = CARTESIAN_POINT ( 'NONE',  ( -12.22880094996947875, -22.80283321444555966, -6.945809395067586351E-13 ) ) ;
#3957 =( GEOMETRIC_REPRESENTATION_CONTEXT ( 3 ) GLOBAL_UNCERTAINTY_ASSIGNED_CONTEXT ( ( #2361 ) ) GLOBAL_UNIT_ASSIGNED_CONTEXT ( ( #80, #3029, #2705 ) ) REPRESENTATION_CONTEXT ( 'NONE', 'WORKASPACE' ) );
#3958 = VECTOR ( 'NONE', #2314, 1000.000000000000000 ) ;
#3959 = EDGE_LOOP ( 'NONE', ( #1467, #3654, #3221, #4561, #713, #1356, #3381, #1239 ) ) ;
#3960 = PLANE ( 'NONE',  #301 ) ;
#3961 = DIRECTION ( 'NONE',  ( 0.5264892686465415528, 0.8501817746811735077, 0.000000000000000000 ) ) ;
#3962 = PLANE ( 'NONE',  #394 ) ;
#3963 = EDGE_CURVE ( 'NONE', #3236, #2589, #2119, .T. ) ;
#3964 = EDGE_CURVE ( 'NONE', #2244, #755, #1294, .T. ) ;
#3965 = DIRECTION ( 'NONE',  ( 0.5264892686465409977, 0.8501817746811739518, 2.097206842610695122E-16 ) ) ;
#3966 = CARTESIAN_POINT ( 'NONE',  ( -2.136788823479140564, -21.70111127186060074, 11.99999999999925926 ) ) ;
#3967 = CARTESIAN_POINT ( 'NONE',  ( 1.857801203827742942, 11.05783752053559432, 2.899999999999940403 ) ) ;
#3968 = ORIENTED_EDGE ( 'NONE', *, *, #3294, .F. ) ;
#3969 = EDGE_LOOP ( 'NONE', ( #600, #2918, #1047, #337 ) ) ;
#3970 = DIRECTION ( 'NONE',  ( -6.938893903907222067E-15, 1.734723475976805517E-15, -1.000000000000000000 ) ) ;
#3971 = EDGE_CURVE ( 'NONE', #527, #3182, #1493, .T. ) ;
#3972 = VECTOR ( 'NONE', #1478, 999.9999999999998863 ) ;
#3973 = CARTESIAN_POINT ( 'NONE',  ( -8.714893725969789173, -12.38009488613781883, 5.499999999999323208 ) ) ;
#3974 = EDGE_CURVE ( 'NONE', #4272, #3300, #2830, .T. ) ;
#3975 = VERTEX_POINT ( 'NONE', #2434 ) ;
#3976 = ORIENTED_EDGE ( 'NONE', *, *, #102, .F. ) ;
#3977 = EDGE_CURVE ( 'NONE', #4718, #4178, #4347, .T. ) ;
#3978 = CARTESIAN_POINT ( 'NONE',  ( -1.184224725662181843, -2.118845783936325944, 3.000000000000000000 ) ) ;
#3979 = CARTESIAN_POINT ( 'NONE',  ( -0.2033924773505498829, 4.213449858298881523, 5.399999999999981704 ) ) ;
#3980 = CARTESIAN_POINT ( 'NONE',  ( 0.6389903524839368743, 5.573740697788834630, 2.000000000000016875 ) ) ;
#3981 = VERTEX_POINT ( 'NONE', #948 ) ;
#3982 = DIRECTION ( 'NONE',  ( 0.5264892686465411087, 0.8501817746811739518, 2.201770265614903736E-14 ) ) ;
#3983 = FACE_OUTER_BOUND ( 'NONE', #4162, .T. ) ;
#3984 = CARTESIAN_POINT ( 'NONE',  ( 0.08483975836232668377, 6.134319756967060222, 11.09999999971476470 ) ) ;
#3985 = CARTESIAN_POINT ( 'NONE',  ( -9.140838155855027125, -5.660357145272730151, 3.600000000000031175 ) ) ;
#3986 = VECTOR ( 'NONE', #2063, 1000.000000000000114 ) ;
#3987 = CARTESIAN_POINT ( 'NONE',  ( -2.034406500343355351, -1.592356515289785390, 3.000000000000006661 ) ) ;
#3988 = CARTESIAN_POINT ( 'NONE',  ( -7.870638437473199467, -12.91615432238724637, 11.49999999999931966 ) ) ;
#3989 = FACE_OUTER_BOUND ( 'NONE', #2080, .T. ) ;
#3990 = AXIS2_PLACEMENT_3D ( 'NONE', #3198, #78, #841 ) ;
#3991 = ADVANCED_FACE ( 'NONE', ( #3136 ), #4808, .T. ) ;
#3992 = VERTEX_POINT ( 'NONE', #3625 ) ;
#3993 = VERTEX_POINT ( 'NONE', #4024 ) ;
#3994 = DIRECTION ( 'NONE',  ( -5.100673476003244384E-15, 3.884392826470425171E-15, -1.000000000000000000 ) ) ;
#3995 = VERTEX_POINT ( 'NONE', #3257 ) ;
#3996 = VERTEX_POINT ( 'NONE', #4414 ) ;
#3997 = CARTESIAN_POINT ( 'NONE',  ( -3.087385037636440455, -3.292720064652131740, 2.500000000000006217 ) ) ;
#3998 = CIRCLE ( 'NONE', #2091, 0.4999999999999990008 ) ;
#3999 = DIRECTION ( 'NONE',  ( -5.360242386507588202E-15, 3.319419655754073984E-15, -1.000000000000000000 ) ) ;
#4000 = DIRECTION ( 'NONE',  ( 0.8501817746811739518, -0.5264892686465411087, -6.304819211771187490E-15 ) ) ;
#4001 = ORIENTED_EDGE ( 'NONE', *, *, #4602, .F. ) ;
#4002 = EDGE_LOOP ( 'NONE', ( #3804, #111, #4749, #825 ) ) ;
#4003 = ORIENTED_EDGE ( 'NONE', *, *, #3391, .T. ) ;
#4004 = CARTESIAN_POINT ( 'NONE',  ( -0.9814279630502302787, 0.1080070340725363814, 10.99999999999932676 ) ) ;
#4005 = CARTESIAN_POINT ( 'NONE',  ( -9.348707862106905964, -14.35327323742632899, 6.499999999999320544 ) ) ;
#4006 = DIRECTION ( 'NONE',  ( 0.8501817746811719534, -0.5264892686465441063, -6.284186198641042686E-15 ) ) ;
#4007 = ADVANCED_FACE ( 'NONE', ( #2855 ), #1412, .F. ) ;
#4008 = CARTESIAN_POINT ( 'NONE',  ( -9.333109972413435429, -18.12683345369914534, 12.49999999999931077 ) ) ;
#4009 = ORIENTED_EDGE ( 'NONE', *, *, #2354, .T. ) ;
#4010 = CARTESIAN_POINT ( 'NONE',  ( -7.004846674799924955, 8.425364007471266348, 2.900000000000031886 ) ) ;
#4011 = DIRECTION ( 'NONE',  ( -0.8501817746811738408, 0.5264892686465409977, 6.304819211771186701E-15 ) ) ;
#4012 = ORIENTED_EDGE ( 'NONE', *, *, #4596, .F. ) ;
#4013 = EDGE_LOOP ( 'NONE', ( #2849, #2504, #4438, #857 ) ) ;
#4014 = VECTOR ( 'NONE', #1342, 1000.000000000000000 ) ;
#4015 = DIRECTION ( 'NONE',  ( 0.8501817746811739518, -0.5264892686465409977, -6.304819211771187490E-15 ) ) ;
#4016 = VECTOR ( 'NONE', #2887, 1000.000000000000000 ) ;
#4017 = ORIENTED_EDGE ( 'NONE', *, *, #3091, .T. ) ;
#4018 = ORIENTED_EDGE ( 'NONE', *, *, #2821, .T. ) ;
#4019 = VECTOR ( 'NONE', #2718, 1000.000000000000000 ) ;
#4020 = EDGE_CURVE ( 'NONE', #986, #3384, #1756, .T. ) ;
#4021 = EDGE_CURVE ( 'NONE', #1078, #3306, #3231, .T. ) ;
#4022 = CARTESIAN_POINT ( 'NONE',  ( -10.91257777835307508, -20.67737877774266764, 9.999999999999310774 ) ) ;
#4023 = ADVANCED_FACE ( 'NONE', ( #2159 ), #2478, .F. ) ;
#4024 = CARTESIAN_POINT ( 'NONE',  ( 2.817093716051451313, 4.342535703640334255, 13.99999999999999645 ) ) ;
#4025 = DIRECTION ( 'NONE',  ( -0.5264892686465397764, -0.8501817746811747289, 0.000000000000000000 ) ) ;
#4026 = VERTEX_POINT ( 'NONE', #603 ) ;
#4027 = VECTOR ( 'NONE', #4670, 1000.000000000000000 ) ;
#4028 = ORIENTED_EDGE ( 'NONE', *, *, #4091, .T. ) ;
#4029 = VECTOR ( 'NONE', #3727, 1000.000000000000114 ) ;
#4030 = VECTOR ( 'NONE', #3095, 1000.000000000000000 ) ;
#4031 = EDGE_LOOP ( 'NONE', ( #1959, #2079, #4147, #3282 ) ) ;
#4032 = FACE_BOUND ( 'NONE', #1247, .T. ) ;
#4033 = DIRECTION ( 'NONE',  ( -0.5264892686465415528, -0.8501817746811735077, -0.000000000000000000 ) ) ;
#4034 = CARTESIAN_POINT ( 'NONE',  ( -7.724390074149326324, -9.830929627778269619, 7.999999999999328537 ) ) ;
#4035 = CARTESIAN_POINT ( 'NONE',  ( -10.87162726875846275, -17.76219043806992559, 12.49999999999932143 ) ) ;
#4036 = EDGE_CURVE ( 'NONE', #628, #3905, #280, .T. ) ;
#4037 = VECTOR ( 'NONE', #2087, 1000.000000000000000 ) ;
#4038 = CARTESIAN_POINT ( 'NONE',  ( -0.8548592206691880691, 4.616881523681326982, 2.899999999999968825 ) ) ;
#4039 = PLANE ( 'NONE',  #3052 ) ;
#4040 = VERTEX_POINT ( 'NONE', #3735 ) ;
#4041 = CARTESIAN_POINT ( 'NONE',  ( -8.827808427097441069, -6.104559607894834983, 3.348297620505063854 ) ) ;
#4042 = CARTESIAN_POINT ( 'NONE',  ( -0.4863167326165676596, 5.212008765957993894, 7.899999999999985256 ) ) ;
#4043 = ORIENTED_EDGE ( 'NONE', *, *, #1173, .F. ) ;
#4044 = VERTEX_POINT ( 'NONE', #1731 ) ;
#4045 = CARTESIAN_POINT ( 'NONE',  ( 2.817093716051537466, 4.342535703640642453, -1.320461230704683421E-16 ) ) ;
#4046 = EDGE_CURVE ( 'NONE', #1066, #2614, #4753, .T. ) ;
#4047 = PLANE ( 'NONE',  #2440 ) ;
#4048 = ORIENTED_EDGE ( 'NONE', *, *, #2698, .T. ) ;
#4049 = ORIENTED_EDGE ( 'NONE', *, *, #1597, .F. ) ;
#4050 = AXIS2_PLACEMENT_3D ( 'NONE', #1857, #2600, #4121 ) ;
#4051 = CARTESIAN_POINT ( 'NONE',  ( -0.8683311644742943702, -1.608736719127728199, 6.999999999999846345 ) ) ;
#4052 = CARTESIAN_POINT ( 'NONE',  ( -0.8683311644742849333, -1.608736719127695114, 5.499999999999847233 ) ) ;
#4053 = CARTESIAN_POINT ( 'NONE',  ( -8.827808427097430410, -6.104559607894840312, 5.098297620505063854 ) ) ;
#4054 = ORIENTED_EDGE ( 'NONE', *, *, #1595, .T. ) ;
#4055 = ORIENTED_EDGE ( 'NONE', *, *, #2216, .T. ) ;
#4056 = ORIENTED_EDGE ( 'NONE', *, *, #3826, .T. ) ;
#4057 = DIRECTION ( 'NONE',  ( 0.8501817746811739518, -0.5264892686465409977, 0.000000000000000000 ) ) ;
#4058 = EDGE_CURVE ( 'NONE', #4718, #3427, #2532, .T. ) ;
#4059 = DIRECTION ( 'NONE',  ( 1.000000000000000000, 0.000000000000000000, -5.360242386507588202E-15 ) ) ;
#4060 = CARTESIAN_POINT ( 'NONE',  ( -9.767872263262869836, -14.08045843550016762, 5.499999999999324096 ) ) ;
#4061 = CARTESIAN_POINT ( 'NONE',  ( 1.262673961551007862, 11.42638000858822345, 10.39999999999994351 ) ) ;
#4062 = DIRECTION ( 'NONE',  ( -1.671232596756055639E-14, 1.669169295443039344E-14, -1.000000000000000000 ) ) ;
#4063 = EDGE_CURVE ( 'NONE', #650, #2130, #4390, .T. ) ;
#4064 = FACE_BOUND ( 'NONE', #670, .T. ) ;
#4065 = VERTEX_POINT ( 'NONE', #1025 ) ;
#4066 = PLANE ( 'NONE',  #1459 ) ;
#4067 = CARTESIAN_POINT ( 'NONE',  ( 0.08483975836232668377, 6.134319756967060222, 11.09999999999995701 ) ) ;
#4068 = VECTOR ( 'NONE', #747, 1000.000000000000000 ) ;
#4069 = EDGE_LOOP ( 'NONE', ( #3548, #735, #2107, #2710 ) ) ;
#4070 = VECTOR ( 'NONE', #4523, 1000.000000000000000 ) ;
#4071 = ORIENTED_EDGE ( 'NONE', *, *, #531, .T. ) ;
#4072 = PLANE ( 'NONE',  #229 ) ;
#4073 = DIRECTION ( 'NONE',  ( -0.5264892686465415528, -0.8501817746811735077, 0.000000000000000000 ) ) ;
#4074 = EDGE_CURVE ( 'NONE', #701, #752, #2499, .T. ) ;
#4075 = ORIENTED_EDGE ( 'NONE', *, *, #3882, .T. ) ;
#4076 = EDGE_LOOP ( 'NONE', ( #1744, #3814, #1308, #269 ) ) ;
#4077 = CARTESIAN_POINT ( 'NONE',  ( 1.448221617570456976, 2.132063089469327100, 11.99999999999994671 ) ) ;
#4078 = LINE ( 'NONE', #4731, #1898 ) ;
#4079 = ORIENTED_EDGE ( 'NONE', *, *, #4152, .F. ) ;
#4080 = ORIENTED_EDGE ( 'NONE', *, *, #1250, .T. ) ;
#4081 = AXIS2_PLACEMENT_3D ( 'NONE', #1453, #1827, #2971 ) ;
#4082 = EDGE_LOOP ( 'NONE', ( #2184, #53, #2447, #211 ) ) ;
#4083 = DIRECTION ( 'NONE',  ( -0.5264892686465411087, -0.8501817746811739518, -2.210443882994788087E-14 ) ) ;
#4084 = DIRECTION ( 'NONE',  ( -1.000000000000000000, 0.000000000000000000, 1.599059642315789520E-14 ) ) ;
#4085 = LINE ( 'NONE', #1589, #2919 ) ;
#4086 = EDGE_CURVE ( 'NONE', #3975, #682, #3303, .T. ) ;
#4087 = CARTESIAN_POINT ( 'NONE',  ( -0.8683311644743036961, -1.608736719127761283, 8.499999999999845457 ) ) ;
#4088 = VECTOR ( 'NONE', #3779, 999.9999999999998863 ) ;
#4089 = CYLINDRICAL_SURFACE ( 'NONE', #2841, 1.500000000000001110 ) ;
#4090 = FILL_AREA_STYLE_COLOUR ( '', #4315 ) ;
#4091 = EDGE_CURVE ( 'NONE', #4158, #3553, #3650, .T. ) ;
#4092 = EDGE_CURVE ( 'NONE', #3885, #562, #2587, .T. ) ;
#4093 = EDGE_CURVE ( 'NONE', #2589, #4040, #4078, .T. ) ;
#4094 = LINE ( 'NONE', #3800, #3447 ) ;
#4095 = DIRECTION ( 'NONE',  ( -0.8501817746811739518, 0.5264892686465411087, 6.381590766241915839E-15 ) ) ;
#4096 = ORIENTED_EDGE ( 'NONE', *, *, #2144, .T. ) ;
#4097 = ORIENTED_EDGE ( 'NONE', *, *, #4058, .T. ) ;
#4098 = CARTESIAN_POINT ( 'NONE',  ( -0.2443550852438112764, -24.34330629615168107, 8.749999999999243272 ) ) ;
#4099 = DIRECTION ( 'NONE',  ( -6.277507446913877714E-15, -2.211221068853061513E-14, 1.000000000000000000 ) ) ;
#4100 = ORIENTED_EDGE ( 'NONE', *, *, #1800, .T. ) ;
#4101 = VERTEX_POINT ( 'NONE', #2186 ) ;
#4102 = DIRECTION ( 'NONE',  ( 0.8501817746811739518, -0.5264892686465409977, -6.304819211771186701E-15 ) ) ;
#4103 = CARTESIAN_POINT ( 'NONE',  ( 0.6389903524839368743, 5.573740697788834630, 2.000000000000016875 ) ) ;
#4104 = VECTOR ( 'NONE', #717, 999.9999999999998863 ) ;
#4105 = VERTEX_POINT ( 'NONE', #3701 ) ;
#4106 = AXIS2_PLACEMENT_3D ( 'NONE', #3891, #2647, #765 ) ;
#4107 = ORIENTED_EDGE ( 'NONE', *, *, #957, .T. ) ;
#4108 = VERTEX_POINT ( 'NONE', #310 ) ;
#4109 = AXIS2_PLACEMENT_3D ( 'NONE', #925, #1318, #3961 ) ;
#4110 = FACE_BOUND ( 'NONE', #846, .T. ) ;
#4111 = CARTESIAN_POINT ( 'NONE',  ( -0.9814279630502649177, 0.1080070340725579475, 4.500000000000005329 ) ) ;
#4112 = LINE ( 'NONE', #2223, #1977 ) ;
#4113 = ADVANCED_FACE ( 'NONE', ( #2959 ), #4469, .F. ) ;
#4114 = CARTESIAN_POINT ( 'NONE',  ( -8.436122430353334423, -4.332435556386315056, 3.600000000000031619 ) ) ;
#4115 = CARTESIAN_POINT ( 'NONE',  ( -1.432598474923667764, 7.074018735998535590, 10.39999999999991687 ) ) ;
#4116 = CIRCLE ( 'NONE', #2205, 1.499999999999999112 ) ;
#4117 = ORIENTED_EDGE ( 'NONE', *, *, #52, .T. ) ;
#4118 = VECTOR ( 'NONE', #4341, 1000.000000000000000 ) ;
#4119 = AXIS2_PLACEMENT_3D ( 'NONE', #4536, #3030, #2209 ) ;
#4120 = AXIS2_PLACEMENT_3D ( 'NONE', #1764, #2964, #4476 ) ;
#4121 = DIRECTION ( 'NONE',  ( 6.277507446913876925E-15, 2.211221068853061198E-14, -1.000000000000000000 ) ) ;
#4122 = DIRECTION ( 'NONE',  ( 1.129180823346041990E-14, 6.298140460044057229E-15, 1.000000000000000000 ) ) ;
#4123 = EDGE_CURVE ( 'NONE', #156, #3858, #1709, .T. ) ;
#4124 = ADVANCED_FACE ( 'NONE', ( #1465 ), #3035, .T. ) ;
#4125 = EDGE_LOOP ( 'NONE', ( #847, #1890, #1261, #4804 ) ) ;
#4126 = DIRECTION ( 'NONE',  ( -1.000000000000000000, 0.000000000000000000, 5.360242386507586624E-15 ) ) ;
#4127 = FACE_OUTER_BOUND ( 'NONE', #1918, .T. ) ;
#4128 = DIRECTION ( 'NONE',  ( 1.000000000000000000, 0.000000000000000000, -5.360242386507587413E-15 ) ) ;
#4129 = VERTEX_POINT ( 'NONE', #2661 ) ;
#4130 = ORIENTED_EDGE ( 'NONE', *, *, #2616, .F. ) ;
#4131 = EDGE_CURVE ( 'NONE', #880, #4860, #2636, .T. ) ;
#4132 = LINE ( 'NONE', #731, #3710 ) ;
#4133 = DIRECTION ( 'NONE',  ( -6.277507446913874559E-15, -2.211221068853061198E-14, 1.000000000000000000 ) ) ;
#4134 = EDGE_LOOP ( 'NONE', ( #4517, #3833, #921, #910 ) ) ;
#4135 = EDGE_CURVE ( 'NONE', #2882, #3433, #385, .T. ) ;
#4136 = VERTEX_POINT ( 'NONE', #1541 ) ;
#4137 = VERTEX_POINT ( 'NONE', #3059 ) ;
#4138 = FACE_BOUND ( 'NONE', #1046, .T. ) ;
#4139 = CARTESIAN_POINT ( 'NONE',  ( -5.932382873688752944, -20.23279052828531022, 9.999999999999285905 ) ) ;
#4140 = DIRECTION ( 'NONE',  ( 0.8501817746811739518, -0.5264892686465411087, -6.304819211771186701E-15 ) ) ;
#4141 = DIRECTION ( 'NONE',  ( -6.288372600415927295E-15, -2.211772431870429676E-14, 1.000000000000000000 ) ) ;
#4142 = CARTESIAN_POINT ( 'NONE',  ( -2.309361650235403296, -24.82884505520361884, 5.249999999999250377 ) ) ;
#4143 = ORIENTED_EDGE ( 'NONE', *, *, #2509, .T. ) ;
#4144 = VECTOR ( 'NONE', #1824, 999.9999999999998863 ) ;
#4145 = DIRECTION ( 'NONE',  ( 0.5264892686465411087, 0.8501817746811739518, 2.193656236453077173E-14 ) ) ;
#4146 = CARTESIAN_POINT ( 'NONE',  ( -0.9814279630502732443, 0.1080070340725629435, 3.000000000000006217 ) ) ;
#4147 = ORIENTED_EDGE ( 'NONE', *, *, #2930, .T. ) ;
#4148 = CARTESIAN_POINT ( 'NONE',  ( -0.9814279630502302787, 0.1080070340725363814, 10.99999999999932676 ) ) ;
#4149 = DIRECTION ( 'NONE',  ( 0.5264892686465409977, 0.8501817746811738408, 0.000000000000000000 ) ) ;
#4150 = CARTESIAN_POINT ( 'NONE',  ( -8.038339948274922264, -23.63351762701001135, 9.999999999999285905 ) ) ;
#4151 = LINE ( 'NONE', #3005, #3208 ) ;
#4152 = EDGE_CURVE ( 'NONE', #1028, #325, #1893, .T. ) ;
#4153 = ORIENTED_EDGE ( 'NONE', *, *, #4020, .F. ) ;
#4154 = ORIENTED_EDGE ( 'NONE', *, *, #4626, .F. ) ;
#4155 = ADVANCED_FACE ( 'NONE', ( #1842 ), #3010, .F. ) ;
#4156 = EDGE_CURVE ( 'NONE', #112, #3507, #10, .T. ) ;
#4157 = DIRECTION ( 'NONE',  ( 0.8501817746811739518, -0.5264892686465409977, -6.304819211771186701E-15 ) ) ;
#4158 = VERTEX_POINT ( 'NONE', #2981 ) ;
#4159 = VERTEX_POINT ( 'NONE', #2240 ) ;
#4160 = VERTEX_POINT ( 'NONE', #3759 ) ;
#4161 = CARTESIAN_POINT ( 'NONE',  ( -7.864711951288624547, -12.90658415478435472, 3.999999999999316547 ) ) ;
#4162 = EDGE_LOOP ( 'NONE', ( #4048, #982, #3760, #3202, #3522 ) ) ;
#4163 = CARTESIAN_POINT ( 'NONE',  ( -0.7577302128711973506, 0.4692370943326203414, 5.571592847896746705E-15 ) ) ;
#4164 = PLANE ( 'NONE',  #2436 ) ;
#4165 = PLANE ( 'NONE',  #710 ) ;
#4166 = DIRECTION ( 'NONE',  ( -0.5264892686465414418, -0.8501817746811737297, -0.000000000000000000 ) ) ;
#4167 = ORIENTED_EDGE ( 'NONE', *, *, #2791, .T. ) ;
#4168 = LINE ( 'NONE', #2350, #3795 ) ;
#4169 = VECTOR ( 'NONE', #3258, 1000.000000000000000 ) ;
#4170 = CARTESIAN_POINT ( 'NONE',  ( -8.295729324813823524, -12.65290968806397842, 6.499999999999320544 ) ) ;
#4171 = CARTESIAN_POINT ( 'NONE',  ( -12.22880094996947520, -22.80283321444555966, -6.948268786691114644E-13 ) ) ;
#4172 = VERTEX_POINT ( 'NONE', #4519 ) ;
#4173 = CARTESIAN_POINT ( 'NONE',  ( -9.178452637673055747, -5.721097503738119983, 5.098297620505067407 ) ) ;
#4174 = CARTESIAN_POINT ( 'NONE',  ( -7.004846674799941830, 8.425364007471211281, 5.400000000000032330 ) ) ;
#4175 = CARTESIAN_POINT ( 'NONE',  ( -3.877118940606217201, -4.567992726673912429, 8.999999999999326761 ) ) ;
#4176 = FACE_OUTER_BOUND ( 'NONE', #2403, .T. ) ;
#4177 = ORIENTED_EDGE ( 'NONE', *, *, #1545, .F. ) ;
#4178 = VERTEX_POINT ( 'NONE', #1168 ) ;
#4179 = CARTESIAN_POINT ( 'NONE',  ( -3.087385037636427576, -3.292720064652140621, 5.000000000000006217 ) ) ;
#4180 = ORIENTED_EDGE ( 'NONE', *, *, #2171, .F. ) ;
#4181 = EDGE_CURVE ( 'NONE', #4672, #3032, #440, .T. ) ;
#4182 = EDGE_CURVE ( 'NONE', #3995, #4409, #1492, .T. ) ;
#4183 = EDGE_CURVE ( 'NONE', #3045, #2227, #1411, .T. ) ;
#4184 = DIRECTION ( 'NONE',  ( -0.5264892686465404426, -0.8501817746811741738, 4.336808689942016257E-16 ) ) ;
#4185 = ORIENTED_EDGE ( 'NONE', *, *, #1034, .F. ) ;
#4186 = CIRCLE ( 'NONE', #4883, 1.500000000000001110 ) ;
#4187 = CARTESIAN_POINT ( 'NONE',  ( -2.237203262955266503, -3.819209333298672515, 2.499999999999999556 ) ) ;
#4188 = CARTESIAN_POINT ( 'NONE',  ( -8.295729324813823524, -12.65290968806397842, 6.499999999999320544 ) ) ;
#4189 = CARTESIAN_POINT ( 'NONE',  ( -2.986970598160297197, -21.17462200321433841, 1.999999999999493516 ) ) ;
#4190 = VECTOR ( 'NONE', #2538, 1000.000000000000114 ) ;
#4191 = AXIS2_PLACEMENT_3D ( 'NONE', #859, #3772, #372 ) ;
#4192 = VECTOR ( 'NONE', #3757, 999.9999999999998863 ) ;
#4193 = CARTESIAN_POINT ( 'NONE',  ( -9.485920012905618037, -7.167286826246303200, 3.348297620505063854 ) ) ;
#4194 = EDGE_LOOP ( 'NONE', ( #1116, #1477, #4154, #530 ) ) ;
#4195 = DIRECTION ( 'NONE',  ( 0.8501817746811739518, -0.5264892686465411087, -6.304819211771187490E-15 ) ) ;
#4196 = EDGE_CURVE ( 'NONE', #3300, #4545, #1866, .T. ) ;
#4197 = DIRECTION ( 'NONE',  ( -1.671232596756055639E-14, 1.669169295443039344E-14, -1.000000000000000000 ) ) ;
#4198 = VECTOR ( 'NONE', #4399, 999.9999999999998863 ) ;
#4199 = AXIS2_PLACEMENT_3D ( 'NONE', #3241, #4762, #1056 ) ;
#4200 = DIRECTION ( 'NONE',  ( 0.8501817746811739518, -0.5264892686465411087, -6.304819211771187490E-15 ) ) ;
#4201 = CIRCLE ( 'NONE', #2609, 1.500000000000000000 ) ;
#4202 = DIRECTION ( 'NONE',  ( 0.8501817746811739518, -0.5264892686465411087, -6.304819211771186701E-15 ) ) ;
#4203 = LINE ( 'NONE', #1259, #2999 ) ;
#4204 = DIRECTION ( 'NONE',  ( 0.5264892686465422189, 0.8501817746811731746, 0.000000000000000000 ) ) ;
#4205 = VECTOR ( 'NONE', #129, 1000.000000000000000 ) ;
#4206 = AXIS2_PLACEMENT_3D ( 'NONE', #2688, #359, #1920 ) ;
#4207 = EDGE_LOOP ( 'NONE', ( #824, #3812 ) ) ;
#4208 = ORIENTED_EDGE ( 'NONE', *, *, #827, .T. ) ;
#4209 = ORIENTED_EDGE ( 'NONE', *, *, #1374, .T. ) ;
#4210 = ADVANCED_FACE ( 'NONE', ( #3783, #58, #2712 ), #3413, .T. ) ;
#4211 = CARTESIAN_POINT ( 'NONE',  ( 2.817093716051537466, 4.342535703640642453, -1.320461230704683421E-16 ) ) ;
#4212 = DIRECTION ( 'NONE',  ( 0.5264892686465385552, 0.8501817746811756171, 0.000000000000000000 ) ) ;
#4213 = LINE ( 'NONE', #1220, #2248 ) ;
#4214 = EDGE_LOOP ( 'NONE', ( #2056, #3670, #1432, #3615 ) ) ;
#4215 = DIRECTION ( 'NONE',  ( 1.671232596756055639E-14, -1.669169295443039344E-14, 1.000000000000000000 ) ) ;
#4216 = LINE ( 'NONE', #1594, #4340 ) ;
#4217 = ADVANCED_FACE ( 'NONE', ( #2613 ), #1565, .F. ) ;
#4218 = DIRECTION ( 'NONE',  ( 0.8501817746811739518, -0.5264892686465411087, -6.304819211771185913E-15 ) ) ;
#4219 = EDGE_LOOP ( 'NONE', ( #2237, #2860 ) ) ;
#4220 = VECTOR ( 'NONE', #74, 1000.000000000000114 ) ;
#4221 = LINE ( 'NONE', #2325, #2675 ) ;
#4222 = CARTESIAN_POINT ( 'NONE',  ( -9.596354606736763770, -18.55192434103969390, 1.499999999999990230 ) ) ;
#4223 = DIRECTION ( 'NONE',  ( -6.983393281676797479E-15, -1.000000000000000000, -1.679012624431773829E-14 ) ) ;
#4224 = EDGE_CURVE ( 'NONE', #4887, #3186, #3458, .T. ) ;
#4225 = FACE_OUTER_BOUND ( 'NONE', #973, .T. ) ;
#4226 = DIRECTION ( 'NONE',  ( 0.5264892686465411087, 0.8501817746811739518, 2.210443882994788087E-14 ) ) ;
#4227 = EDGE_LOOP ( 'NONE', ( #655, #3749, #1678, #845 ) ) ;
#4228 = ORIENTED_EDGE ( 'NONE', *, *, #2131, .F. ) ;
#4229 = VERTEX_POINT ( 'NONE', #4230 ) ;
#4230 = CARTESIAN_POINT ( 'NONE',  ( -7.870638437473230553, -12.91615432238725170, 7.499999999999320544 ) ) ;
#4231 = FACE_OUTER_BOUND ( 'NONE', #1077, .T. ) ;
#4232 = EDGE_CURVE ( 'NONE', #2928, #2265, #2338, .T. ) ;
#4233 = ORIENTED_EDGE ( 'NONE', *, *, #870, .F. ) ;
#4234 = AXIS2_PLACEMENT_3D ( 'NONE', #493, #2432, #3530 ) ;
#4235 = LINE ( 'NONE', #1309, #3039 ) ;
#4236 = ORIENTED_EDGE ( 'NONE', *, *, #1807, .T. ) ;
#4237 = CARTESIAN_POINT ( 'NONE',  ( -7.870638437473195914, -12.91615432238725347, 12.49999999999932498 ) ) ;
#4238 = CARTESIAN_POINT ( 'NONE',  ( -8.827808427097441069, -6.104559607894834983, 3.348297620505063854 ) ) ;
#4239 = CARTESIAN_POINT ( 'NONE',  ( -7.383143893060269747, -2.632072007023956495, 0.1000000000000312861 ) ) ;
#4240 = CARTESIAN_POINT ( 'NONE',  ( -2.136788823479194299, -21.70111127186057232, 1.999999999999261036 ) ) ;
#4241 = DIRECTION ( 'NONE',  ( 0.8501817746811739518, -0.5264892686465409977, -6.304819211771186701E-15 ) ) ;
#4242 = EDGE_CURVE ( 'NONE', #2236, #3754, #754, .T. ) ;
#4243 = EDGE_CURVE ( 'NONE', #2130, #734, #1967, .T. ) ;
#4244 = AXIS2_PLACEMENT_3D ( 'NONE', #4041, #935, #3664 ) ;
#4245 = EDGE_CURVE ( 'NONE', #628, #2875, #3860, .T. ) ;
#4246 = CARTESIAN_POINT ( 'NONE',  ( -5.032479801035170119, -26.37711103260702217, 1.999999999999259259 ) ) ;
#4247 = AXIS2_PLACEMENT_3D ( 'NONE', #2016, #3533, #140 ) ;
#4248 = FACE_OUTER_BOUND ( 'NONE', #1563, .T. ) ;
#4249 = CARTESIAN_POINT ( 'NONE',  ( -8.714893725969814042, -12.38009488613780285, 0.9999999999993232080 ) ) ;
#4250 = EDGE_LOOP ( 'NONE', ( #4755, #3150, #951, #1019 ) ) ;
#4251 = ORIENTED_EDGE ( 'NONE', *, *, #2017, .F. ) ;
#4252 = VERTEX_POINT ( 'NONE', #4060 ) ;
#4253 = LINE ( 'NONE', #1989, #1722 ) ;
#4254 = ORIENTED_EDGE ( 'NONE', *, *, #964, .T. ) ;
#4255 = CARTESIAN_POINT ( 'NONE',  ( 0.4069414975474577312, -2.398470622097573113, 8.499999999999838352 ) ) ;
#4256 = DIRECTION ( 'NONE',  ( -0.5264892686465411087, -0.8501817746811739518, -2.210443882994788087E-14 ) ) ;
#4257 = CARTESIAN_POINT ( 'NONE',  ( -0.8374712326468694013, 6.705476247946008606, 2.899999999999912426 ) ) ;
#4258 = PLANE ( 'NONE',  #4607 ) ;
#4259 = ORIENTED_EDGE ( 'NONE', *, *, #4740, .T. ) ;
#4260 = LINE ( 'NONE', #4193, #2034 ) ;
#4261 = ADVANCED_FACE ( 'NONE', ( #1789 ), #979, .F. ) ;
#4262 = PLANE ( 'NONE',  #4191 ) ;
#4263 = DIRECTION ( 'NONE',  ( -6.985683126547937358E-15, -1.000000000000000000, -1.652265922105251350E-14 ) ) ;
#4264 = VECTOR ( 'NONE', #4312, 1000.000000000000114 ) ;
#4265 = FACE_OUTER_BOUND ( 'NONE', #3653, .T. ) ;
#4266 = VECTOR ( 'NONE', #3583, 999.9999999999998863 ) ;
#4267 = FACE_OUTER_BOUND ( 'NONE', #4838, .T. ) ;
#4268 = CARTESIAN_POINT ( 'NONE',  ( 0.08483975836220132571, 6.134319756967185455, 3.600000000005791012 ) ) ;
#4269 = EDGE_CURVE ( 'NONE', #3149, #868, #2886, .T. ) ;
#4270 = CARTESIAN_POINT ( 'NONE',  ( -8.564563792774164241, -5.679468720554249117, 3.848297620505064298 ) ) ;
#4271 = ADVANCED_FACE ( 'NONE', ( #661 ), #1344, .F. ) ;
#4272 = VERTEX_POINT ( 'NONE', #2115 ) ;
#4273 = AXIS2_PLACEMENT_3D ( 'NONE', #3061, #528, #201 ) ;
#4274 = ORIENTED_EDGE ( 'NONE', *, *, #956, .F. ) ;
#4275 = VECTOR ( 'NONE', #1616, 1000.000000000000000 ) ;
#4276 = ORIENTED_EDGE ( 'NONE', *, *, #2931, .F. ) ;
#4277 = VECTOR ( 'NONE', #482, 999.9999999999998863 ) ;
#4278 = PLANE ( 'NONE',  #3159 ) ;
#4279 = VECTOR ( 'NONE', #1319, 1000.000000000000000 ) ;
#4280 = EDGE_CURVE ( 'NONE', #2716, #2780, #3810, .T. ) ;
#4281 = VERTEX_POINT ( 'NONE', #3658 ) ;
#4282 = ORIENTED_EDGE ( 'NONE', *, *, #815, .T. ) ;
#4283 = DIRECTION ( 'NONE',  ( 0.5264892686465403315, 0.8501817746811742849, -0.000000000000000000 ) ) ;
#4284 = CARTESIAN_POINT ( 'NONE',  ( 0.6224354592286804877, -28.40873797530667133, 6.999999999999221956 ) ) ;
#4285 = PLANE ( 'NONE',  #3373 ) ;
#4286 = ORIENTED_EDGE ( 'NONE', *, *, #4760, .T. ) ;
#4287 = CARTESIAN_POINT ( 'NONE',  ( -11.17582241267635901, -21.10246966508323752, 6.999999999999309885 ) ) ;
#4288 = CARTESIAN_POINT ( 'NONE',  ( -10.60838263443524099, -17.33709955072930953, 3.999999999999999112 ) ) ;
#4289 = FACE_OUTER_BOUND ( 'NONE', #4002, .T. ) ;
#4290 = CARTESIAN_POINT ( 'NONE',  ( -7.004846674799929396, 8.425364007471250360, 3.600000000000032063 ) ) ;
#4291 = PLANE ( 'NONE',  #860 ) ;
#4292 = DIRECTION ( 'NONE',  ( 0.8501817746811739518, -0.5264892686465409977, -6.304819211771187490E-15 ) ) ;
#4293 = ORIENTED_EDGE ( 'NONE', *, *, #1545, .T. ) ;
#4294 = ORIENTED_EDGE ( 'NONE', *, *, #236, .F. ) ;
#4295 = EDGE_LOOP ( 'NONE', ( #635, #1960, #3816, #3584 ) ) ;
#4296 = EDGE_CURVE ( 'NONE', #4344, #89, #288, .T. ) ;
#4297 = LINE ( 'NONE', #965, #2372 ) ;
#4298 = ORIENTED_EDGE ( 'NONE', *, *, #1968, .F. ) ;
#4299 = EDGE_LOOP ( 'NONE', ( #1725, #4704, #1105, #2474 ) ) ;
#4300 = EDGE_CURVE ( 'NONE', #4281, #3995, #1390, .T. ) ;
#4301 = CARTESIAN_POINT ( 'NONE',  ( -12.18785044037483445, -19.88764487477285670, 9.999999999999319655 ) ) ;
#4302 = CARTESIAN_POINT ( 'NONE',  ( 1.262673961550980106, 11.42638000858820568, 7.899999999999945288 ) ) ;
#4303 = LINE ( 'NONE', #4321, #3394 ) ;
#4304 = AXIS2_PLACEMENT_3D ( 'NONE', #4383, #2449, #1403 ) ;
#4305 = AXIS2_PLACEMENT_3D ( 'NONE', #3135, #3927, #3160 ) ;
#4306 = DIRECTION ( 'NONE',  ( 5.204170427930416550E-15, -3.469446951953611033E-15, 1.000000000000000000 ) ) ;
#4307 = PLANE ( 'NONE',  #3076 ) ;
#4308 = PLANE ( 'NONE',  #3802 ) ;
#4309 = EDGE_LOOP ( 'NONE', ( #2588, #1037, #2955, #1194 ) ) ;
#4310 = CARTESIAN_POINT ( 'NONE',  ( 1.857801203827835756, 11.05783752053564406, 11.09999999999993747 ) ) ;
#4311 = CARTESIAN_POINT ( 'NONE',  ( -8.295729324813780892, -12.65290968806398553, 12.49999999999932498 ) ) ;
#4312 = DIRECTION ( 'NONE',  ( 0.5264892686465415528, 0.8501817746811735077, -0.000000000000000000 ) ) ;
#4313 = ORIENTED_EDGE ( 'NONE', *, *, #2371, .T. ) ;
#4314 = ORIENTED_EDGE ( 'NONE', *, *, #1555, .F. ) ;
#4315 = COLOUR_RGB ( '',0.7921568627450980005, 0.8196078431372548767, 0.9333333333333333481 ) ;
#4316 = CARTESIAN_POINT ( 'NONE',  ( -9.348707862106891753, -14.35327323742633787, 8.999999999999321432 ) ) ;
#4317 = VERTEX_POINT ( 'NONE', #587 ) ;
#4318 = EDGE_LOOP ( 'NONE', ( #276, #3271, #1164, #2076 ) ) ;
#4319 = DIRECTION ( 'NONE',  ( -5.204170427930420494E-15, 3.642919299551294109E-15, -1.000000000000000000 ) ) ;
#4320 = DIRECTION ( 'NONE',  ( -0.8501817746811739518, 0.5264892686465411087, 6.381590766241915839E-15 ) ) ;
#4321 = CARTESIAN_POINT ( 'NONE',  ( -8.827808427097441069, -6.104559607894834983, 3.348297620505063854 ) ) ;
#4322 = EDGE_CURVE ( 'NONE', #2109, #3717, #3636, .T. ) ;
#4323 = ADVANCED_FACE ( 'NONE', ( #241 ), #954, .T. ) ;
#4324 = EDGE_CURVE ( 'NONE', #164, #1826, #4397, .T. ) ;
#4325 = EDGE_LOOP ( 'NONE', ( #2423, #4663, #4233, #3356 ) ) ;
#4326 = FACE_OUTER_BOUND ( 'NONE', #4031, .T. ) ;
#4327 = DIRECTION ( 'NONE',  ( -6.231841782205326515E-15, -2.203846917436125488E-14, 1.000000000000000000 ) ) ;
#4328 = DIRECTION ( 'NONE',  ( -0.5264892686465416638, -0.8501817746811735077, 0.000000000000000000 ) ) ;
#4329 = CARTESIAN_POINT ( 'NONE',  ( 1.262673961550986990, 11.42638000858820924, 8.599999999999944578 ) ) ;
#4330 = EDGE_CURVE ( 'NONE', #3901, #937, #1716, .T. ) ;
#4331 = AXIS2_PLACEMENT_3D ( 'NONE', #4035, #1033, #1579 ) ;
#4332 = DIRECTION ( 'NONE',  ( 0.5264892686465411087, 0.8501817746811739518, 2.210443882994788087E-14 ) ) ;
#4333 = LINE ( 'NONE', #2121, #535 ) ;
#4334 = EDGE_CURVE ( 'NONE', #752, #1540, #2863, .T. ) ;
#4335 = VECTOR ( 'NONE', #3913, 999.9999999999998863 ) ;
#4336 = ORIENTED_EDGE ( 'NONE', *, *, #2652, .T. ) ;
#4337 = AXIS2_PLACEMENT_3D ( 'NONE', #2395, #2986, #4842 ) ;
#4338 = ORIENTED_EDGE ( 'NONE', *, *, #1748, .T. ) ;
#4339 = LINE ( 'NONE', #3223, #4689 ) ;
#4340 = VECTOR ( 'NONE', #39, 999.9999999999998863 ) ;
#4341 = DIRECTION ( 'NONE',  ( 4.163336342344336238E-15, -4.163336342344336238E-15, 1.000000000000000000 ) ) ;
#4342 = CIRCLE ( 'NONE', #705, 1.500000000000000444 ) ;
#4343 = ORIENTED_EDGE ( 'NONE', *, *, #2698, .F. ) ;
#4344 = VERTEX_POINT ( 'NONE', #3684 ) ;
#4345 = AXIS2_PLACEMENT_3D ( 'NONE', #829, #716, #3108 ) ;
#4346 = DIRECTION ( 'NONE',  ( -0.8501817746811738408, 0.5264892686465409977, 6.304819211771186701E-15 ) ) ;
#4347 = LINE ( 'NONE', #560, #4275 ) ;
#4348 = DIRECTION ( 'NONE',  ( 0.5264892686465411087, 0.8501817746811739518, 2.185662119052262226E-14 ) ) ;
#4349 = VERTEX_POINT ( 'NONE', #2461 ) ;
#4350 = DIRECTION ( 'NONE',  ( 0.8501817746811736187, -0.5264892686465416638, -7.725947721890257122E-15 ) ) ;
#4351 = DIRECTION ( 'NONE',  ( -0.5264892686465409977, -0.8501817746811739518, -1.684550967648123774E-15 ) ) ;
#4352 = DIRECTION ( 'NONE',  ( 5.377642775528101204E-15, -3.122502256758252376E-15, 1.000000000000000000 ) ) ;
#4353 = DIRECTION ( 'NONE',  ( 5.204170427930425228E-15, -3.469446951953616950E-15, 1.000000000000000000 ) ) ;
#4354 = CARTESIAN_POINT ( 'NONE',  ( -2.034406500343320268, -1.592356515289806929, 9.499999999999326761 ) ) ;
#4355 = CARTESIAN_POINT ( 'NONE',  ( -8.564563792774174900, -5.679468720554243788, 2.098297620505063854 ) ) ;
#4356 = LINE ( 'NONE', #3175, #4264 ) ;
#4357 = ORIENTED_EDGE ( 'NONE', *, *, #4381, .F. ) ;
#4358 = ORIENTED_EDGE ( 'NONE', *, *, #660, .F. ) ;
#4359 = DIRECTION ( 'NONE',  ( -0.5264892686465408866, -0.8501817746811740628, 0.000000000000000000 ) ) ;
#4360 = ORIENTED_EDGE ( 'NONE', *, *, #2568, .F. ) ;
#4361 = ORIENTED_EDGE ( 'NONE', *, *, #1841, .T. ) ;
#4362 = CARTESIAN_POINT ( 'NONE',  ( -9.596354606736722914, -18.55192434103973653, 9.999999999999310774 ) ) ;
#4363 = EDGE_CURVE ( 'NONE', #2638, #759, #2485, .T. ) ;
#4364 = VECTOR ( 'NONE', #2726, 1000.000000000000000 ) ;
#4365 = DIRECTION ( 'NONE',  ( -0.5264892686465411087, -0.8501817746811739518, -2.210443882994788087E-14 ) ) ;
#4366 = CARTESIAN_POINT ( 'NONE',  ( -3.877118940606217201, -4.567992726673912429, 8.999999999999326761 ) ) ;
#4367 = VERTEX_POINT ( 'NONE', #1032 ) ;
#4368 = ORIENTED_EDGE ( 'NONE', *, *, #1966, .T. ) ;
#4369 = ORIENTED_EDGE ( 'NONE', *, *, #56, .F. ) ;
#4370 = CARTESIAN_POINT ( 'NONE',  ( 1.448221617570518926, 2.132063089469547368, 1.999999999999945377 ) ) ;
#4371 = DIRECTION ( 'NONE',  ( -5.782411586589355667E-15, 3.469446951953613400E-15, -1.000000000000000000 ) ) ;
#4372 = CARTESIAN_POINT ( 'NONE',  ( -2.309361650235385532, -24.82884505520362950, 8.749999999999252154 ) ) ;
#4373 = CARTESIAN_POINT ( 'NONE',  ( 1.262673961551007862, 11.42638000858822345, 10.39999999999994351 ) ) ;
#4374 = CIRCLE ( 'NONE', #4461, 1.784839758362241513 ) ;
#4375 = ORIENTED_EDGE ( 'NONE', *, *, #169, .T. ) ;
#4376 = CARTESIAN_POINT ( 'NONE',  ( -0.9814279630502302787, 0.1080070340725363814, 10.99999999999932676 ) ) ;
#4377 = LINE ( 'NONE', #3220, #279 ) ;
#4378 = EDGE_CURVE ( 'NONE', #800, #4136, #1739, .T. ) ;
#4379 = ADVANCED_FACE ( 'NONE', ( #4452 ), #3264, .F. ) ;
#4380 = ORIENTED_EDGE ( 'NONE', *, *, #1991, .F. ) ;
#4381 = EDGE_CURVE ( 'NONE', #4409, #252, #2511, .T. ) ;
#4382 = ORIENTED_EDGE ( 'NONE', *, *, #3143, .T. ) ;
#4383 = CARTESIAN_POINT ( 'NONE',  ( -8.714893725969805161, -12.38009488613780817, 2.499999999999324096 ) ) ;
#4384 = LINE ( 'NONE', #624, #76 ) ;
#4385 = ORIENTED_EDGE ( 'NONE', *, *, #2202, .F. ) ;
#4386 = ORIENTED_EDGE ( 'NONE', *, *, #2530, .T. ) ;
#4387 = CARTESIAN_POINT ( 'NONE',  ( -9.767872263262869836, -14.08045843550016762, 5.499999999999324096 ) ) ;
#4388 = EDGE_CURVE ( 'NONE', #4545, #4026, #4085, .T. ) ;
#4389 = VECTOR ( 'NONE', #2106, 1000.000000000000000 ) ;
#4390 = LINE ( 'NONE', #1436, #3485 ) ;
#4391 = DIRECTION ( 'NONE',  ( 5.782411586589352511E-15, -3.469446951953611822E-15, 1.000000000000000000 ) ) ;
#4392 = ORIENTED_EDGE ( 'NONE', *, *, #4511, .T. ) ;
#4393 = EDGE_LOOP ( 'NONE', ( #4117, #1729, #55, #491 ) ) ;
#4394 = ORIENTED_EDGE ( 'NONE', *, *, #823, .F. ) ;
#4395 = LINE ( 'NONE', #259, #4190 ) ;
#4396 = LINE ( 'NONE', #4866, #700 ) ;
#4397 = LINE ( 'NONE', #214, #555 ) ;
#4398 = DIRECTION ( 'NONE',  ( -0.5264892686465415528, -0.8501817746811735077, 0.000000000000000000 ) ) ;
#4399 = DIRECTION ( 'NONE',  ( 0.8501817746811739518, -0.5264892686465409977, -6.304819211771186701E-15 ) ) ;
#4400 = ADVANCED_FACE ( 'NONE', ( #848 ), #4843, .F. ) ;
#4401 = ORIENTED_EDGE ( 'NONE', *, *, #1904, .T. ) ;
#4402 = DIRECTION ( 'NONE',  ( 0.5264892686465411087, 0.8501817746811739518, -5.628740879279571073E-16 ) ) ;
#4403 = CARTESIAN_POINT ( 'NONE',  ( -3.087385037636427576, -3.292720064652140621, 5.000000000000006217 ) ) ;
#4404 = ORIENTED_EDGE ( 'NONE', *, *, #4300, .T. ) ;
#4405 = ORIENTED_EDGE ( 'NONE', *, *, #4596, .T. ) ;
#4406 = AXIS2_PLACEMENT_3D ( 'NONE', #2746, #1524, #424 ) ;
#4407 = DIRECTION ( 'NONE',  ( 0.8501817746811736187, -0.5264892686465416638, -7.725947721890257122E-15 ) ) ;
#4408 = AXIS2_PLACEMENT_3D ( 'NONE', #953, #3140, #519 ) ;
#4409 = VERTEX_POINT ( 'NONE', #804 ) ;
#4410 = VERTEX_POINT ( 'NONE', #3883 ) ;
#4411 = EDGE_CURVE ( 'NONE', #275, #497, #709, .T. ) ;
#4412 = VECTOR ( 'NONE', #1022, 1000.000000000000000 ) ;
#4413 = CARTESIAN_POINT ( 'NONE',  ( -8.295729324813780892, -12.65290968806398553, 12.49999999999932498 ) ) ;
#4414 = CARTESIAN_POINT ( 'NONE',  ( -2.663278092125731522, -22.55129304654175115, 2.999999999999261480 ) ) ;
#4415 = ADVANCED_FACE ( 'NONE', ( #88 ), #1944, .F. ) ;
#4416 = CARTESIAN_POINT ( 'NONE',  ( -12.45109507469814680, -20.31273576211340881, 1.499999999999999778 ) ) ;
#4417 = VERTEX_POINT ( 'NONE', #1821 ) ;
#4418 = ORIENTED_EDGE ( 'NONE', *, *, #4269, .F. ) ;
#4419 = VECTOR ( 'NONE', #1834, 999.9999999999998863 ) ;
#4420 = VECTOR ( 'NONE', #2105, 999.9999999999998863 ) ;
#4421 = ORIENTED_EDGE ( 'NONE', *, *, #4485, .F. ) ;
#4422 = DIRECTION ( 'NONE',  ( -0.5264892686465409977, -0.8501817746811739518, 9.471708046260220672E-17 ) ) ;
#4423 = EDGE_CURVE ( 'NONE', #2227, #3620, #3402, .T. ) ;
#4424 = CARTESIAN_POINT ( 'NONE',  ( -8.295729324813786221, -12.65290968806398197, 11.49999999999932321 ) ) ;
#4425 = CARTESIAN_POINT ( 'NONE',  ( 1.262673961551016522, 11.42638000858822700, 11.09999999999994280 ) ) ;
#4426 = CARTESIAN_POINT ( 'NONE',  ( -8.331543094306580244, -4.353496867879512067, 3.348297620505066963 ) ) ;
#4427 = AXIS2_PLACEMENT_3D ( 'NONE', #4372, #192, #1695 ) ;
#4428 = CARTESIAN_POINT ( 'NONE',  ( 0.8856800935519810736, -27.98364708796610500, 12.49999999999922373 ) ) ;
#4429 = PLANE ( 'NONE',  #3211 ) ;
#4430 = ORIENTED_EDGE ( 'NONE', *, *, #1290, .F. ) ;
#4431 = EDGE_CURVE ( 'NONE', #1362, #4026, #441, .T. ) ;
#4432 = DIRECTION ( 'NONE',  ( 0.8501817746811738408, -0.5264892686465411087, -6.304819211771185913E-15 ) ) ;
#4433 = CARTESIAN_POINT ( 'NONE',  ( -9.252899314438025158, -5.841314973571566149, 3.600000000000030731 ) ) ;
#4434 = ORIENTED_EDGE ( 'NONE', *, *, #2329, .F. ) ;
#4435 = ORIENTED_EDGE ( 'NONE', *, *, #23, .T. ) ;
#4436 = DIRECTION ( 'NONE',  ( 0.8501817746811739518, -0.5264892686465409977, -6.304819211771186701E-15 ) ) ;
#4437 = LINE ( 'NONE', #2152, #2840 ) ;
#4438 = ORIENTED_EDGE ( 'NONE', *, *, #1266, .T. ) ;
#4439 = ORIENTED_EDGE ( 'NONE', *, *, #4183, .T. ) ;
#4440 = EDGE_CURVE ( 'NONE', #4527, #4272, #4565, .T. ) ;
#4441 = VECTOR ( 'NONE', #2396, 1000.000000000000000 ) ;
#4442 = DIRECTION ( 'NONE',  ( -0.5264892686465408866, -0.8501817746811740628, 0.000000000000000000 ) ) ;
#4443 = CARTESIAN_POINT ( 'NONE',  ( -0.2033924773505342565, 4.213449858298936590, 2.899999999999981704 ) ) ;
#4444 = ORIENTED_EDGE ( 'NONE', *, *, #90, .T. ) ;
#4445 = ORIENTED_EDGE ( 'NONE', *, *, #16, .F. ) ;
#4446 = EDGE_CURVE ( 'NONE', #3926, #1240, #314, .T. ) ;
#4447 = ADVANCED_FACE ( 'NONE', ( #2315 ), #464, .F. ) ;
#4448 = EDGE_CURVE ( 'NONE', #2701, #867, #4253, .T. ) ;
#4449 = VERTEX_POINT ( 'NONE', #4637 ) ;
#4450 = FACE_OUTER_BOUND ( 'NONE', #988, .T. ) ;
#4451 = LINE ( 'NONE', #3341, #2293 ) ;
#4452 = FACE_OUTER_BOUND ( 'NONE', #3878, .T. ) ;
#4453 = CARTESIAN_POINT ( 'NONE',  ( -2.034406500343347357, -1.592356515289789609, 4.500000000000005329 ) ) ;
#4454 = DIRECTION ( 'NONE',  ( -0.8501817746811738408, 0.5264892686465409977, 6.304819211771186701E-15 ) ) ;
#4455 =( LENGTH_UNIT ( ) NAMED_UNIT ( * ) SI_UNIT ( .MILLI., .METRE. ) );
#4456 = ORIENTED_EDGE ( 'NONE', *, *, #3623, .F. ) ;
#4457 = PLANE ( 'NONE',  #4081 ) ;
#4458 = DIRECTION ( 'NONE',  ( -5.384870790011338426E-15, 3.324886662288880001E-15, -1.000000000000000000 ) ) ;
#4459 = VECTOR ( 'NONE', #622, 1000.000000000000000 ) ;
#4460 = ORIENTED_EDGE ( 'NONE', *, *, #1759, .T. ) ;
#4461 = AXIS2_PLACEMENT_3D ( 'NONE', #2507, #4865, #366 ) ;
#4462 = ORIENTED_EDGE ( 'NONE', *, *, #3100, .T. ) ;
#4463 = FACE_OUTER_BOUND ( 'NONE', #2032, .T. ) ;
#4464 = DIRECTION ( 'NONE',  ( -5.377642775528101204E-15, 3.295974604355933085E-15, -1.000000000000000000 ) ) ;
#4465 = FACE_OUTER_BOUND ( 'NONE', #2559, .T. ) ;
#4466 = EDGE_LOOP ( 'NONE', ( #3899, #1711, #4386, #1051 ) ) ;
#4467 = ORIENTED_EDGE ( 'NONE', *, *, #4535, .T. ) ;
#4468 = LINE ( 'NONE', #602, #1644 ) ;
#4469 = PLANE ( 'NONE',  #944 ) ;
#4470 = ORIENTED_EDGE ( 'NONE', *, *, #4324, .T. ) ;
#4471 = ORIENTED_EDGE ( 'NONE', *, *, #4630, .F. ) ;
#4472 = AXIS2_PLACEMENT_3D ( 'NONE', #4010, #4332, #1719 ) ;
#4473 = AXIS2_PLACEMENT_3D ( 'NONE', #3918, #524, #1211 ) ;
#4474 = ORIENTED_EDGE ( 'NONE', *, *, #3911, .T. ) ;
#4475 = CARTESIAN_POINT ( 'NONE',  ( 1.262673961550923707, 11.42638000858817549, 2.899999999999944844 ) ) ;
#4476 = DIRECTION ( 'NONE',  ( 1.000000000000000000, 0.000000000000000000, -5.204170427930421283E-15 ) ) ;
#4477 = CARTESIAN_POINT ( 'NONE',  ( -8.714893725969814042, -12.38009488613780285, 0.9999999999993232080 ) ) ;
#4478 = ADVANCED_FACE ( 'NONE', ( #3459 ), #1542, .F. ) ;
#4479 = CARTESIAN_POINT ( 'NONE',  ( 0.6389903524838749238, 5.573740697788614362, 12.00000000000001776 ) ) ;
#4480 = ADVANCED_FACE ( 'NONE', ( #113 ), #1082, .T. ) ;
#4481 = DIRECTION ( 'NONE',  ( -0.5264892686465415528, -0.8501817746811736187, -0.000000000000000000 ) ) ;
#4482 = DIRECTION ( 'NONE',  ( -0.5264892686465411087, -0.8501817746811739518, -2.210443882994788087E-14 ) ) ;
#4483 = DIRECTION ( 'NONE',  ( 0.5264892686465404426, 0.8501817746811741738, -2.168404344971008128E-16 ) ) ;
#4484 = DIRECTION ( 'NONE',  ( -6.147034119175160791E-15, -2.190152064804674809E-14, 1.000000000000000000 ) ) ;
#4485 = EDGE_CURVE ( 'NONE', #275, #3554, #4112, .T. ) ;
#4486 = ADVANCED_FACE ( 'NONE', ( #4231 ), #4278, .F. ) ;
#4487 = EDGE_LOOP ( 'NONE', ( #961, #1157, #4012, #3912 ) ) ;
#4488 = EDGE_CURVE ( 'NONE', #2635, #1379, #2291, .T. ) ;
#4489 = DIRECTION ( 'NONE',  ( 0.8501817746811739518, -0.5264892686465409977, -6.304819211771186701E-15 ) ) ;
#4490 = CARTESIAN_POINT ( 'NONE',  ( -9.333109972413451416, -18.12683345369914534, 9.999999999999310774 ) ) ;
#4491 = ORIENTED_EDGE ( 'NONE', *, *, #4181, .F. ) ;
#4492 = EDGE_LOOP ( 'NONE', ( #4470, #1613, #888, #4055 ) ) ;
#4493 = LINE ( 'NONE', #335, #3796 ) ;
#4494 = CARTESIAN_POINT ( 'NONE',  ( -3.087385037636405816, -3.292720064652153056, 8.999999999999326761 ) ) ;
#4495 = AXIS2_PLACEMENT_3D ( 'NONE', #2168, #4867, #2987 ) ;
#4496 = ORIENTED_EDGE ( 'NONE', *, *, #1738, .T. ) ;
#4497 = EDGE_LOOP ( 'NONE', ( #4460, #1195, #2387 ) ) ;
#4498 = ORIENTED_EDGE ( 'NONE', *, *, #898, .F. ) ;
#4499 = PLANE ( 'NONE',  #436 ) ;
#4500 = DIRECTION ( 'NONE',  ( -0.8501817746811736187, 0.5264892686465417748, 6.068454779668997275E-15 ) ) ;
#4501 = FACE_OUTER_BOUND ( 'NONE', #680, .T. ) ;
#4502 = CARTESIAN_POINT ( 'NONE',  ( -0.8683311644742943702, -1.608736719127728199, 6.999999999999846345 ) ) ;
#4503 = AXIS2_PLACEMENT_3D ( 'NONE', #4268, #2777, #3125 ) ;
#4504 = CARTESIAN_POINT ( 'NONE',  ( -0.8548592206691750794, 4.616881523681253263, 5.399999999999866240 ) ) ;
#4505 = ADVANCED_FACE ( 'NONE', ( #2762 ), #2192, .F. ) ;
#4506 = VERTEX_POINT ( 'NONE', #3179 ) ;
#4507 = AXIS2_PLACEMENT_3D ( 'NONE', #3973, #2011, #507 ) ;
#4508 = AXIS2_PLACEMENT_3D ( 'NONE', #3313, #3656, #1389 ) ;
#4509 = CARTESIAN_POINT ( 'NONE',  ( 6.541742129324656929, -22.92930923199244475, 2.975038107135967724 ) ) ;
#4510 = LINE ( 'NONE', #4824, #922 ) ;
#4511 = EDGE_CURVE ( 'NONE', #4638, #945, #2385, .T. ) ;
#4512 = ORIENTED_EDGE ( 'NONE', *, *, #2153, .F. ) ;
#4513 = CARTESIAN_POINT ( 'NONE',  ( -12.71433970902137744, -20.73782664945403553, 9.999999999999319655 ) ) ;
#4514 = DIRECTION ( 'NONE',  ( -6.277507446913876925E-15, -2.211221068853061198E-14, 1.000000000000000000 ) ) ;
#4515 = CARTESIAN_POINT ( 'NONE',  ( -0.4863167326165431792, 5.212008765957894418, 11.09999999999998543 ) ) ;
#4516 = LINE ( 'NONE', #2880, #987 ) ;
#4517 = ORIENTED_EDGE ( 'NONE', *, *, #1968, .T. ) ;
#4518 = ORIENTED_EDGE ( 'NONE', *, *, #150, .F. ) ;
#4519 = CARTESIAN_POINT ( 'NONE',  ( -8.917690488581712316, -14.60694770414669819, 2.499999999999317879 ) ) ;
#4520 = VERTEX_POINT ( 'NONE', #4316 ) ;
#4521 = VERTEX_POINT ( 'NONE', #599 ) ;
#4522 = ORIENTED_EDGE ( 'NONE', *, *, #4156, .T. ) ;
#4523 = DIRECTION ( 'NONE',  ( -0.5264892686465441063, -0.8501817746811719534, 1.129958009204315258E-14 ) ) ;
#4524 = DIRECTION ( 'NONE',  ( -7.913465691516900999E-15, 3.090020790458122770E-14, -1.000000000000000000 ) ) ;
#4525 = DIRECTION ( 'NONE',  ( -0.5264892686465441063, -0.8501817746811719534, 1.129958009204315258E-14 ) ) ;
#4526 = CARTESIAN_POINT ( 'NONE',  ( -3.584634312257145350, -24.03911115223381856, 8.749999999999259259 ) ) ;
#4527 = VERTEX_POINT ( 'NONE', #3200 ) ;
#4528 = CARTESIAN_POINT ( 'NONE',  ( -4.505990532388580938, -25.52692925792587175, 10.99999999999926104 ) ) ;
#4529 = CIRCLE ( 'NONE', #1749, 0.5000000000000028866 ) ;
#4530 = DIRECTION ( 'NONE',  ( -0.5264892686465409977, -0.8501817746811739518, -2.097206842610695122E-16 ) ) ;
#4531 = CARTESIAN_POINT ( 'NONE',  ( -5.537515922203836816, -19.59515419727443586, 11.99999999999928590 ) ) ;
#4532 = VERTEX_POINT ( 'NONE', #3923 ) ;
#4533 = CARTESIAN_POINT ( 'NONE',  ( -0.9814279630502302787, 0.1080070340725363814, 10.99999999999932676 ) ) ;
#4534 = DIRECTION ( 'NONE',  ( -0.8501817746811739518, 0.5264892686465411087, 6.381590766241915839E-15 ) ) ;
#4535 = EDGE_CURVE ( 'NONE', #3975, #2448, #2058, .T. ) ;
#4536 = CARTESIAN_POINT ( 'NONE',  ( -8.295729324813811090, -12.65290968806398730, 8.999999999999321432 ) ) ;
#4537 = ADVANCED_FACE ( 'NONE', ( #2030 ), #3225, .F. ) ;
#4538 = CARTESIAN_POINT ( 'NONE',  ( -3.099095553205200027, -26.10411771722538887, 8.749999999999252154 ) ) ;
#4539 = VECTOR ( 'NONE', #999, 1000.000000000000000 ) ;
#4540 = ADVANCED_FACE ( 'NONE', ( #4661 ), #1727, .F. ) ;
#4541 = EDGE_LOOP ( 'NONE', ( #3745, #4861, #4789, #1380 ) ) ;
#4542 = ORIENTED_EDGE ( 'NONE', *, *, #3382, .T. ) ;
#4543 = DIRECTION ( 'NONE',  ( -0.8501817746811739518, 0.5264892686465411087, 6.381590766241915839E-15 ) ) ;
#4544 = ORIENTED_EDGE ( 'NONE', *, *, #1023, .T. ) ;
#4545 = VERTEX_POINT ( 'NONE', #3552 ) ;
#4546 = ADVANCED_FACE ( 'NONE', ( #160 ), #3948, .F. ) ;
#4547 = LINE ( 'NONE', #3886, #664 ) ;
#4548 = EDGE_LOOP ( 'NONE', ( #3456, #2571, #2876, #3403 ) ) ;
#4549 = CARTESIAN_POINT ( 'NONE',  ( -0.6772328191324153979, 3.448286261085899973, 1.999999999999961364 ) ) ;
#4550 = DIRECTION ( 'NONE',  ( 1.155517078406525133E-14, 6.135048800370660878E-15, 1.000000000000000000 ) ) ;
#4551 = CARTESIAN_POINT ( 'NONE',  ( -9.348707862106886424, -14.35327323742633965, 9.999999999999319655 ) ) ;
#4552 = ORIENTED_EDGE ( 'NONE', *, *, #4448, .F. ) ;
#4553 = DIRECTION ( 'NONE',  ( 0.8501817746811736187, -0.5264892686465417748, -6.068454779668997275E-15 ) ) ;
#4554 = AXIS2_PLACEMENT_3D ( 'NONE', #25, #3379, #4073 ) ;
#4555 = CIRCLE ( 'NONE', #3526, 0.5000000000000033307 ) ;
#4556 = CARTESIAN_POINT ( 'NONE',  ( -0.8683311644742849333, -1.608736719127695114, 5.499999999999847233 ) ) ;
#4557 = EDGE_CURVE ( 'NONE', #3045, #3227, #3525, .T. ) ;
#4558 = DIRECTION ( 'NONE',  ( 0.5264892686465411087, 0.8501817746811739518, 2.210443882994788087E-14 ) ) ;
#4559 = LINE ( 'NONE', #2552, #4088 ) ;
#4560 = CYLINDRICAL_SURFACE ( 'NONE', #3773, 1.500000000000001110 ) ;
#4561 = ORIENTED_EDGE ( 'NONE', *, *, #294, .F. ) ;
#4562 = ORIENTED_EDGE ( 'NONE', *, *, #4036, .T. ) ;
#4563 = EDGE_LOOP ( 'NONE', ( #1146, #4274, #1525, #1752 ) ) ;
#4564 = CARTESIAN_POINT ( 'NONE',  ( -3.087385037636392493, -3.292720064652161494, 11.49999999999932676 ) ) ;
#4565 = LINE ( 'NONE', #1169, #3481 ) ;
#4566 = VERTEX_POINT ( 'NONE', #2098 ) ;
#4567 = EDGE_CURVE ( 'NONE', #4566, #3222, #2765, .T. ) ;
#4568 = LINE ( 'NONE', #1129, #3438 ) ;
#4569 = ORIENTED_EDGE ( 'NONE', *, *, #120, .T. ) ;
#4570 = AXIS2_PLACEMENT_3D ( 'NONE', #1909, #2279, #3801 ) ;
#4571 = CARTESIAN_POINT ( 'NONE',  ( 0.6224354592286804877, -28.40873797530667133, 6.999999999999221956 ) ) ;
#4572 = DIRECTION ( 'NONE',  ( -0.8501817746811739518, 0.5264892686465411087, 6.192484721010705882E-15 ) ) ;
#4573 = AXIS2_PLACEMENT_3D ( 'NONE', #901, #3982, #536 ) ;
#4574 = AXIS2_PLACEMENT_3D ( 'NONE', #2539, #2140, #1364 ) ;
#4575 = VECTOR ( 'NONE', #308, 1000.000000000000114 ) ;
#4576 = LINE ( 'NONE', #1183, #3704 ) ;
#4577 = EDGE_LOOP ( 'NONE', ( #2534, #99, #4542, #4552 ) ) ;
#4578 = DIRECTION ( 'NONE',  ( 0.5264892686465409977, 0.8501817746811739518, -4.341082925631183184E-16 ) ) ;
#4579 = CARTESIAN_POINT ( 'NONE',  ( -0.8374712326468575219, 6.705476247945960644, 8.599999999999996092 ) ) ;
#4580 = LINE ( 'NONE', #1189, #2602 ) ;
#4581 = AXIS2_PLACEMENT_3D ( 'NONE', #3751, #1457, #3646 ) ;
#4582 = CIRCLE ( 'NONE', #939, 1.500000000000001110 ) ;
#4583 = EDGE_CURVE ( 'NONE', #4639, #628, #1634, .T. ) ;
#4584 = CIRCLE ( 'NONE', #2373, 0.4999999999999990008 ) ;
#4585 = DIRECTION ( 'NONE',  ( -0.5264892686465411087, -0.8501817746811739518, -2.210443882994788087E-14 ) ) ;
#4586 = FACE_OUTER_BOUND ( 'NONE', #4617, .T. ) ;
#4587 = CARTESIAN_POINT ( 'NONE',  ( -0.2033924773505385863, 4.213449858298920603, 3.599999999999981881 ) ) ;
#4588 = VECTOR ( 'NONE', #2934, 999.9999999999998863 ) ;
#4589 = ORIENTED_EDGE ( 'NONE', *, *, #2933, .T. ) ;
#4590 = ORIENTED_EDGE ( 'NONE', *, *, #1480, .T. ) ;
#4591 = EDGE_LOOP ( 'NONE', ( #3110, #3628, #356, #608 ) ) ;
#4592 = CARTESIAN_POINT ( 'NONE',  ( -3.087385037636440455, -3.292720064652131740, 2.500000000000006217 ) ) ;
#4593 = DIRECTION ( 'NONE',  ( 6.277507446913874559E-15, 2.211221068853061198E-14, -1.000000000000000000 ) ) ;
#4594 = CARTESIAN_POINT ( 'NONE',  ( -9.153376316461033113, -5.680603931427863351, 5.098297620505067407 ) ) ;
#4595 = EDGE_LOOP ( 'NONE', ( #4294, #3008, #3196, #1817 ) ) ;
#4596 = EDGE_CURVE ( 'NONE', #2603, #234, #1265, .T. ) ;
#4597 = CARTESIAN_POINT ( 'NONE',  ( -1.034088988213642812, -25.61857895817343334, 5.249999999999241496 ) ) ;
#4598 = DIRECTION ( 'NONE',  ( -0.8501817746811738408, 0.5264892686465411087, 6.304819211771185913E-15 ) ) ;
#4599 = FACE_OUTER_BOUND ( 'NONE', #775, .T. ) ;
#4600 = PLANE ( 'NONE',  #3268 ) ;
#4601 = ADVANCED_FACE ( 'NONE', ( #2078 ), #4702, .F. ) ;
#4602 = EDGE_CURVE ( 'NONE', #1385, #2982, #625, .T. ) ;
#4603 = EDGE_CURVE ( 'NONE', #3309, #4718, #4297, .T. ) ;
#4604 = FACE_BOUND ( 'NONE', #2923, .T. ) ;
#4605 = CARTESIAN_POINT ( 'NONE',  ( 0.1651500107019976404, 4.808577100575592844, 10.39999999999999680 ) ) ;
#4606 = FACE_OUTER_BOUND ( 'NONE', #2529, .T. ) ;
#4607 = AXIS2_PLACEMENT_3D ( 'NONE', #1645, #40, #855 ) ;
#4608 = DIRECTION ( 'NONE',  ( -0.5264892686465408866, -0.8501817746811740628, 0.000000000000000000 ) ) ;
#4609 = CARTESIAN_POINT ( 'NONE',  ( -8.827808427097430410, -6.104559607894840312, 5.098297620505063854 ) ) ;
#4610 = EDGE_LOOP ( 'NONE', ( #3094, #1610 ) ) ;
#4611 = ORIENTED_EDGE ( 'NONE', *, *, #1597, .T. ) ;
#4612 = DIRECTION ( 'NONE',  ( 0.1868839554937571923, -0.7948213974508179236, -0.5773502691896283956 ) ) ;
#4613 = ORIENTED_EDGE ( 'NONE', *, *, #2866, .F. ) ;
#4614 = EDGE_CURVE ( 'NONE', #3182, #1062, #2426, .T. ) ;
#4615 = VECTOR ( 'NONE', #2014, 1000.000000000000000 ) ;
#4616 = LINE ( 'NONE', #1923, #1286 ) ;
#4617 = EDGE_LOOP ( 'NONE', ( #4286, #2282, #991, #4259 ) ) ;
#4618 = CARTESIAN_POINT ( 'NONE',  ( -2.237203262955266503, -3.819209333298672515, 2.499999999999999556 ) ) ;
#4619 = FACE_OUTER_BOUND ( 'NONE', #2075, .T. ) ;
#4620 = FACE_OUTER_BOUND ( 'NONE', #1283, .T. ) ;
#4621 = VECTOR ( 'NONE', #1626, 1000.000000000000114 ) ;
#4622 = EDGE_LOOP ( 'NONE', ( #2822, #3673, #2471, #2458, #1560, #3201, #1050 ) ) ;
#4623 = CARTESIAN_POINT ( 'NONE',  ( -9.348707862106865107, -14.35327323742633432, 12.49999999999932498 ) ) ;
#4624 = EDGE_CURVE ( 'NONE', #2638, #4521, #3618, .T. ) ;
#4625 = FACE_OUTER_BOUND ( 'NONE', #1703, .T. ) ;
#4626 = EDGE_CURVE ( 'NONE', #3337, #1990, #3578, .T. ) ;
#4627 = CARTESIAN_POINT ( 'NONE',  ( 0.08483975836218962674, 6.134319756967196113, 2.899999999999961275 ) ) ;
#4628 = LINE ( 'NONE', #48, #4364 ) ;
#4629 = AXIS2_PLACEMENT_3D ( 'NONE', #3521, #1192, #1585 ) ;
#4630 = EDGE_CURVE ( 'NONE', #4887, #2219, #1354, .T. ) ;
#4631 = DIRECTION ( 'NONE',  ( 0.5264892686465415528, 0.8501817746811735077, 3.154042683594185260E-16 ) ) ;
#4632 = CARTESIAN_POINT ( 'NONE',  ( -3.877118940606217201, -4.567992726673912429, 8.999999999999326761 ) ) ;
#4633 = ORIENTED_EDGE ( 'NONE', *, *, #2640, .T. ) ;
#4634 = ORIENTED_EDGE ( 'NONE', *, *, #1874, .F. ) ;
#4635 = EDGE_LOOP ( 'NONE', ( #672, #506, #3275, #2154 ) ) ;
#4636 = EDGE_CURVE ( 'NONE', #1028, #4672, #2927, .T. ) ;
#4637 = CARTESIAN_POINT ( 'NONE',  ( -4.343160337541372762, -7.219936432023399853, 12.99999999999933031 ) ) ;
#4638 = VERTEX_POINT ( 'NONE', #1777 ) ;
#4639 = VERTEX_POINT ( 'NONE', #673 ) ;
#4640 = LINE ( 'NONE', #165, #1850 ) ;
#4641 = LINE ( 'NONE', #511, #316 ) ;
#4642 = CARTESIAN_POINT ( 'NONE',  ( -7.004846674799957817, 8.425364007471156214, 7.900000000000032330 ) ) ;
#4643 = ORIENTED_EDGE ( 'NONE', *, *, #2411, .F. ) ;
#4644 = CARTESIAN_POINT ( 'NONE',  ( 1.262673961550931478, 11.42638000858817904, 3.599999999999945022 ) ) ;
#4645 = VECTOR ( 'NONE', #1787, 1000.000000000000000 ) ;
#4646 = CARTESIAN_POINT ( 'NONE',  ( -1.432598474923690413, 7.074018735998587992, 2.900000000000002576 ) ) ;
#4647 = DIRECTION ( 'NONE',  ( -6.277507446913876925E-15, -2.211221068853061198E-14, 1.000000000000000000 ) ) ;
#4648 = VECTOR ( 'NONE', #4011, 1000.000000000000114 ) ;
#4649 = DIRECTION ( 'NONE',  ( 0.5264892686465411087, 0.8501817746811739518, 2.210443882994788087E-14 ) ) ;
#4650 = AXIS2_PLACEMENT_3D ( 'NONE', #4667, #3210, #2744 ) ;
#4651 = EDGE_CURVE ( 'NONE', #3599, #2537, #331, .T. ) ;
#4652 = PLANE ( 'NONE',  #1325 ) ;
#4653 = LINE ( 'NONE', #4249, #2573 ) ;
#4654 = AXIS2_PLACEMENT_3D ( 'NONE', #2621, #2543, #2225 ) ;
#4655 = ADVANCED_FACE ( 'NONE', ( #2128 ), #4770, .F. ) ;
#4656 = ORIENTED_EDGE ( 'NONE', *, *, #3224, .T. ) ;
#4657 = VECTOR ( 'NONE', #1306, 999.9999999999998863 ) ;
#4658 = EDGE_LOOP ( 'NONE', ( #438, #2146, #4847, #35 ) ) ;
#4659 = CIRCLE ( 'NONE', #3639, 1.084839758362241557 ) ;
#4660 = ORIENTED_EDGE ( 'NONE', *, *, #2811, .F. ) ;
#4661 = FACE_OUTER_BOUND ( 'NONE', #2061, .T. ) ;
#4662 = VECTOR ( 'NONE', #1049, 999.9999999999998863 ) ;
#4663 = ORIENTED_EDGE ( 'NONE', *, *, #3460, .F. ) ;
#4664 = ORIENTED_EDGE ( 'NONE', *, *, #1748, .F. ) ;
#4665 = CARTESIAN_POINT ( 'NONE',  ( 2.465147899491606065, -25.43310176392258271, 12.49999999999922373 ) ) ;
#4666 = CARTESIAN_POINT ( 'NONE',  ( -0.8548592206691827400, 4.616881523681305666, 3.599999999999969003 ) ) ;
#4667 = CARTESIAN_POINT ( 'NONE',  ( -12.45109507469808818, -20.31273576211344789, 12.49999999999932143 ) ) ;
#4668 = DIRECTION ( 'NONE',  ( -0.8501817746811739518, 0.5264892686465411087, 6.304819211771187490E-15 ) ) ;
#4669 = CARTESIAN_POINT ( 'NONE',  ( -6.636304186747378431, 9.020491249747978557, 7.900000000000047429 ) ) ;
#4670 = DIRECTION ( 'NONE',  ( -0.5264892686465412197, -0.8501817746811738408, 0.000000000000000000 ) ) ;
#4671 = LINE ( 'NONE', #3471, #106 ) ;
#4672 = VERTEX_POINT ( 'NONE', #1486 ) ;
#4673 = CIRCLE ( 'NONE', #3577, 0.4999999999999990008 ) ;
#4674 = LINE ( 'NONE', #4329, #4752 ) ;
#4675 = CARTESIAN_POINT ( 'NONE',  ( -0.6772328191324776814, 3.448286261085679261, 11.99999999999996270 ) ) ;
#4676 = CARTESIAN_POINT ( 'NONE',  ( -11.13487190308173602, -18.18728132541051679, 12.49999999999932143 ) ) ;
#4677 = DIRECTION ( 'NONE',  ( 5.377642775528101204E-15, -3.469446951953613794E-15, 1.000000000000000000 ) ) ;
#4678 = VERTEX_POINT ( 'NONE', #2582 ) ;
#4679 = EDGE_LOOP ( 'NONE', ( #4405, #1917, #890, #4656 ) ) ;
#4680 = EDGE_CURVE ( 'NONE', #895, #3781, #698, .T. ) ;
#4681 = EDGE_CURVE ( 'NONE', #1631, #2318, #1649, .T. ) ;
#4682 = EDGE_CURVE ( 'NONE', #2100, #4172, #250, .T. ) ;
#4683 = CARTESIAN_POINT ( 'NONE',  ( -0.1312461883690909936, -0.4184822345739831473, 4.500000000000000000 ) ) ;
#4684 = ORIENTED_EDGE ( 'NONE', *, *, #3269, .F. ) ;
#4685 = ORIENTED_EDGE ( 'NONE', *, *, #856, .F. ) ;
#4686 = CARTESIAN_POINT ( 'NONE',  ( -9.767872263262885824, -14.08045843550015697, 2.499999999999324540 ) ) ;
#4687 = DIRECTION ( 'NONE',  ( 0.8501817746811739518, -0.5264892686465411087, -6.304819211771186701E-15 ) ) ;
#4688 = CARTESIAN_POINT ( 'NONE',  ( -11.06856877358605651, -8.583344429792171937, 0.1000000000000321049 ) ) ;
#4689 = VECTOR ( 'NONE', #249, 999.9999999999998863 ) ;
#4690 = AXIS2_PLACEMENT_3D ( 'NONE', #3417, #783, #36 ) ;
#4691 = EDGE_CURVE ( 'NONE', #4886, #3834, #4384, .T. ) ;
#4692 = ORIENTED_EDGE ( 'NONE', *, *, #2630, .F. ) ;
#4693 = DIRECTION ( 'NONE',  ( 0.8501817746811739518, -0.5264892686465409977, 0.000000000000000000 ) ) ;
#4694 = LINE ( 'NONE', #3515, #4802 ) ;
#4695 = CARTESIAN_POINT ( 'NONE',  ( -2.237203262955231864, -3.819209333298694276, 8.999999999999319655 ) ) ;
#4696 = CARTESIAN_POINT ( 'NONE',  ( 1.857801203827750713, 11.05783752053559787, 3.599999999999940581 ) ) ;
#4697 = CARTESIAN_POINT ( 'NONE',  ( -9.859599241059994412, -18.97701522838032417, 9.999999999999310774 ) ) ;
#4698 = PLANE ( 'NONE',  #1005 ) ;
#4699 = ORIENTED_EDGE ( 'NONE', *, *, #2216, .F. ) ;
#4700 = CIRCLE ( 'NONE', #2808, 1.500000000000001110 ) ;
#4701 = ORIENTED_EDGE ( 'NONE', *, *, #3180, .F. ) ;
#4702 = PLANE ( 'NONE',  #3242 ) ;
#4703 = VERTEX_POINT ( 'NONE', #3298 ) ;
#4704 = ORIENTED_EDGE ( 'NONE', *, *, #2518, .T. ) ;
#4705 = LINE ( 'NONE', #947, #1400 ) ;
#4706 = CARTESIAN_POINT ( 'NONE',  ( -0.8374712326468503054, 6.705476247945949986, 10.39999999999991331 ) ) ;
#4707 = FACE_OUTER_BOUND ( 'NONE', #494, .T. ) ;
#4708 = VERTEX_POINT ( 'NONE', #1095 ) ;
#4709 = LINE ( 'NONE', #4736, #4014 ) ;
#4710 = DIRECTION ( 'NONE',  ( 1.000000000000000000, 0.000000000000000000, -5.425512162932546718E-15 ) ) ;
#4711 = DIRECTION ( 'NONE',  ( -6.277507446913876925E-15, -2.211221068853061198E-14, 1.000000000000000000 ) ) ;
#4712 = FACE_OUTER_BOUND ( 'NONE', #2853, .T. ) ;
#4713 = FACE_OUTER_BOUND ( 'NONE', #3969, .T. ) ;
#4714 = VECTOR ( 'NONE', #4484, 1000.000000000000000 ) ;
#4715 = PLANE ( 'NONE',  #1718 ) ;
#4716 = DIRECTION ( 'NONE',  ( -0.5264892686465412197, -0.8501817746811738408, 0.000000000000000000 ) ) ;
#4717 = VECTOR ( 'NONE', #1670, 1000.000000000000000 ) ;
#4718 = VERTEX_POINT ( 'NONE', #2495 ) ;
#4719 = ADVANCED_FACE ( 'NONE', ( #4127 ), #4047, .F. ) ;
#4720 = CIRCLE ( 'NONE', #540, 1.500000000000001110 ) ;
#4721 = ORIENTED_EDGE ( 'NONE', *, *, #1480, .F. ) ;
#4722 = CLOSED_SHELL ( 'NONE', ( #1485, #4323, #1723, #1144, #3207, #2252, #2628, #1652, #4210, #1627, #2470, #671, #782, #2301, #2802, #1229, #2977, #4480 ) ) ;
#4723 = DIRECTION ( 'NONE',  ( -0.8501817746811739518, 0.5264892686465411087, 6.304819211771187490E-15 ) ) ;
#4724 = VECTOR ( 'NONE', #3219, 1000.000000000000000 ) ;
#4725 = ORIENTED_EDGE ( 'NONE', *, *, #1847, .T. ) ;
#4726 = VERTEX_POINT ( 'NONE', #1430 ) ;
#4727 = AXIS2_PLACEMENT_3D ( 'NONE', #2823, #4723, #943 ) ;
#4728 = DIRECTION ( 'NONE',  ( -7.750374031843503859E-15, 3.116357045518606228E-14, -1.000000000000000000 ) ) ;
#4729 = VECTOR ( 'NONE', #3407, 1000.000000000000000 ) ;
#4730 = VECTOR ( 'NONE', #3865, 1000.000000000000000 ) ;
#4731 = CARTESIAN_POINT ( 'NONE',  ( -7.004846674799961370, 8.425364007471140226, 8.600000000000031619 ) ) ;
#4732 = CARTESIAN_POINT ( 'NONE',  ( -9.348707862106905964, -14.35327323742632899, 6.499999999999320544 ) ) ;
#4733 = ORIENTED_EDGE ( 'NONE', *, *, #1640, .F. ) ;
#4734 = ORIENTED_EDGE ( 'NONE', *, *, #429, .F. ) ;
#4735 = EDGE_LOOP ( 'NONE', ( #2709, #3432, #4779, #963 ) ) ;
#4736 = CARTESIAN_POINT ( 'NONE',  ( -0.8548592206691352224, 4.616881523681098720, 10.39999999999986358 ) ) ;
#4737 = CARTESIAN_POINT ( 'NONE',  ( -2.034406500343312718, -1.592356515289811814, 10.99999999999932676 ) ) ;
#4738 = EDGE_CURVE ( 'NONE', #3846, #693, #2605, .T. ) ;
#4739 = CARTESIAN_POINT ( 'NONE',  ( 0.1651500107020132391, 4.808577100575647023, 7.899999999999997691 ) ) ;
#4740 = EDGE_CURVE ( 'NONE', #868, #756, #2953, .T. ) ;
#4741 = EDGE_CURVE ( 'NONE', #3834, #329, #4798, .T. ) ;
#4742 = DIRECTION ( 'NONE',  ( -0.5264892686465411087, -0.8501817746811739518, -2.210443882994788087E-14 ) ) ;
#4743 = CARTESIAN_POINT ( 'NONE',  ( -12.71433970902135968, -20.73782664945403909, 12.49999999999932143 ) ) ;
#4744 = CARTESIAN_POINT ( 'NONE',  ( -8.714893725969814042, -12.38009488613780285, 0.9999999999993232080 ) ) ;
#4745 = VERTEX_POINT ( 'NONE', #649 ) ;
#4746 = EDGE_LOOP ( 'NONE', ( #3332, #486, #2364, #1735 ) ) ;
#4747 = CARTESIAN_POINT ( 'NONE',  ( 2.817093716051537466, 4.342535703640642453, -1.320461230704683421E-16 ) ) ;
#4748 = CARTESIAN_POINT ( 'NONE',  ( -9.485920012905614485, -7.167286826246304976, 3.848297620505064298 ) ) ;
#4749 = ORIENTED_EDGE ( 'NONE', *, *, #812, .F. ) ;
#4750 = ORIENTED_EDGE ( 'NONE', *, *, #1473, .T. ) ;
#4751 = FACE_OUTER_BOUND ( 'NONE', #1773, .T. ) ;
#4752 = VECTOR ( 'NONE', #2799, 1000.000000000000000 ) ;
#4753 = LINE ( 'NONE', #4443, #791 ) ;
#4754 = CARTESIAN_POINT ( 'NONE',  ( 1.262673961550980106, 11.42638000858820568, 7.899999999999945288 ) ) ;
#4755 = ORIENTED_EDGE ( 'NONE', *, *, #3755, .F. ) ;
#4756 = ADVANCED_FACE ( 'NONE', ( #354 ), #3378, .T. ) ;
#4757 = ORIENTED_EDGE ( 'NONE', *, *, #2022, .T. ) ;
#4758 = VERTEX_POINT ( 'NONE', #2897 ) ;
#4759 = CARTESIAN_POINT ( 'NONE',  ( -13.50407361199123812, -22.01309931147574872, -6.853696498514546761E-13 ) ) ;
#4760 = EDGE_CURVE ( 'NONE', #756, #4449, #4437, .T. ) ;
#4761 = DIRECTION ( 'NONE',  ( 0.5264892686465404426, 0.8501817746811741738, -2.168404344971008128E-16 ) ) ;
#4762 = DIRECTION ( 'NONE',  ( -5.425512162932541985E-15, 3.359839055320229362E-15, -1.000000000000000000 ) ) ;
#4763 = DIRECTION ( 'NONE',  ( 0.5264892686465441063, 0.8501817746811719534, -1.129958009204315101E-14 ) ) ;
#4764 = CARTESIAN_POINT ( 'NONE',  ( 0.1651500107020452413, 4.808577100575757157, 2.899999999999996803 ) ) ;
#4765 = FACE_OUTER_BOUND ( 'NONE', #2060, .T. ) ;
#4766 = CARTESIAN_POINT ( 'NONE',  ( -2.237203262955231864, -3.819209333298694276, 8.999999999999319655 ) ) ;
#4767 = ORIENTED_EDGE ( 'NONE', *, *, #4378, .F. ) ;
#4768 = VERTEX_POINT ( 'NONE', #2551 ) ;
#4769 = ADVANCED_FACE ( 'NONE', ( #3672 ), #4072, .F. ) ;
#4770 = PLANE ( 'NONE',  #3951 ) ;
#4771 = ORIENTED_EDGE ( 'NONE', *, *, #1533, .T. ) ;
#4772 = VERTEX_POINT ( 'NONE', #3330 ) ;
#4773 = ADVANCED_FACE ( 'NONE', ( #4828 ), #3449, .T. ) ;
#4774 = CARTESIAN_POINT ( 'NONE',  ( -6.636304186747366884, 9.020491249748015861, 6.100000000000048495 ) ) ;
#4775 = AXIS2_PLACEMENT_3D ( 'NONE', #4688, #582, #1295 ) ;
#4776 = DIRECTION ( 'NONE',  ( 0.8501817746811739518, -0.5264892686465411087, -6.304819211771186701E-15 ) ) ;
#4777 = LINE ( 'NONE', #3031, #128 ) ;
#4778 = DIRECTION ( 'NONE',  ( -5.360242386507589779E-15, 3.319419655754071223E-15, -1.000000000000000000 ) ) ;
#4779 = ORIENTED_EDGE ( 'NONE', *, *, #2202, .T. ) ;
#4780 = ORIENTED_EDGE ( 'NONE', *, *, #295, .F. ) ;
#4781 = ADVANCED_FACE ( 'NONE', ( #3497 ), #378, .F. ) ;
#4782 = ORIENTED_EDGE ( 'NONE', *, *, #3971, .F. ) ;
#4783 = CARTESIAN_POINT ( 'NONE',  ( -7.870638437473235882, -12.91615432238724814, 6.499999999999316991 ) ) ;
#4784 = CARTESIAN_POINT ( 'NONE',  ( -0.1312461883690642372, -0.4184822345739998006, 9.499999999999319655 ) ) ;
#4785 = DIRECTION ( 'NONE',  ( -6.983393281675987319E-15, -1.000000000000000000, -1.599059642315789520E-14 ) ) ;
#4786 = DIRECTION ( 'NONE',  ( -0.8501817746811739518, 0.5264892686465409977, 0.000000000000000000 ) ) ;
#4787 = FACE_OUTER_BOUND ( 'NONE', #3648, .T. ) ;
#4788 = CARTESIAN_POINT ( 'NONE',  ( -9.596354606736722914, -18.55192434103973653, 9.999999999999310774 ) ) ;
#4789 = ORIENTED_EDGE ( 'NONE', *, *, #2322, .T. ) ;
#4790 = LINE ( 'NONE', #2278, #2572 ) ;
#4791 = LINE ( 'NONE', #2547, #1792 ) ;
#4792 = ADVANCED_FACE ( 'NONE', ( #3048 ), #1532, .T. ) ;
#4793 = ORIENTED_EDGE ( 'NONE', *, *, #4224, .T. ) ;
#4794 = ORIENTED_EDGE ( 'NONE', *, *, #1230, .F. ) ;
#4795 = CARTESIAN_POINT ( 'NONE',  ( -7.870638437473223448, -12.91615432238725880, 8.999999999999317879 ) ) ;
#4796 = VECTOR ( 'NONE', #3742, 999.9999999999998863 ) ;
#4797 = VECTOR ( 'NONE', #1030, 1000.000000000000000 ) ;
#4798 = LINE ( 'NONE', #1045, #1575 ) ;
#4799 = ADVANCED_FACE ( 'NONE', ( #1190 ), #3778, .F. ) ;
#4800 = EDGE_CURVE ( 'NONE', #3033, #256, #1118, .T. ) ;
#4801 = EDGE_CURVE ( 'NONE', #2244, #992, #794, .T. ) ;
#4802 = VECTOR ( 'NONE', #586, 1000.000000000000000 ) ;
#4803 = ORIENTED_EDGE ( 'NONE', *, *, #1374, .F. ) ;
#4804 = ORIENTED_EDGE ( 'NONE', *, *, #4322, .T. ) ;
#4805 = VECTOR ( 'NONE', #834, 1000.000000000000114 ) ;
#4807 = MANIFOLD_SOLID_BREP ( 'Boss-Extrude13', #474 ) ;
#4806 = LINE ( 'NONE', #4413, #4412 ) ;
#4808 = CYLINDRICAL_SURFACE ( 'NONE', #1331, 1.784839758362325002 ) ;
#4809 = ORIENTED_EDGE ( 'NONE', *, *, #3730, .F. ) ;
#4810 = AXIS2_PLACEMENT_3D ( 'NONE', #1474, #4062, #1392 ) ;
#4811 = EDGE_LOOP ( 'NONE', ( #2548, #1753, #576, #3737 ) ) ;
#4812 = AXIS2_PLACEMENT_3D ( 'NONE', #2965, #2593, #3503 ) ;
#4813 = VECTOR ( 'NONE', #3955, 999.9999999999998863 ) ;
#4814 = ORIENTED_EDGE ( 'NONE', *, *, #2127, .F. ) ;
#4815 = FACE_BOUND ( 'NONE', #946, .T. ) ;
#4816 = DIRECTION ( 'NONE',  ( -1.000000000000000000, 0.000000000000000000, 4.625929269271485322E-15 ) ) ;
#4817 = DIRECTION ( 'NONE',  ( 1.671232596756055639E-14, -1.669169295443039344E-14, 1.000000000000000000 ) ) ;
#4818 = CARTESIAN_POINT ( 'NONE',  ( -8.989654680114744778, -5.416224086230983836, 5.072257656168273066 ) ) ;
#4819 = AXIS2_PLACEMENT_3D ( 'NONE', #749, #3078, #2257 ) ;
#4820 = AXIS2_PLACEMENT_3D ( 'NONE', #612, #4817, #3587 ) ;
#4821 = PLANE ( 'NONE',  #4654 ) ;
#4822 = FACE_BOUND ( 'NONE', #63, .T. ) ;
#4823 = DIRECTION ( 'NONE',  ( 0.5264892686465414418, 0.8501817746811736187, -0.000000000000000000 ) ) ;
#4824 = CARTESIAN_POINT ( 'NONE',  ( -7.383143893060269747, -2.632072007023956495, 0.1000000000000312861 ) ) ;
#4825 = VERTEX_POINT ( 'NONE', #772 ) ;
#4826 = EDGE_LOOP ( 'NONE', ( #526, #3480, #517, #1801 ) ) ;
#4827 = CARTESIAN_POINT ( 'NONE',  ( -2.034406500343320268, -1.592356515289806929, 9.499999999999326761 ) ) ;
#4828 = FACE_OUTER_BOUND ( 'NONE', #2690, .T. ) ;
#4829 = CARTESIAN_POINT ( 'NONE',  ( -0.8374712326468594092, 6.705476247945965973, 7.899999999999997691 ) ) ;
#4830 = EDGE_LOOP ( 'NONE', ( #3056, #2155, #4873, #3667 ) ) ;
#4831 = EDGE_LOOP ( 'NONE', ( #1130, #2401, #3505, #1296 ) ) ;
#4832 = EDGE_CURVE ( 'NONE', #3620, #1361, #402, .T. ) ;
#4833 = AXIS2_PLACEMENT_3D ( 'NONE', #1188, #1933, #1580 ) ;
#4834 = DIRECTION ( 'NONE',  ( 0.8501817746811739518, -0.5264892686465411087, -6.304819211771186701E-15 ) ) ;
#4835 = EDGE_CURVE ( 'NONE', #2982, #3717, #432, .T. ) ;
#4836 = CARTESIAN_POINT ( 'NONE',  ( -7.004846674799929396, 8.425364007471250360, 3.600000000000032063 ) ) ;
#4837 = EDGE_LOOP ( 'NONE', ( #3112, #3875, #1422, #4392 ) ) ;
#4838 = EDGE_LOOP ( 'NONE', ( #1127, #2979, #690, #4054 ) ) ;
#4839 = ORIENTED_EDGE ( 'NONE', *, *, #1409, .T. ) ;
#4840 = DIRECTION ( 'NONE',  ( -0.8501817746811738408, 0.5264892686465409977, 6.381590766241915050E-15 ) ) ;
#4841 = ADVANCED_FACE ( 'NONE', ( #819 ), #3003, .T. ) ;
#4842 = DIRECTION ( 'NONE',  ( 0.5264892686465415528, 0.8501817746811735077, 0.000000000000000000 ) ) ;
#4843 = PLANE ( 'NONE',  #397 ) ;
#4844 = PLANE ( 'NONE',  #4495 ) ;
#4845 = ADVANCED_FACE ( 'NONE', ( #1209 ), #107, .F. ) ;
#4846 = CARTESIAN_POINT ( 'NONE',  ( -10.87162726875851249, -17.76219043806990072, 3.999999999999999112 ) ) ;
#4847 = ORIENTED_EDGE ( 'NONE', *, *, #2266, .T. ) ;
#4848 = CARTESIAN_POINT ( 'NONE',  ( -6.449117412127537641, -10.62066353074809655, 12.99999999999931966 ) ) ;
#4849 = DIRECTION ( 'NONE',  ( 0.8501817746811738408, -0.5264892686465409977, -6.304819211771187490E-15 ) ) ;
#4850 = VERTEX_POINT ( 'NONE', #2730 ) ;
#4851 = CIRCLE ( 'NONE', #1931, 1.084839758362199591 ) ;
#4852 = VERTEX_POINT ( 'NONE', #3829 ) ;
#4853 = CARTESIAN_POINT ( 'NONE',  ( -2.034406500343320268, -1.592356515289806929, 9.499999999999326761 ) ) ;
#4854 = CARTESIAN_POINT ( 'NONE',  ( -0.3326393255305916674, 0.2059924600093381020, 2.472642540231844858E-15 ) ) ;
#4855 = DIRECTION ( 'NONE',  ( -0.5264892686465416638, -0.8501817746811735077, 0.000000000000000000 ) ) ;
#4856 = EDGE_LOOP ( 'NONE', ( #3013, #2129, #3976, #3627 ) ) ;
#4857 = EDGE_LOOP ( 'NONE', ( #437, #3172, #1335, #1660 ) ) ;
#4858 = DIRECTION ( 'NONE',  ( 0.8501817746811739518, -0.5264892686465411087, 0.000000000000000000 ) ) ;
#4859 = DIRECTION ( 'NONE',  ( -6.983393281676522956E-15, -1.000000000000000000, -1.679012624431707880E-14 ) ) ;
#4860 = VERTEX_POINT ( 'NONE', #842 ) ;
#4861 = ORIENTED_EDGE ( 'NONE', *, *, #1763, .F. ) ;
#4862 = CIRCLE ( 'NONE', #2737, 0.5000000000000018874 ) ;
#4863 = AXIS2_PLACEMENT_3D ( 'NONE', #1026, #633, #4025 ) ;
#4864 = ORIENTED_EDGE ( 'NONE', *, *, #4832, .T. ) ;
#4865 = DIRECTION ( 'NONE',  ( 1.671232596756055639E-14, -1.669169295443039344E-14, 1.000000000000000000 ) ) ;
#4866 = CARTESIAN_POINT ( 'NONE',  ( -0.2033924773505810801, 4.213449858298770501, 10.39999999999998082 ) ) ;
#4867 = DIRECTION ( 'NONE',  ( 0.5264892686465409977, 0.8501817746811739518, 1.183893548439677056E-16 ) ) ;
#4868 = DIRECTION ( 'NONE',  ( 0.8501817746811739518, -0.5264892686465409977, -6.304819211771186701E-15 ) ) ;
#4869 = CARTESIAN_POINT ( 'NONE',  ( -2.309361650235403296, -24.82884505520361884, 5.249999999999250377 ) ) ;
#4870 = EDGE_LOOP ( 'NONE', ( #2659, #4613, #2763, #1865 ) ) ;
#4871 = CARTESIAN_POINT ( 'NONE',  ( -0.1312461883690562159, -0.4184822345740047411, 10.99999999999931966 ) ) ;
#4872 = DIRECTION ( 'NONE',  ( -0.8501817746811739518, 0.5264892686465411087, 6.381590766241915839E-15 ) ) ;
#4873 = ORIENTED_EDGE ( 'NONE', *, *, #2050, .F. ) ;
#4874 = DIRECTION ( 'NONE',  ( 5.360242386507588202E-15, -3.319419655754075562E-15, 1.000000000000000000 ) ) ;
#4875 = CARTESIAN_POINT ( 'NONE',  ( -4.073439134127764483, 2.522545242054127446, 3.701699887694606740E-14 ) ) ;
#4876 = CARTESIAN_POINT ( 'NONE',  ( -7.383143893060232443, -2.632072007023980031, 7.100000000000029843 ) ) ;
#4877 = CARTESIAN_POINT ( 'NONE',  ( 1.262673961551007862, 11.42638000858822345, 10.39999999999994351 ) ) ;
#4878 = EDGE_CURVE ( 'NONE', #682, #3620, #1936, .T. ) ;
#4879 = VERTEX_POINT ( 'NONE', #2464 ) ;
#4880 = EDGE_LOOP ( 'NONE', ( #4208, #2561, #1495, #2938 ) ) ;
#4881 = AXIS2_PLACEMENT_3D ( 'NONE', #71, #1578, #2720 ) ;
#4882 = CARTESIAN_POINT ( 'NONE',  ( -2.034406500343320268, -1.592356515289806929, 9.499999999999326761 ) ) ;
#4883 = AXIS2_PLACEMENT_3D ( 'NONE', #1113, #1399, #692 ) ;
#4884 = EDGE_LOOP ( 'NONE', ( #3922, #3366, #3434, #2826, #3081, #720 ) ) ;
#4885 = VECTOR ( 'NONE', #3929, 1000.000000000000000 ) ;
#4886 = VERTEX_POINT ( 'NONE', #3543 ) ;
#4887 = VERTEX_POINT ( 'NONE', #4675 ) ;
#4888 = CARTESIAN_POINT ( 'NONE',  ( 1.262673961550951462, 11.42638000858819325, 5.399999999999945288 ) ) ;
#4889 = PLANE ( 'NONE',  #2044 ) ;
#4890 = PLANE ( 'NONE',  #542 ) ;
#4891 = LINE ( 'NONE', #1503, #1181 ) ;
#4892 = VECTOR ( 'NONE', #2913, 1000.000000000000000 ) ;
#4893 = DIRECTION ( 'NONE',  ( -7.750374031843503859E-15, 3.116357045518606228E-14, -1.000000000000000000 ) ) ;
#4894 = ADVANCED_FACE ( 'NONE', ( #3569 ), #2752, .T. ) ;
#4895 = EDGE_CURVE ( 'NONE', #3457, #2206, #3612, .T. ) ;
#4896 = EDGE_LOOP ( 'NONE', ( #1177, #3693 ) ) ;
#4897 = APPLICATION_CONTEXT ( 'automotive_design' ) ;
#4898 = VECTOR ( 'NONE', #797, 999.9999999999998863 ) ;
#4899 = CARTESIAN_POINT ( 'NONE',  ( -9.485920012905618037, -7.167286826246303200, 3.348297620505063854 ) ) ;
#4900 = EDGE_CURVE ( 'NONE', #1677, #2382, #175, .T. ) ;
#4901 = AXIS2_PLACEMENT_3D ( 'NONE', #3435, #803, #1196 ) ;
ENDSEC;
END-ISO-10303-21;
